age,income,credit_score,loan_amount,experience_years,debt_to_income,employment_type,existing_loans,dependents,savings,property_owned,loan_approved
59,76182,464,687934,31,0.68,Salaried,1,2,720509,Yes,No
49,151873,523,915976,27,0.1,Self-Employed,1,0,632772,No,Yes
35,246953,423,235935,8,0.66,Self-Employed,4,4,499569,Yes,Yes
63,228503,643,332098,40,0.28,Contract,3,0,806981,No,Yes
28,188821,823,435468,6,0.66,Self-Employed,5,2,28811,Yes,Yes
41,222829,351,942729,19,0.47,Business,5,1,884483,No,No
59,73654,428,392355,31,0.63,Contract,0,3,179331,No,Yes
39,220646,434,899219,10,0.56,Business,3,3,767148,No,No
43,246639,426,706979,21,0.07,Contract,4,0,639426,No,Yes
31,73381,370,914853,6,0.09,Salaried,0,2,311515,No,Yes
31,76601,572,248812,8,0.39,Business,2,3,64448,Yes,Yes
44,164154,486,651518,23,0.13,Business,2,4,182894,Yes,Yes
56,163720,302,684410,34,0.35,Self-Employed,0,1,678584,No,Yes
60,18364,584,221414,36,0.67,Salaried,2,2,100581,Yes,No
44,183640,321,452589,15,0.24,Contract,3,0,547305,Yes,Yes
23,228718,465,323592,0,0.37,Contract,1,2,606970,Yes,Yes
42,220566,609,212282,18,0.3,Salaried,5,1,388635,Yes,Yes
22,223704,776,468626,2,0.46,Self-Employed,3,2,994866,Yes,Yes
44,25436,797,246119,21,0.18,Business,2,0,180352,No,Yes
64,104713,733,305984,35,0.22,Business,1,4,655605,No,Yes
50,175826,533,996532,28,0.61,Self-Employed,3,2,599571,No,No
58,78194,675,249372,37,0.58,Contract,5,0,719164,Yes,Yes
22,42544,545,879801,0,0.56,Self-Employed,2,4,759360,Yes,No
41,209252,602,245807,12,0.55,Business,3,3,125657,Yes,Yes
53,81295,704,954804,25,0.35,Salaried,2,2,855043,No,Yes
32,161710,320,323611,12,0.52,Contract,4,4,882574,Yes,Yes
42,214787,556,189271,16,0.3,Self-Employed,0,3,452001,No,Yes
64,87409,698,77095,40,0.12,Business,2,2,496189,No,Yes
45,232178,828,683003,21,0.31,Contract,5,2,146303,No,Yes
47,144839,350,279071,27,0.15,Self-Employed,3,1,269026,Yes,Yes
62,131759,746,351151,40,0.3,Salaried,5,2,781513,Yes,Yes
48,35157,569,835057,21,0.24,Contract,2,2,475166,Yes,No
36,194637,561,168562,13,0.44,Salaried,2,4,382025,Yes,Yes
35,219068,664,850049,15,0.29,Business,5,0,846246,Yes,Yes
64,83888,348,602592,40,0.51,Contract,3,1,736422,Yes,Yes
23,205167,817,146729,0,0.38,Salaried,3,2,130660,Yes,Yes
57,82947,417,236293,30,0.65,Self-Employed,1,4,505513,No,Yes
27,236194,752,782459,4,0.11,Salaried,5,4,732156,Yes,Yes
41,88880,696,121120,18,0.5,Business,5,0,423857,No,Yes
29,22507,326,648629,0,0.49,Self-Employed,2,3,519308,Yes,No
59,121134,671,927232,38,0.67,Salaried,4,2,576056,Yes,Yes
38,61988,396,124625,17,0.29,Contract,0,3,586972,Yes,Yes
24,116421,828,981143,0,0.25,Salaried,5,0,287816,No,Yes
45,165937,485,205757,18,0.16,Contract,2,4,691240,Yes,Yes
34,120591,514,570901,8,0.22,Contract,3,3,66245,Yes,Yes
29,147614,550,639704,3,0.38,Salaried,1,0,465211,Yes,Yes
46,45213,515,163792,24,0.59,Business,2,3,952048,No,No
22,205026,328,110356,1,0.23,Contract,4,4,156139,Yes,Yes
40,75450,401,323254,11,0.15,Business,3,2,228252,Yes,Yes
48,153549,422,673752,22,0.23,Contract,4,1,863045,No,Yes
27,80222,353,291549,4,0.12,Contract,4,4,806186,Yes,Yes
64,155605,582,726488,40,0.65,Salaried,5,3,842007,No,No
28,198467,416,679923,8,0.62,Contract,0,2,870643,Yes,Yes
55,172468,413,588972,32,0.25,Self-Employed,0,1,288005,Yes,Yes
34,30755,842,494371,10,0.21,Salaried,5,0,747450,Yes,Yes
37,149937,592,163102,13,0.64,Self-Employed,2,2,131207,Yes,Yes
56,160245,494,860851,36,0.05,Self-Employed,0,4,891349,No,Yes
60,207977,591,834002,38,0.44,Contract,2,3,547676,Yes,Yes
24,187169,560,706887,0,0.65,Business,2,1,582243,Yes,Yes
22,51371,506,982724,0,0.38,Salaried,5,2,828358,Yes,No
26,160326,348,466918,0,0.05,Business,3,1,583119,Yes,Yes
62,153090,305,420553,40,0.19,Salaried,3,1,233802,Yes,Yes
24,23192,678,832581,0,0.65,Self-Employed,1,2,244732,Yes,No
49,20015,693,602045,26,0.06,Contract,0,3,896426,Yes,Yes
38,126154,523,883096,10,0.31,Contract,5,0,435968,Yes,Yes
46,217988,322,259693,21,0.56,Contract,1,2,396546,Yes,Yes
64,46343,409,962658,40,0.59,Business,5,0,946978,Yes,No
54,87306,698,851637,33,0.36,Contract,4,1,702288,Yes,Yes
30,23829,471,825217,8,0.2,Contract,2,1,171603,No,No
56,52381,605,372351,35,0.44,Business,2,3,877649,No,Yes
34,129451,450,595282,5,0.22,Business,3,2,307195,Yes,Yes
51,230153,727,539697,25,0.22,Contract,4,2,502185,Yes,Yes
35,36263,766,695697,15,0.57,Contract,2,4,583728,Yes,Yes
28,202332,366,304457,0,0.15,Self-Employed,2,3,266235,No,Yes
34,192378,455,136170,13,0.05,Contract,4,2,203260,No,Yes
43,240283,505,158502,20,0.27,Business,4,1,420021,No,Yes
60,76418,454,80569,33,0.37,Salaried,2,3,366742,No,Yes
41,239970,808,932143,19,0.51,Contract,4,4,102892,Yes,Yes
36,18148,373,160702,8,0.56,Salaried,0,4,973315,No,No
65,150826,348,318770,39,0.48,Contract,4,1,441240,No,No
38,44745,766,675447,9,0.46,Contract,1,2,799900,No,No
44,90914,478,578252,22,0.48,Self-Employed,1,1,264701,Yes,Yes
46,204905,347,303695,24,0.23,Contract,2,4,613183,No,Yes
45,169212,371,424938,21,0.3,Business,2,3,219453,No,Yes
65,223979,412,330202,40,0.45,Contract,3,2,15183,No,No
61,78653,458,272374,32,0.09,Salaried,4,1,784847,No,Yes
49,241607,329,292706,25,0.24,Contract,1,2,684332,No,Yes
35,210593,396,216232,7,0.31,Business,3,3,238881,No,Yes
65,96315,550,197334,37,0.4,Contract,2,4,351661,Yes,Yes
21,49075,818,417326,0,0.37,Salaried,5,1,304601,Yes,Yes
45,179769,391,818568,19,0.52,Contract,5,4,840482,Yes,Yes
27,203616,412,543441,0,0.36,Self-Employed,0,1,680895,No,Yes
29,27795,558,799861,2,0.64,Contract,4,2,994840,No,No
44,82555,406,716244,16,0.3,Salaried,3,0,134628,Yes,Yes
21,201276,689,833821,0,0.39,Salaried,0,1,218384,No,Yes
64,218826,657,54433,37,0.05,Salaried,5,1,723463,No,Yes
28,213932,498,395891,7,0.25,Self-Employed,2,4,42985,Yes,Yes
44,121107,726,388371,15,0.61,Contract,1,0,192221,Yes,Yes
31,69529,777,867495,4,0.27,Salaried,3,0,953654,No,Yes
37,160744,802,869916,16,0.21,Self-Employed,3,0,994796,Yes,Yes
28,203310,419,923212,1,0.4,Self-Employed,2,0,834886,No,Yes
55,245650,608,664484,34,0.1,Salaried,2,3,388615,No,Yes
55,185022,837,342228,33,0.4,Business,1,2,644346,Yes,Yes
53,29009,774,688743,27,0.25,Contract,1,1,854083,No,Yes
25,196168,643,336946,0,0.3,Salaried,1,2,319055,Yes,Yes
62,168616,435,823405,40,0.56,Contract,0,2,389927,Yes,Yes
59,204800,576,288875,35,0.48,Self-Employed,0,2,167978,Yes,Yes
61,47381,832,631300,33,0.34,Contract,2,2,660985,Yes,Yes
48,145769,330,688898,22,0.43,Business,3,3,521346,Yes,Yes
27,174359,546,824252,6,0.55,Contract,0,4,261457,Yes,Yes
29,82610,710,463830,5,0.53,Salaried,2,3,314833,No,Yes
28,86122,326,513785,4,0.17,Salaried,5,1,936838,No,Yes
32,86184,372,382066,4,0.25,Salaried,5,0,516104,No,Yes
54,189153,396,258758,33,0.28,Contract,0,4,862029,No,Yes
53,232709,645,58157,33,0.17,Salaried,1,1,871180,Yes,Yes
43,194384,775,623030,20,0.06,Contract,5,0,625823,No,Yes
44,105228,599,277016,21,0.16,Contract,2,3,465819,Yes,Yes
57,90943,598,581963,37,0.58,Salaried,5,2,706871,Yes,Yes
55,231862,586,338372,26,0.4,Business,1,1,558057,Yes,Yes
64,98770,748,854683,38,0.27,Salaried,4,2,203545,No,Yes
60,70726,511,73349,39,0.45,Self-Employed,5,2,307919,No,No
42,171283,375,179417,14,0.53,Self-Employed,3,2,608582,Yes,Yes
47,178552,700,361322,21,0.28,Business,1,4,113246,Yes,Yes
55,65780,333,917794,29,0.35,Self-Employed,3,0,404223,No,No
21,206210,797,826204,1,0.09,Business,2,2,410472,No,Yes
55,239454,815,816505,27,0.44,Contract,4,1,974099,No,Yes
57,60503,627,255732,28,0.28,Self-Employed,3,4,282857,Yes,Yes
34,75893,397,187660,6,0.33,Business,5,0,558092,Yes,Yes
23,195265,665,670767,2,0.32,Salaried,0,1,949390,Yes,Yes
21,79358,762,819486,0,0.46,Self-Employed,5,4,72486,Yes,No
25,98857,327,703332,0,0.42,Self-Employed,5,4,273780,No,No
46,227254,685,137687,25,0.32,Business,2,0,330048,No,Yes
34,138457,572,702613,13,0.06,Contract,4,2,370809,Yes,Yes
59,171189,426,113196,32,0.45,Business,0,1,766483,Yes,Yes
47,208128,501,558370,25,0.62,Business,0,3,58512,Yes,Yes
29,135928,820,82400,7,0.55,Self-Employed,5,2,236240,No,Yes
35,76706,586,565593,9,0.69,Business,4,3,532918,Yes,Yes
35,219501,749,325680,6,0.14,Salaried,1,1,771218,No,Yes
46,158548,387,445916,21,0.19,Business,4,3,46079,No,Yes
62,100806,617,796970,36,0.4,Salaried,4,3,880200,No,Yes
33,73006,318,982619,8,0.2,Salaried,4,0,130122,Yes,Yes
52,105238,406,758289,24,0.07,Business,3,0,745438,No,Yes
59,218990,757,750873,38,0.31,Contract,1,0,385542,No,Yes
52,212227,610,658895,25,0.24,Salaried,2,3,658426,No,Yes
24,216393,711,612388,0,0.22,Salaried,0,3,591493,No,Yes
50,63798,797,269798,27,0.67,Salaried,5,4,917537,Yes,Yes
57,95271,543,464656,32,0.2,Contract,3,4,576420,No,Yes
43,48177,679,272688,18,0.13,Business,1,0,684359,No,Yes
59,245320,814,553679,30,0.13,Contract,4,4,608707,No,Yes
65,146022,506,607235,40,0.57,Business,5,2,44685,Yes,No
35,148156,693,385676,8,0.51,Salaried,5,4,142999,Yes,Yes
63,100215,320,290153,39,0.13,Self-Employed,3,4,711720,No,Yes
49,61013,826,392542,20,0.19,Salaried,3,2,350127,Yes,Yes
56,249973,642,109413,33,0.54,Business,0,2,347783,Yes,Yes
33,100600,501,284840,12,0.23,Contract,2,1,553813,Yes,Yes
52,114099,419,466320,23,0.69,Salaried,1,3,395009,Yes,Yes
27,71450,688,308810,7,0.4,Salaried,5,3,208439,No,Yes
42,247700,836,394985,16,0.17,Business,5,0,787555,Yes,Yes
48,197000,533,610148,19,0.61,Business,1,1,689152,No,Yes
22,140640,619,514279,0,0.26,Self-Employed,1,1,377516,Yes,Yes
62,110403,479,436534,40,0.24,Salaried,4,1,946644,No,Yes
65,194454,667,553311,40,0.26,Salaried,4,1,227250,No,Yes
26,117290,375,588015,0,0.55,Salaried,3,4,488290,Yes,No
48,234110,795,276575,26,0.16,Self-Employed,5,1,490870,No,Yes
48,149832,821,569372,27,0.3,Self-Employed,2,0,662747,No,Yes
64,42142,500,925817,39,0.07,Salaried,0,3,291760,No,No
64,128189,645,970223,35,0.59,Business,5,1,294514,Yes,Yes
40,125532,782,828161,18,0.27,Contract,0,3,114297,Yes,Yes
50,166362,518,557432,30,0.21,Salaried,2,2,873845,No,Yes
31,220107,359,425915,2,0.43,Salaried,1,0,358399,Yes,Yes
48,149436,849,718284,20,0.51,Salaried,2,2,782013,No,Yes
45,74921,520,845647,20,0.58,Business,0,1,806359,No,No
59,37797,801,295911,34,0.28,Self-Employed,4,4,694517,Yes,Yes
53,50535,432,664412,24,0.58,Contract,2,4,797102,Yes,No
21,64300,352,665114,0,0.35,Contract,3,0,209882,No,No
47,65176,749,634782,26,0.12,Self-Employed,4,1,282195,Yes,Yes
33,34105,361,753369,4,0.6,Salaried,3,1,712887,Yes,No
61,157011,322,921977,33,0.41,Salaried,3,1,547593,Yes,Yes
23,97472,343,999416,1,0.44,Contract,2,1,420820,Yes,No
59,191101,346,304200,37,0.66,Contract,3,0,707385,No,No
26,164935,323,837576,4,0.41,Salaried,5,0,540645,Yes,Yes
28,96097,388,955602,8,0.05,Business,1,0,729531,Yes,Yes
47,159519,473,480518,18,0.62,Salaried,2,4,980768,Yes,Yes
29,114160,418,700511,3,0.24,Business,0,1,685475,No,Yes
57,64940,477,916603,28,0.38,Salaried,1,2,177914,Yes,Yes
53,227019,641,280096,27,0.18,Contract,4,3,67459,Yes,Yes
62,103001,358,430061,40,0.24,Salaried,2,0,245387,No,Yes
64,168714,737,509758,39,0.5,Salaried,0,0,404443,Yes,Yes
44,245870,727,431560,21,0.33,Self-Employed,0,4,944580,Yes,Yes
35,244971,725,782386,9,0.46,Salaried,2,4,223803,No,Yes
52,216715,680,208116,26,0.59,Salaried,1,3,583328,No,Yes
52,25928,785,777995,29,0.27,Salaried,5,4,421635,No,Yes
44,66002,484,291687,22,0.42,Contract,0,0,973354,Yes,Yes
61,102853,759,692789,35,0.56,Salaried,2,1,386982,Yes,Yes
32,132614,401,50537,4,0.51,Business,2,1,274437,Yes,Yes
59,135517,314,688521,36,0.4,Business,5,4,314185,No,Yes
22,174089,350,126552,0,0.3,Salaried,3,3,741844,Yes,Yes
23,97064,608,347597,0,0.31,Contract,2,1,117002,No,Yes
57,137694,333,51980,28,0.33,Business,0,0,368640,Yes,Yes
37,162385,504,907874,15,0.28,Salaried,3,1,95687,No,Yes
22,150631,369,214379,0,0.5,Salaried,0,3,510827,No,No
22,68893,529,138966,2,0.13,Business,1,4,673140,No,Yes
48,33167,779,750204,23,0.68,Contract,1,2,593261,No,No
43,229951,832,733989,19,0.56,Contract,0,1,700092,No,Yes
57,56598,407,470991,31,0.24,Business,4,0,835244,No,No
52,156595,540,483245,24,0.08,Salaried,4,3,132253,Yes,Yes
53,67777,550,670222,30,0.51,Contract,4,1,235671,No,No
21,177511,434,767220,0,0.53,Self-Employed,0,2,849725,No,No
39,134378,389,770143,14,0.68,Salaried,2,4,690090,Yes,Yes
22,99060,739,304435,0,0.21,Contract,3,1,284310,No,Yes
64,31285,597,91988,40,0.1,Salaried,2,3,522510,No,Yes
46,160045,706,498668,26,0.64,Self-Employed,5,1,694313,No,Yes
52,140970,607,705411,25,0.22,Business,0,4,179385,Yes,Yes
26,40694,401,861250,1,0.52,Self-Employed,5,3,812845,No,No
52,184846,660,444902,26,0.09,Salaried,5,2,616928,No,Yes
24,153374,827,986709,0,0.54,Business,2,0,581653,Yes,Yes
31,171463,592,303880,2,0.13,Self-Employed,5,4,384866,No,Yes
37,22611,445,451312,11,0.5,Contract,1,1,697570,Yes,No
58,27372,703,158336,30,0.4,Self-Employed,3,2,578245,No,Yes
44,173384,301,748447,20,0.67,Salaried,0,3,193511,No,Yes
25,163152,418,435718,5,0.07,Contract,3,3,833003,No,Yes
54,98618,490,844977,34,0.24,Self-Employed,4,3,302642,Yes,Yes
26,130945,302,807354,0,0.1,Salaried,4,1,950066,Yes,Yes
42,126397,786,428521,18,0.62,Business,1,4,290580,No,Yes
31,114213,476,844916,10,0.44,Self-Employed,0,2,168565,Yes,Yes
36,38874,556,335811,14,0.4,Business,4,3,785173,Yes,No
53,211609,833,644399,33,0.14,Contract,3,0,158726,No,Yes
29,222986,776,835695,4,0.37,Business,3,4,355180,Yes,Yes
26,150669,697,573931,1,0.31,Salaried,1,2,306726,Yes,Yes
36,29600,795,660780,14,0.26,Contract,5,2,32508,Yes,Yes
49,152819,519,701288,27,0.55,Self-Employed,4,3,227402,No,No
23,97415,472,126206,0,0.09,Business,2,0,921794,Yes,Yes
40,227625,689,720997,20,0.47,Contract,4,3,422861,No,Yes
56,173887,801,525098,32,0.58,Contract,1,4,116340,Yes,Yes
39,233572,559,666764,17,0.64,Self-Employed,4,1,489775,No,No
46,112348,430,148941,22,0.53,Self-Employed,0,4,49680,No,Yes
23,123736,412,352891,0,0.23,Self-Employed,1,0,716992,No,Yes
39,42714,319,371893,14,0.44,Self-Employed,2,1,58353,Yes,No
40,167962,514,845923,12,0.14,Business,3,2,752635,Yes,Yes
52,210581,609,889532,31,0.13,Contract,4,3,789803,No,Yes
27,210896,550,173569,0,0.47,Self-Employed,5,4,783318,No,No
61,153797,787,980135,34,0.6,Contract,3,3,832692,Yes,Yes
53,192277,681,530686,32,0.09,Contract,1,4,107426,No,Yes
60,169756,708,732542,37,0.12,Salaried,3,3,229247,Yes,Yes
59,240933,570,58903,31,0.42,Salaried,5,1,302854,Yes,Yes
38,206983,706,929154,15,0.19,Self-Employed,5,3,80763,Yes,Yes
60,247150,493,369926,34,0.45,Self-Employed,5,0,939298,No,No
21,129573,740,127261,0,0.19,Salaried,5,0,751810,No,Yes
31,31092,612,914038,10,0.13,Contract,0,3,754915,Yes,No
48,113918,378,872541,21,0.4,Self-Employed,5,2,170116,No,Yes
45,188842,479,131604,16,0.61,Business,1,0,299038,No,Yes
43,43457,313,645374,14,0.5,Self-Employed,1,4,334503,No,No
51,89667,545,765796,30,0.58,Self-Employed,4,3,355960,No,No
50,108751,313,723527,28,0.22,Business,1,3,949572,No,Yes
62,80894,398,75443,33,0.63,Self-Employed,0,0,827863,No,Yes
55,79305,332,785584,29,0.3,Contract,4,2,320783,Yes,Yes
27,161684,735,493856,3,0.6,Business,0,4,25474,No,Yes
36,227699,556,165155,7,0.36,Business,2,0,984522,No,Yes
46,249711,333,180560,24,0.22,Salaried,4,0,192278,Yes,Yes
22,186161,318,547103,1,0.22,Contract,1,1,226530,No,Yes
21,244367,559,210620,0,0.42,Salaried,1,0,152683,Yes,Yes
32,70137,715,258721,3,0.1,Contract,1,4,600923,Yes,Yes
25,18559,436,898790,5,0.65,Self-Employed,2,1,662121,No,No
57,84249,658,399969,30,0.23,Salaried,0,2,857458,Yes,Yes
52,55361,415,199232,28,0.27,Self-Employed,1,2,749907,Yes,Yes
29,98720,703,935817,5,0.2,Self-Employed,5,0,236337,Yes,Yes
61,33261,501,489421,40,0.05,Salaried,3,4,460054,No,No
55,38372,675,374424,29,0.5,Salaried,5,2,517317,No,No
39,73355,549,528061,15,0.43,Self-Employed,1,4,821738,Yes,Yes
36,246748,745,348996,9,0.58,Self-Employed,4,4,561362,No,Yes
23,116560,577,357165,0,0.08,Contract,4,1,500848,Yes,Yes
40,206992,411,942364,12,0.65,Self-Employed,3,0,81819,No,No
44,181616,772,56195,20,0.27,Business,2,4,464969,No,Yes
53,18037,691,771907,31,0.64,Self-Employed,4,4,866530,Yes,No
44,192104,442,467502,23,0.12,Self-Employed,2,4,454211,No,Yes
31,227305,331,127674,7,0.53,Self-Employed,2,0,945120,Yes,Yes
28,59420,480,568412,0,0.43,Salaried,3,1,711239,No,No
56,115243,815,338863,27,0.28,Salaried,4,4,386913,Yes,Yes
58,240624,568,935008,34,0.1,Business,5,3,983570,No,Yes
60,147380,535,884882,35,0.44,Self-Employed,1,1,63343,Yes,Yes
40,52600,576,856460,19,0.07,Contract,5,0,483406,Yes,Yes
55,197357,574,590480,31,0.38,Contract,5,2,694420,Yes,Yes
45,211080,385,657924,25,0.44,Self-Employed,5,4,632232,Yes,Yes
55,107520,362,121812,33,0.53,Self-Employed,2,3,924517,No,Yes
45,23167,703,77551,23,0.69,Self-Employed,2,2,20610,Yes,Yes
49,18432,491,170920,27,0.22,Self-Employed,4,2,26242,Yes,No
38,87687,592,769671,16,0.26,Self-Employed,4,4,740183,No,No
38,89947,330,111444,11,0.27,Salaried,5,4,620767,Yes,Yes
22,114324,629,738484,2,0.53,Business,3,2,643951,Yes,No
55,68903,406,325798,30,0.66,Salaried,0,3,605204,No,Yes
36,241231,575,50203,11,0.68,Contract,5,1,960115,Yes,Yes
61,203221,381,725489,40,0.66,Salaried,5,4,641610,Yes,Yes
56,236712,363,690572,36,0.62,Salaried,0,4,28200,No,No
53,205840,428,384294,31,0.69,Business,0,0,809055,Yes,Yes
24,209256,555,818463,0,0.29,Contract,2,4,712295,No,Yes
53,83792,530,738624,28,0.67,Contract,3,0,634653,No,No
34,51439,796,980493,11,0.54,Self-Employed,0,2,715228,Yes,Yes
41,182329,436,439956,17,0.16,Business,5,3,367846,No,Yes
40,193746,754,230286,11,0.08,Salaried,4,0,76099,Yes,Yes
28,69248,654,510331,6,0.19,Salaried,5,0,897064,Yes,Yes
27,232674,784,238955,2,0.56,Salaried,2,1,549866,No,Yes
23,194443,445,496661,0,0.46,Contract,2,2,660311,Yes,Yes
37,247354,332,775772,12,0.2,Contract,5,0,431943,Yes,Yes
53,217068,559,418298,25,0.53,Salaried,4,0,398089,Yes,Yes
32,186369,386,250733,3,0.14,Contract,3,2,691169,Yes,Yes
42,203345,564,560617,15,0.58,Self-Employed,3,4,584756,Yes,Yes
42,210328,841,972832,17,0.57,Salaried,0,3,143829,No,Yes
50,52743,691,440206,29,0.68,Salaried,4,2,811157,Yes,Yes
58,217824,531,754328,35,0.15,Self-Employed,1,1,199848,No,Yes
58,97803,746,747400,33,0.64,Contract,3,1,584867,Yes,Yes
65,93117,428,371343,37,0.27,Salaried,0,3,483878,Yes,Yes
28,219123,570,893471,7,0.32,Self-Employed,2,1,32072,No,Yes
47,40076,388,913664,22,0.35,Business,3,2,213956,No,No
47,224384,765,675971,18,0.46,Self-Employed,1,4,189130,Yes,Yes
54,105483,469,625038,25,0.7,Salaried,2,1,348037,Yes,Yes
41,152035,427,66119,12,0.44,Self-Employed,2,2,290912,No,Yes
50,137217,473,336161,24,0.65,Contract,4,1,968687,No,No
53,221394,325,229852,26,0.22,Salaried,4,0,500294,Yes,Yes
48,162938,810,207276,20,0.31,Salaried,5,0,202847,No,Yes
53,122504,787,462778,29,0.38,Contract,3,4,875555,No,Yes
25,181377,705,991932,0,0.26,Contract,1,0,612370,No,Yes
39,211475,325,306599,11,0.68,Contract,4,0,804432,No,No
24,231968,382,71497,0,0.52,Business,0,1,796724,Yes,Yes
55,123649,663,315516,34,0.36,Salaried,2,1,105394,Yes,Yes
37,144244,666,662971,10,0.54,Salaried,0,3,417163,Yes,Yes
64,50813,359,853885,40,0.35,Salaried,2,4,404750,Yes,Yes
48,84729,850,687004,21,0.06,Self-Employed,0,0,134431,No,Yes
50,209758,591,364072,29,0.4,Salaried,2,3,175231,No,Yes
49,22512,490,870392,23,0.46,Salaried,4,1,289548,No,No
26,171738,760,67197,2,0.69,Contract,0,3,917267,No,Yes
55,165702,532,149456,32,0.08,Contract,3,0,827922,No,Yes
61,135907,773,236056,32,0.38,Contract,3,3,993659,No,Yes
57,223591,704,568851,32,0.11,Salaried,1,2,642080,No,Yes
44,149708,570,707243,20,0.15,Contract,1,4,202171,Yes,Yes
49,152847,433,328795,24,0.45,Business,5,0,677838,Yes,Yes
51,217029,470,577100,23,0.2,Contract,1,2,359161,Yes,Yes
55,82591,714,145981,35,0.54,Business,0,3,889713,No,Yes
53,227633,327,292248,33,0.38,Self-Employed,2,0,62905,Yes,Yes
41,223888,435,318706,16,0.19,Business,5,3,553329,No,Yes
52,29351,704,515765,31,0.37,Business,1,4,970144,No,Yes
43,133400,804,572082,16,0.05,Self-Employed,4,4,940327,No,Yes
53,138533,540,833520,27,0.61,Business,3,1,854452,Yes,Yes
23,121627,743,382857,0,0.06,Salaried,3,2,670737,No,Yes
38,204256,733,856901,15,0.05,Salaried,4,4,181639,Yes,Yes
45,146381,527,230607,17,0.45,Contract,3,2,942621,No,No
62,113707,808,504516,36,0.68,Contract,0,3,785561,No,Yes
51,218252,602,429682,25,0.61,Contract,4,2,223774,No,No
23,99678,333,146765,0,0.21,Contract,0,0,909620,Yes,Yes
60,91309,301,537853,40,0.18,Salaried,5,1,755785,Yes,Yes
44,243074,661,929955,23,0.46,Contract,3,2,491709,No,Yes
52,28778,494,138641,25,0.58,Business,4,2,110020,Yes,No
42,161573,607,270075,18,0.29,Self-Employed,4,4,907617,No,Yes
43,130713,549,657257,22,0.33,Business,5,0,280589,No,Yes
22,151180,446,330361,0,0.13,Self-Employed,5,4,963143,Yes,Yes
47,243977,645,146844,20,0.15,Salaried,5,2,287228,Yes,Yes
62,54382,647,190061,39,0.42,Self-Employed,4,3,104732,No,No
22,240426,553,742595,0,0.12,Contract,3,4,961970,Yes,Yes
46,93787,698,659183,22,0.18,Salaried,3,4,755635,No,Yes
37,41341,633,776051,11,0.2,Contract,3,0,673524,Yes,No
60,226286,475,237922,39,0.34,Business,1,4,570457,No,Yes
53,163439,424,572005,33,0.08,Business,1,4,213256,No,Yes
29,137967,697,565904,5,0.37,Contract,2,1,182380,No,Yes
63,244280,430,817800,37,0.65,Self-Employed,4,2,354993,Yes,Yes
59,149066,706,231514,32,0.07,Business,3,0,129319,No,Yes
49,218940,633,385641,22,0.46,Self-Employed,4,4,241604,No,No
62,161074,319,729343,33,0.59,Business,5,2,229674,No,No
46,103820,504,319330,18,0.25,Contract,0,0,15576,No,Yes
55,77949,654,450722,35,0.14,Contract,0,4,761560,Yes,Yes
45,164772,472,484242,19,0.08,Business,3,3,361305,No,Yes
44,228377,488,751430,15,0.47,Business,1,1,400283,Yes,Yes
33,80543,301,230023,6,0.41,Self-Employed,2,0,740766,Yes,Yes
27,178390,467,932193,2,0.2,Self-Employed,1,3,453394,No,Yes
56,238931,667,698560,27,0.59,Self-Employed,4,0,262699,Yes,Yes
65,45610,835,844223,40,0.53,Contract,1,0,24600,Yes,No
40,221571,669,242407,14,0.23,Business,3,1,66742,Yes,Yes
21,222446,736,143133,0,0.54,Salaried,5,3,506157,Yes,Yes
28,83226,506,122306,7,0.21,Self-Employed,5,4,593224,Yes,Yes
36,63167,348,846325,11,0.49,Salaried,1,2,560301,No,No
34,226851,843,206226,13,0.13,Contract,0,3,250959,No,Yes
32,177011,428,139854,7,0.5,Self-Employed,3,0,493727,Yes,Yes
43,210437,746,493973,14,0.21,Self-Employed,3,3,596871,Yes,Yes
35,85381,334,766747,13,0.42,Salaried,3,2,405683,Yes,No
48,64710,498,221827,27,0.16,Salaried,1,3,808765,Yes,Yes
54,34766,376,941901,27,0.52,Business,0,2,359540,Yes,No
22,120416,668,981018,0,0.09,Salaried,1,1,486239,No,Yes
52,30780,825,474574,29,0.16,Contract,4,0,670223,Yes,Yes
43,66458,648,269046,17,0.17,Self-Employed,5,4,76395,Yes,Yes
42,74221,805,437002,15,0.08,Salaried,2,3,465541,Yes,Yes
45,19509,537,677097,17,0.53,Contract,2,1,737443,Yes,No
42,107493,579,536208,13,0.69,Salaried,5,3,945373,Yes,Yes
42,183418,731,597919,15,0.56,Salaried,2,1,998268,Yes,Yes
62,231871,437,317951,39,0.61,Salaried,5,2,74055,Yes,Yes
26,134850,568,830910,5,0.05,Business,4,1,631788,Yes,Yes
35,195946,500,523908,6,0.13,Self-Employed,4,2,514045,No,Yes
63,175220,441,704472,39,0.41,Self-Employed,4,1,65076,No,No
57,49533,654,586196,31,0.69,Self-Employed,0,3,510178,Yes,Yes
53,126144,628,729795,32,0.48,Business,3,4,111584,Yes,Yes
28,140402,530,833175,5,0.29,Salaried,5,0,587725,No,Yes
64,96467,607,636004,39,0.14,Self-Employed,4,4,885456,Yes,Yes
64,19359,445,80432,37,0.15,Self-Employed,2,1,495501,Yes,Yes
25,137119,451,150458,0,0.29,Salaried,5,2,582029,Yes,Yes
59,239140,439,745870,34,0.51,Self-Employed,2,3,270735,Yes,Yes
24,209385,320,457443,0,0.07,Salaried,5,0,769388,No,Yes
26,38344,553,523017,1,0.6,Business,5,0,593127,Yes,No
65,136499,363,265796,40,0.66,Self-Employed,1,3,44898,No,Yes
52,87778,517,723964,30,0.63,Self-Employed,3,1,986938,Yes,No
50,38601,371,406245,30,0.64,Salaried,4,0,868825,Yes,No
55,168188,461,541340,34,0.06,Contract,3,3,248883,Yes,Yes
60,206057,429,943926,39,0.69,Business,4,1,580230,No,No
36,119013,524,278682,7,0.29,Self-Employed,2,3,331680,No,Yes
33,48782,753,788001,7,0.62,Salaried,3,0,710597,No,No
62,129095,683,75790,37,0.17,Business,3,4,957344,Yes,Yes
50,198891,406,829933,23,0.34,Salaried,4,0,895919,Yes,Yes
39,233488,402,532110,11,0.08,Contract,4,0,385695,Yes,Yes
37,218107,440,474160,13,0.08,Self-Employed,3,4,900162,No,Yes
39,115123,433,989691,17,0.66,Contract,5,1,310403,No,No
48,62458,498,757906,25,0.58,Self-Employed,4,3,753866,Yes,No
46,240628,809,971529,19,0.39,Contract,3,1,961038,Yes,Yes
57,142225,378,729872,35,0.39,Self-Employed,1,1,36605,Yes,Yes
46,157152,781,459123,25,0.54,Salaried,3,3,688678,Yes,Yes
43,237815,811,523221,17,0.27,Business,0,1,32159,No,Yes
29,183029,549,874356,6,0.55,Self-Employed,3,2,741679,No,No
32,162980,782,621484,5,0.37,Self-Employed,5,0,934519,Yes,Yes
21,114188,471,981914,1,0.46,Salaried,1,2,112213,Yes,No
21,244952,316,224835,0,0.68,Contract,1,3,623065,No,No
54,139292,593,502790,30,0.36,Self-Employed,5,4,178929,Yes,Yes
52,108570,693,415260,31,0.32,Contract,2,4,493005,Yes,Yes
45,240396,797,714010,25,0.64,Salaried,5,3,295085,Yes,Yes
60,227359,518,885258,35,0.64,Self-Employed,2,3,108723,Yes,Yes
65,141791,533,993781,37,0.7,Business,0,1,223253,Yes,Yes
21,196554,689,370114,0,0.41,Self-Employed,4,0,336432,Yes,Yes
36,248401,547,707816,8,0.27,Salaried,4,2,484116,Yes,Yes
59,143291,351,459806,36,0.21,Contract,1,3,745543,Yes,Yes
25,116375,314,864324,0,0.07,Self-Employed,1,4,39211,Yes,Yes
42,56314,623,854172,13,0.52,Salaried,2,0,928406,Yes,No
49,223993,740,226800,24,0.2,Salaried,1,0,580093,No,Yes
23,232840,411,848220,0,0.44,Salaried,3,1,738122,Yes,No
32,126880,306,401525,11,0.65,Contract,3,4,797346,No,No
46,118326,544,778052,20,0.67,Contract,0,0,680525,Yes,Yes
36,164903,747,949001,16,0.05,Business,3,4,140346,No,Yes
57,139026,664,713511,32,0.26,Business,0,2,75585,Yes,Yes
42,169197,666,862947,18,0.59,Self-Employed,2,4,345601,No,Yes
49,80451,586,716347,25,0.4,Salaried,3,0,700137,Yes,Yes
34,63708,405,783456,7,0.57,Business,0,4,321220,Yes,No
48,35682,312,367818,20,0.6,Contract,4,4,338311,Yes,No
25,120406,445,773569,0,0.34,Salaried,0,4,945461,Yes,Yes
50,231896,777,359911,21,0.28,Self-Employed,5,0,247286,Yes,Yes
25,184866,414,165737,0,0.35,Salaried,3,2,378016,Yes,Yes
32,77372,808,253431,11,0.47,Business,0,4,313826,Yes,Yes
36,57477,451,351788,15,0.29,Business,5,2,320554,Yes,Yes
46,202935,356,561908,19,0.55,Salaried,2,0,466868,No,Yes
46,239013,681,875173,21,0.64,Contract,1,3,597646,Yes,Yes
41,187809,456,901553,14,0.23,Salaried,4,4,503830,No,Yes
59,151692,432,779178,31,0.68,Salaried,2,2,41013,Yes,Yes
56,184129,462,484651,28,0.45,Salaried,4,4,60040,Yes,Yes
53,189210,574,451272,28,0.62,Salaried,4,1,819266,Yes,Yes
50,228462,376,805710,23,0.12,Salaried,5,1,907387,No,Yes
57,71024,343,268299,36,0.21,Contract,0,0,460662,No,Yes
43,158749,849,549256,16,0.26,Self-Employed,1,2,345339,Yes,Yes
30,193183,617,799497,8,0.25,Self-Employed,0,2,954080,Yes,Yes
25,173146,833,136549,5,0.16,Business,0,4,728479,Yes,Yes
56,35824,453,478729,30,0.61,Contract,3,1,147824,No,No
54,149837,536,532159,34,0.32,Salaried,0,4,786970,No,Yes
51,194511,816,336804,31,0.68,Contract,1,4,255664,Yes,Yes
30,115151,520,52639,10,0.43,Self-Employed,2,0,112751,Yes,Yes
39,66926,609,661144,16,0.14,Salaried,5,3,465916,Yes,Yes
52,185932,476,908441,29,0.4,Contract,0,0,159595,Yes,Yes
21,30975,519,322766,0,0.7,Business,1,0,34446,Yes,No
25,92877,337,168192,0,0.42,Self-Employed,0,0,88995,Yes,Yes
65,242749,730,330952,36,0.05,Salaried,5,4,531200,No,Yes
24,95870,502,498852,2,0.66,Salaried,4,4,938796,Yes,No
36,99371,747,514048,7,0.2,Salaried,5,4,670495,No,Yes
44,175620,794,966905,19,0.5,Salaried,0,4,181869,Yes,Yes
36,118970,424,335095,10,0.38,Salaried,3,1,697504,No,Yes
22,239647,364,691197,2,0.26,Salaried,4,2,683720,No,Yes
48,116066,543,247013,23,0.23,Contract,1,1,841693,Yes,Yes
52,187808,826,297889,23,0.65,Business,5,2,730599,Yes,Yes
47,79562,525,226148,27,0.64,Contract,0,4,135732,Yes,Yes
40,58409,764,695810,14,0.38,Contract,4,1,28252,Yes,Yes
44,233173,592,982849,15,0.22,Salaried,4,2,634657,Yes,Yes
32,27834,680,181469,8,0.12,Salaried,2,3,575062,No,Yes
55,120192,465,588953,26,0.15,Contract,4,0,519819,No,Yes
53,18840,517,588848,30,0.39,Self-Employed,5,2,837568,Yes,No
53,228481,574,338520,33,0.25,Salaried,1,1,685466,No,Yes
63,49568,351,463073,35,0.08,Salaried,0,1,886984,No,No
57,28846,673,769628,31,0.35,Self-Employed,5,3,164320,Yes,Yes
32,154971,662,934474,11,0.54,Contract,4,2,307490,Yes,Yes
23,104038,313,944736,0,0.63,Self-Employed,1,0,31573,Yes,No
21,215173,639,808653,0,0.43,Salaried,2,1,577923,Yes,Yes
53,187845,838,201382,26,0.52,Business,0,4,688865,Yes,Yes
60,147789,388,854760,39,0.29,Self-Employed,3,4,782916,Yes,Yes
30,125460,340,222469,6,0.37,Self-Employed,4,2,575769,Yes,Yes
63,92723,603,743519,34,0.52,Salaried,4,3,945168,Yes,No
64,221834,567,432231,37,0.52,Self-Employed,2,0,179216,Yes,Yes
49,122194,437,803886,24,0.33,Salaried,1,2,98622,Yes,Yes
33,129417,305,778726,10,0.4,Business,2,2,581386,No,Yes
32,153383,541,764664,8,0.65,Business,1,0,521205,Yes,Yes
51,74888,461,623286,30,0.46,Contract,0,1,61866,No,No
22,59616,817,955724,0,0.47,Salaried,4,4,235944,No,No
55,201206,700,376997,33,0.56,Business,3,1,836585,Yes,Yes
43,240297,455,152304,21,0.12,Salaried,2,3,577910,No,Yes
37,24083,384,462264,11,0.39,Self-Employed,5,0,211609,Yes,No
46,161670,309,362361,24,0.67,Self-Employed,3,1,447411,Yes,Yes
28,100476,437,530500,5,0.29,Salaried,3,2,851645,No,Yes
49,110416,455,239692,23,0.24,Salaried,4,2,147607,Yes,Yes
46,20580,707,776289,24,0.44,Self-Employed,4,3,281328,Yes,No
30,140834,524,827150,1,0.19,Salaried,5,3,363213,No,Yes
46,130148,483,204957,17,0.41,Self-Employed,3,0,281260,Yes,Yes
54,206467,494,902571,33,0.15,Contract,0,1,165700,No,Yes
61,60321,695,383975,32,0.43,Contract,5,2,701169,No,Yes
27,27386,433,581391,1,0.44,Contract,3,0,820458,Yes,No
24,71171,608,992755,0,0.32,Salaried,1,0,343810,No,No
65,168594,841,850978,40,0.3,Self-Employed,5,2,598649,No,Yes
31,214604,308,305948,2,0.21,Business,1,1,765248,No,Yes
49,240832,469,196528,22,0.27,Business,1,4,525695,No,Yes
56,163707,589,330372,34,0.37,Self-Employed,1,3,29652,Yes,Yes
45,149743,467,312190,19,0.21,Self-Employed,2,1,362937,Yes,Yes
41,51545,643,378499,16,0.56,Self-Employed,0,4,936325,No,Yes
56,203151,796,479791,27,0.51,Self-Employed,2,4,209754,Yes,Yes
30,44855,444,790302,5,0.23,Self-Employed,2,2,30684,No,No
57,53790,712,444296,30,0.11,Business,1,4,327011,Yes,Yes
29,69012,756,690253,6,0.05,Contract,0,3,602417,Yes,Yes
44,135827,601,913894,21,0.44,Self-Employed,0,0,818288,Yes,Yes
55,32260,345,65930,33,0.19,Salaried,3,1,192797,Yes,Yes
55,214211,316,949908,35,0.06,Contract,5,3,479940,Yes,Yes
56,19074,659,130823,27,0.28,Business,2,4,822363,No,Yes
38,191748,560,412665,16,0.68,Self-Employed,5,0,662490,No,No
59,158547,422,825313,39,0.5,Salaried,5,0,651792,Yes,Yes
52,227486,530,773782,27,0.61,Business,0,4,254973,No,Yes
44,164192,411,128880,17,0.14,Contract,4,3,567831,Yes,Yes
43,172219,545,268626,21,0.1,Contract,5,4,129185,Yes,Yes
52,19986,690,222827,29,0.06,Salaried,2,1,629908,No,Yes
57,181502,691,757840,33,0.67,Self-Employed,5,0,183950,Yes,Yes
32,73479,627,57293,6,0.25,Salaried,0,2,358799,No,Yes
33,232038,514,642830,8,0.35,Salaried,4,0,371182,No,Yes
43,148833,666,110528,22,0.31,Business,5,4,864082,Yes,Yes
45,20176,381,467572,19,0.52,Salaried,4,4,39829,Yes,No
55,102258,375,158885,28,0.25,Salaried,4,2,973415,No,Yes
61,133188,826,195771,40,0.4,Contract,1,2,908458,Yes,Yes
50,102153,802,209506,25,0.7,Business,3,0,543716,No,Yes
37,210990,778,628957,9,0.34,Self-Employed,5,4,904500,No,Yes
40,176187,671,329746,14,0.41,Contract,5,0,52484,Yes,Yes
45,95442,564,221858,21,0.38,Salaried,3,3,627080,Yes,Yes
42,58002,563,846384,13,0.57,Self-Employed,0,4,790513,Yes,No
33,75124,409,878116,4,0.22,Business,0,0,918066,Yes,Yes
39,155682,606,166032,11,0.16,Contract,5,4,248974,Yes,Yes
56,67752,499,997993,35,0.54,Self-Employed,5,4,851251,Yes,No
32,96947,525,607193,6,0.32,Salaried,3,1,561100,Yes,Yes
61,136972,484,890034,33,0.64,Salaried,4,0,925190,Yes,Yes
39,92716,330,227996,18,0.47,Self-Employed,0,4,682985,Yes,Yes
32,197065,398,587669,3,0.42,Contract,5,2,859275,Yes,Yes
29,28073,638,300666,4,0.1,Self-Employed,1,2,423440,Yes,No
27,55251,565,340274,0,0.52,Salaried,1,1,326591,Yes,Yes
48,114496,649,604703,26,0.5,Business,3,4,937954,No,No
34,220509,843,230200,7,0.47,Contract,0,0,153702,No,Yes
51,56897,756,134679,27,0.22,Salaried,0,0,215793,Yes,Yes
39,199978,387,165458,13,0.67,Salaried,5,2,854122,Yes,Yes
36,69616,362,181460,14,0.26,Self-Employed,5,3,692306,No,Yes
25,22482,686,651940,0,0.15,Salaried,4,4,243965,No,No
55,125990,758,200878,34,0.69,Contract,0,1,183542,No,Yes
32,240036,568,114333,5,0.54,Self-Employed,3,1,458588,Yes,Yes
45,222008,645,810676,24,0.32,Business,0,4,962230,Yes,Yes
41,188646,377,160930,15,0.66,Salaried,5,4,756447,Yes,Yes
56,61284,664,573940,35,0.11,Contract,0,1,552722,Yes,Yes
43,90932,313,316996,17,0.11,Contract,1,1,504105,Yes,Yes
36,25338,435,820643,16,0.49,Business,3,0,869588,Yes,No
59,191790,603,451843,34,0.17,Contract,2,1,877254,No,Yes
65,161572,696,764177,36,0.65,Contract,3,2,108306,Yes,Yes
62,160617,378,734408,36,0.6,Business,3,1,785991,Yes,Yes
59,79480,717,412430,36,0.25,Salaried,5,1,995883,Yes,Yes
34,154313,541,797910,14,0.63,Contract,2,2,520190,Yes,Yes
51,238386,350,163120,26,0.08,Self-Employed,5,2,338947,Yes,Yes
25,171893,683,650884,2,0.41,Contract,2,4,12474,No,Yes
55,22695,674,816065,33,0.66,Self-Employed,1,1,330029,Yes,Yes
43,226138,505,438841,20,0.61,Contract,4,2,661606,No,No
49,32318,788,501333,24,0.28,Salaried,3,0,847009,Yes,Yes
63,68934,680,830166,39,0.17,Contract,3,3,97556,Yes,Yes
31,171403,610,844641,10,0.19,Self-Employed,3,2,546405,Yes,Yes
38,139282,674,627770,17,0.38,Contract,3,3,938364,Yes,Yes
32,201744,341,874629,10,0.44,Self-Employed,1,1,135756,Yes,Yes
29,109891,832,389838,4,0.07,Business,3,0,512016,Yes,Yes
30,225932,821,723436,10,0.32,Contract,2,0,823119,Yes,Yes
64,242757,452,167458,38,0.59,Contract,2,4,879082,Yes,Yes
37,86754,611,169614,10,0.34,Self-Employed,0,4,788381,Yes,Yes
58,103677,593,528403,32,0.16,Self-Employed,1,1,105528,Yes,Yes
27,120320,412,501698,5,0.67,Salaried,0,2,897549,Yes,Yes
33,151909,411,663772,8,0.22,Business,3,0,310104,Yes,Yes
60,143261,474,723439,37,0.57,Self-Employed,1,1,551635,Yes,Yes
62,123338,601,981482,38,0.18,Salaried,1,1,395716,No,Yes
29,58077,815,756098,7,0.33,Self-Employed,4,2,640488,No,Yes
47,97915,520,849137,23,0.37,Business,4,0,61614,No,No
22,153311,470,470123,0,0.38,Business,0,0,545673,Yes,Yes
25,235420,617,890264,0,0.39,Business,0,0,799818,Yes,Yes
49,47669,512,399511,24,0.2,Business,2,4,737775,No,No
57,66624,552,366756,29,0.39,Contract,2,0,667857,Yes,Yes
58,93147,423,683453,29,0.36,Business,5,3,481791,Yes,Yes
39,153222,512,909933,10,0.19,Business,5,2,432692,Yes,Yes
28,160181,384,60248,0,0.69,Salaried,5,0,733699,Yes,No
65,248822,815,883420,36,0.61,Business,2,2,677185,No,Yes
21,175088,364,139169,0,0.63,Self-Employed,1,2,994257,Yes,Yes
42,161008,617,669327,21,0.5,Self-Employed,3,3,731421,Yes,Yes
37,160108,645,57461,9,0.15,Self-Employed,0,0,541854,Yes,Yes
27,188308,542,208070,5,0.42,Contract,2,2,370728,Yes,Yes
45,163093,436,718181,19,0.58,Self-Employed,1,0,752857,No,Yes
65,54943,546,594158,40,0.08,Business,4,3,947307,No,No
24,131694,740,587698,4,0.37,Contract,3,4,505343,Yes,Yes
56,230079,344,137721,29,0.31,Business,4,4,725271,Yes,Yes
26,199088,388,69133,3,0.19,Salaried,5,4,699849,Yes,Yes
51,172316,527,926137,26,0.3,Business,4,4,966793,Yes,Yes
39,212099,590,859791,13,0.69,Self-Employed,3,1,814599,Yes,Yes
64,141351,721,766745,37,0.52,Salaried,1,2,236743,Yes,Yes
59,56985,366,601688,30,0.24,Salaried,4,1,362756,No,No
47,150574,550,84173,26,0.44,Salaried,1,0,744093,Yes,Yes
30,71836,340,61179,2,0.21,Salaried,4,4,288611,No,Yes
46,117714,398,938311,17,0.45,Contract,2,0,195385,No,Yes
39,21770,605,242958,17,0.63,Business,5,3,807964,Yes,No
59,60865,755,85495,39,0.41,Salaried,3,2,451874,No,Yes
23,71811,600,318631,2,0.53,Contract,0,3,804657,Yes,Yes
65,22001,498,589048,38,0.34,Contract,3,2,530665,Yes,No
33,78848,787,439744,4,0.39,Contract,4,3,710260,Yes,Yes
48,70635,405,141975,23,0.5,Business,4,3,773053,Yes,Yes
40,38946,700,666753,20,0.58,Salaried,5,2,472551,No,No
48,215206,776,777187,20,0.48,Business,2,0,291972,No,Yes
28,113852,421,341547,2,0.69,Contract,2,3,115270,No,No
61,109103,376,773397,32,0.58,Contract,3,2,63204,Yes,No
59,241116,611,165625,37,0.56,Business,0,2,860879,Yes,Yes
21,61744,411,945008,0,0.6,Contract,5,3,774409,Yes,No
23,135729,817,51755,0,0.23,Contract,3,0,581576,No,Yes
33,188231,496,702788,11,0.33,Self-Employed,0,4,685799,No,Yes
48,244884,397,741518,21,0.42,Contract,1,1,663247,Yes,Yes
45,41671,758,121352,25,0.35,Business,4,4,58736,Yes,Yes
53,165522,529,526352,29,0.6,Salaried,1,3,211860,Yes,Yes
58,163980,467,475832,31,0.07,Salaried,3,3,668392,No,Yes
26,206347,307,428035,4,0.19,Business,0,2,441146,No,Yes
64,193430,471,248498,35,0.62,Business,0,0,341879,No,Yes
65,198119,659,913191,40,0.09,Contract,1,0,154400,Yes,Yes
52,184590,494,686421,23,0.2,Business,2,3,484200,No,Yes
65,75813,568,468182,40,0.28,Business,2,0,763129,No,Yes
41,114748,318,581976,13,0.54,Contract,5,1,193981,No,No
36,155878,653,810164,15,0.41,Self-Employed,1,0,589744,Yes,Yes
41,122733,348,220556,17,0.67,Self-Employed,2,0,100948,Yes,Yes
31,189963,763,765215,9,0.2,Contract,0,2,652830,No,Yes
57,144865,655,995057,28,0.62,Self-Employed,3,3,950942,Yes,Yes
56,101551,457,905714,28,0.23,Self-Employed,2,0,32464,Yes,Yes
55,147335,365,723939,27,0.21,Contract,5,3,639438,Yes,Yes
39,57220,607,194086,13,0.37,Self-Employed,0,0,619335,Yes,Yes
40,35158,636,98443,11,0.1,Business,5,0,168378,Yes,Yes
38,98992,420,223033,14,0.3,Self-Employed,3,0,693601,Yes,Yes
61,176660,703,239986,33,0.28,Self-Employed,0,2,15313,No,Yes
34,80576,395,431230,8,0.15,Business,4,0,574688,Yes,Yes
35,106027,413,610685,14,0.61,Business,3,4,503429,Yes,Yes
51,173260,728,385446,22,0.3,Salaried,4,1,345940,Yes,Yes
21,241687,839,514899,1,0.69,Contract,2,0,926499,Yes,Yes
23,76830,301,425561,0,0.63,Salaried,5,4,855453,Yes,No
36,153091,511,293818,7,0.18,Salaried,2,3,781275,Yes,Yes
43,30419,632,228250,20,0.38,Self-Employed,0,2,675896,Yes,Yes
31,51697,323,51063,2,0.44,Business,1,3,422858,No,No
32,102932,667,517582,5,0.58,Salaried,0,2,167745,No,Yes
30,137712,805,452550,5,0.63,Contract,5,3,391129,No,Yes
52,113428,475,125848,31,0.46,Salaried,5,3,518326,No,No
36,157045,728,992631,12,0.07,Self-Employed,5,1,148397,Yes,Yes
28,104649,741,217115,0,0.36,Salaried,4,1,527422,Yes,Yes
58,140649,847,378656,33,0.63,Business,5,1,666509,Yes,Yes
32,29136,813,684975,7,0.51,Business,3,3,431593,Yes,No
44,102739,660,176230,18,0.62,Contract,1,2,652988,Yes,Yes
48,80502,573,552926,24,0.49,Salaried,0,1,590589,Yes,Yes
28,180357,476,835522,6,0.08,Business,4,2,34888,No,Yes
48,41039,563,782635,26,0.68,Salaried,4,2,49811,No,No
56,84720,485,709429,32,0.65,Salaried,2,0,481301,Yes,No
46,141168,826,311252,23,0.13,Business,0,4,524958,Yes,Yes
28,106263,578,964599,4,0.12,Business,0,3,158076,Yes,Yes
48,77155,497,720964,20,0.4,Self-Employed,5,4,973500,Yes,Yes
48,34911,648,64612,24,0.54,Self-Employed,5,3,158049,No,No
57,18916,720,613458,34,0.3,Contract,4,2,823904,Yes,Yes
61,77052,604,226173,38,0.14,Contract,0,4,587979,Yes,Yes
56,218182,363,640169,36,0.38,Contract,5,0,614640,No,Yes
47,35790,589,743070,18,0.27,Salaried,2,4,698739,No,No
37,232233,317,528078,14,0.28,Contract,1,4,564602,No,Yes
29,154278,363,958524,6,0.47,Business,4,0,809576,No,No
53,139937,629,952196,25,0.63,Contract,2,0,67970,Yes,Yes
40,103053,316,190435,17,0.41,Salaried,2,1,331435,Yes,Yes
33,67950,742,971274,7,0.5,Self-Employed,3,3,942172,Yes,Yes
48,134211,440,956772,28,0.48,Salaried,1,2,397359,Yes,Yes
49,74361,607,880553,23,0.41,Business,2,4,806591,Yes,No
33,79451,743,123960,12,0.25,Contract,3,4,52386,No,Yes
55,55696,795,61990,28,0.3,Contract,3,2,757550,Yes,Yes
26,230713,725,144258,6,0.26,Business,0,0,181726,No,Yes
38,217298,774,177640,9,0.65,Contract,5,0,103115,No,Yes
25,120395,544,553619,3,0.59,Self-Employed,2,4,869691,No,Yes
45,142121,749,356803,18,0.43,Salaried,4,4,217254,Yes,Yes
22,64728,650,606425,0,0.64,Salaried,0,2,548087,Yes,Yes
30,73401,460,65573,3,0.63,Business,1,2,646954,No,Yes
50,215298,439,460050,26,0.65,Self-Employed,5,3,911621,No,No
65,43103,792,59554,40,0.19,Business,4,0,22928,Yes,Yes
25,183335,830,279726,0,0.52,Business,4,1,183205,Yes,Yes
53,225693,692,944236,24,0.45,Self-Employed,3,1,93847,No,Yes
21,68044,700,807668,0,0.53,Business,2,2,707668,Yes,Yes
38,75730,349,267670,10,0.22,Salaried,3,3,974887,Yes,Yes
52,43825,594,918596,32,0.5,Contract,3,4,95627,Yes,No
31,225328,724,759157,7,0.32,Salaried,2,2,13360,Yes,Yes
41,55271,311,63015,19,0.59,Contract,2,2,525979,No,Yes
46,95256,634,972238,24,0.57,Contract,2,2,579919,Yes,No
45,195804,314,947607,24,0.19,Salaried,3,1,684619,No,Yes
42,84433,327,109617,20,0.17,Business,5,2,514712,Yes,Yes
47,231702,687,754952,21,0.52,Self-Employed,2,3,142649,No,Yes
33,119999,591,684329,6,0.41,Contract,2,1,251460,No,Yes
53,41572,549,125195,26,0.41,Self-Employed,4,3,265948,Yes,No
54,56546,804,432747,27,0.54,Self-Employed,3,1,47065,No,Yes
61,164222,397,734277,40,0.61,Contract,2,3,835915,Yes,Yes
55,72165,636,824726,29,0.21,Self-Employed,3,0,832633,No,No
21,81690,338,264722,0,0.41,Self-Employed,1,0,960157,Yes,Yes
41,202736,337,187715,12,0.59,Business,0,1,894018,Yes,Yes
26,231407,599,63269,3,0.62,Self-Employed,4,0,238338,Yes,Yes
48,224271,478,330502,24,0.24,Salaried,4,4,110728,Yes,Yes
37,54948,768,542069,17,0.12,Contract,3,3,327504,Yes,Yes
25,186102,581,672317,2,0.2,Business,2,1,501418,Yes,Yes
51,45007,463,571579,28,0.66,Salaried,3,0,878885,Yes,No
25,118819,752,133857,0,0.35,Self-Employed,5,1,528421,Yes,Yes
58,109207,396,443419,30,0.32,Self-Employed,0,4,220393,Yes,Yes
23,239993,608,570542,0,0.06,Salaried,4,1,410831,Yes,Yes
43,94772,561,242830,23,0.08,Salaried,4,1,996494,Yes,Yes
57,40024,592,393398,30,0.48,Business,0,2,686887,Yes,No
57,188456,548,414036,34,0.43,Self-Employed,3,2,611629,Yes,Yes
30,100912,544,106235,7,0.42,Self-Employed,4,2,71479,No,No
30,167229,550,347448,6,0.12,Self-Employed,2,2,611168,Yes,Yes
39,103481,422,334316,18,0.28,Salaried,3,3,237222,Yes,Yes
37,106553,624,648122,17,0.58,Self-Employed,2,4,795033,No,Yes
41,150828,800,922163,17,0.16,Contract,5,1,177712,Yes,Yes
34,249749,365,544221,8,0.62,Contract,5,4,138583,Yes,Yes
29,217184,358,619145,0,0.13,Business,5,1,459284,Yes,Yes
21,240075,797,191483,0,0.16,Business,1,2,765169,Yes,Yes
65,120488,672,319969,40,0.36,Salaried,0,3,479234,No,Yes
33,114741,565,671062,6,0.66,Contract,5,1,418218,Yes,Yes
24,207123,535,744102,0,0.26,Salaried,4,1,478285,No,Yes
21,249773,517,955056,0,0.48,Business,0,0,667118,Yes,Yes
60,213667,826,466556,36,0.43,Salaried,0,3,437928,No,Yes
52,96210,740,863583,26,0.15,Salaried,2,3,359633,No,Yes
54,192166,705,93327,32,0.21,Self-Employed,4,3,552227,Yes,Yes
48,236961,768,190324,27,0.65,Business,1,4,464774,Yes,Yes
51,244457,409,871746,26,0.17,Self-Employed,0,2,58938,Yes,Yes
28,153607,652,250344,0,0.5,Business,2,0,732498,Yes,Yes
59,205107,390,883800,34,0.68,Self-Employed,5,4,134601,Yes,Yes
46,65367,713,897542,23,0.13,Business,2,2,291081,No,Yes
54,166190,372,440811,34,0.31,Business,5,1,522424,Yes,Yes
23,208884,846,969176,0,0.2,Contract,4,0,385015,No,Yes
32,77884,597,835291,12,0.19,Business,3,4,18767,Yes,No
21,215240,582,509153,0,0.13,Salaried,3,0,207477,Yes,Yes
64,162352,804,589610,40,0.47,Contract,1,2,44093,No,Yes
25,163818,497,796073,0,0.54,Self-Employed,5,4,819403,Yes,No
50,120572,331,454407,22,0.49,Salaried,2,4,586231,Yes,Yes
50,71251,640,457881,28,0.65,Salaried,3,0,139934,Yes,Yes
37,102821,633,898057,12,0.14,Business,0,1,838601,No,Yes
43,101583,442,629792,15,0.26,Business,1,1,407463,Yes,Yes
35,28207,709,107631,9,0.27,Salaried,5,1,999090,No,Yes
57,220199,343,885671,34,0.2,Contract,0,2,95526,Yes,Yes
41,45757,331,761658,19,0.14,Salaried,3,0,495895,No,No
34,165298,327,557823,13,0.37,Salaried,2,2,521867,Yes,Yes
22,244340,722,416727,0,0.59,Business,3,2,867301,Yes,Yes
31,210479,790,278121,2,0.67,Business,1,1,95647,Yes,Yes
59,176278,459,839399,39,0.13,Business,5,1,408822,No,Yes
58,169328,506,611306,29,0.59,Self-Employed,1,1,216780,No,Yes
54,51822,317,233758,34,0.59,Salaried,0,0,396924,Yes,Yes
58,59340,402,992299,35,0.3,Salaried,0,0,680707,No,Yes
54,201306,531,502042,31,0.12,Self-Employed,1,1,394697,Yes,Yes
38,61351,723,118774,10,0.69,Salaried,0,2,528556,Yes,Yes
50,124311,846,713873,21,0.48,Salaried,4,0,685582,Yes,Yes
35,197743,538,904706,15,0.69,Salaried,5,4,970153,Yes,Yes
47,93320,633,382616,24,0.36,Contract,1,2,625304,Yes,Yes
54,120565,448,571777,32,0.31,Self-Employed,5,2,316578,Yes,Yes
58,184229,707,346748,30,0.21,Self-Employed,0,3,740950,Yes,Yes
53,37937,316,298319,29,0.69,Salaried,5,0,113023,Yes,No
44,203362,525,801702,16,0.21,Business,3,4,218664,Yes,Yes
35,195779,559,641392,6,0.07,Salaried,2,0,26919,Yes,Yes
50,29219,473,158818,25,0.38,Salaried,4,2,287542,No,No
62,27399,504,670684,34,0.3,Contract,4,0,764350,No,No
37,144733,714,752175,17,0.22,Contract,2,2,947660,No,Yes
25,247920,807,579008,2,0.46,Business,2,4,704884,Yes,Yes
49,176729,452,615013,26,0.29,Contract,5,2,18929,No,Yes
24,38047,402,880355,0,0.31,Salaried,5,1,504433,Yes,No
30,249615,364,534356,1,0.06,Salaried,3,2,682531,No,Yes
37,225167,416,351437,12,0.43,Contract,5,1,944660,Yes,Yes
30,103693,455,786979,1,0.13,Contract,2,4,100347,Yes,Yes
37,118931,381,778831,17,0.19,Self-Employed,4,4,843955,No,Yes
40,221226,817,866461,11,0.52,Salaried,3,2,260333,No,Yes
44,193963,366,863017,20,0.25,Business,2,1,607370,No,Yes
25,155852,537,108271,3,0.16,Contract,3,2,222669,No,Yes
54,45050,625,729258,34,0.43,Contract,3,4,935459,No,No
26,91551,366,859881,1,0.19,Self-Employed,5,1,909722,Yes,No
22,86666,475,449953,0,0.23,Self-Employed,5,3,466828,Yes,Yes
33,242691,777,85308,10,0.45,Contract,0,3,687332,Yes,Yes
63,100016,554,508710,35,0.53,Business,2,4,277411,Yes,Yes
63,131135,362,528955,40,0.53,Business,5,1,625173,No,No
31,71010,702,435518,11,0.36,Contract,0,2,843817,Yes,Yes
43,56165,491,893607,14,0.35,Self-Employed,5,4,690086,Yes,Yes
36,29528,628,341203,11,0.56,Salaried,4,4,990356,No,No
51,138840,370,206520,31,0.18,Salaried,3,0,170664,No,Yes
31,198680,362,987212,11,0.15,Self-Employed,4,2,658668,Yes,Yes
36,154986,596,918981,10,0.48,Salaried,3,2,235283,No,No
28,55136,544,708346,7,0.32,Self-Employed,2,3,593514,No,Yes
24,160251,818,828269,1,0.51,Business,1,0,726681,Yes,Yes
60,104008,692,434911,37,0.22,Salaried,2,2,62385,No,Yes
24,30076,476,533069,3,0.26,Contract,3,2,200042,No,No
45,141911,503,102934,20,0.63,Contract,1,3,298185,No,Yes
23,173855,832,534134,0,0.32,Salaried,1,0,774679,Yes,Yes
52,134625,427,711845,31,0.43,Contract,2,0,526221,Yes,Yes
23,195788,494,277112,0,0.12,Self-Employed,4,1,112323,Yes,Yes
47,68298,493,432238,24,0.17,Self-Employed,2,4,79747,No,Yes
49,72304,483,830208,29,0.07,Contract,3,1,671346,No,No
52,97360,546,168156,26,0.33,Salaried,4,0,504107,Yes,Yes
39,87835,623,401208,14,0.69,Salaried,3,3,783256,No,No
41,130424,459,323916,16,0.62,Salaried,5,1,824067,Yes,Yes
25,157190,365,717891,3,0.46,Business,5,3,446410,Yes,Yes
38,225364,553,631852,9,0.61,Salaried,4,0,115949,No,No
48,74911,582,825323,22,0.44,Salaried,0,3,504992,No,No
62,222561,359,538830,37,0.29,Self-Employed,4,1,883851,No,Yes
42,121088,417,612923,13,0.16,Business,0,0,96048,No,Yes
41,33185,722,469135,12,0.47,Self-Employed,3,0,646727,Yes,No
26,190864,335,203972,0,0.18,Contract,2,1,688716,Yes,Yes
21,229282,830,611682,0,0.32,Contract,3,4,15084,No,Yes
25,68613,390,85030,3,0.59,Salaried,2,1,675456,Yes,Yes
61,182999,600,904382,38,0.13,Business,5,1,852532,Yes,Yes
32,18386,516,519105,10,0.13,Contract,0,2,601884,Yes,No
46,241225,397,720919,23,0.2,Salaried,2,0,335532,Yes,Yes
54,221800,755,258920,29,0.41,Business,3,2,541751,Yes,Yes
34,225353,830,995061,14,0.21,Contract,3,2,553997,Yes,Yes
46,48020,837,481224,25,0.38,Contract,3,2,112758,Yes,Yes
65,60678,327,457269,36,0.25,Business,4,3,109126,No,Yes
47,235767,623,834994,22,0.38,Business,3,1,814877,Yes,Yes
29,79394,522,485033,4,0.23,Business,4,2,952239,No,Yes
46,218017,379,415570,26,0.69,Business,1,3,289434,Yes,Yes
42,133377,757,972497,17,0.37,Contract,0,3,225778,No,Yes
50,139716,475,697940,22,0.53,Business,1,0,304212,Yes,Yes
63,205486,821,527628,36,0.51,Self-Employed,1,1,712129,Yes,Yes
37,203888,756,229453,8,0.37,Self-Employed,4,4,593332,No,Yes
46,73918,722,254819,22,0.21,Contract,4,1,238396,Yes,Yes
56,240353,399,587803,33,0.38,Contract,0,3,90324,Yes,Yes
21,133640,702,419445,0,0.49,Salaried,0,1,41553,No,Yes
28,211766,679,721695,4,0.35,Contract,5,0,168361,Yes,Yes
55,178527,830,108724,30,0.1,Business,0,1,770605,No,Yes
35,122446,631,314319,6,0.06,Business,3,3,276572,Yes,Yes
42,187807,617,52405,20,0.26,Contract,3,3,565899,Yes,Yes
34,112702,836,626803,8,0.15,Self-Employed,0,2,470325,No,Yes
46,123509,388,581629,19,0.64,Salaried,4,3,742144,Yes,Yes
48,111608,810,729644,24,0.16,Contract,1,0,216951,Yes,Yes
43,132310,341,733362,19,0.31,Contract,0,3,661344,Yes,Yes
34,161181,688,272064,11,0.51,Salaried,5,1,701378,Yes,Yes
44,63802,380,503668,15,0.58,Self-Employed,0,4,366750,Yes,Yes
22,217092,701,666084,0,0.36,Contract,1,3,371789,Yes,Yes
65,52622,406,421604,36,0.17,Self-Employed,2,0,948592,No,Yes
46,127935,410,131499,19,0.23,Business,0,0,405293,Yes,Yes
34,135919,576,395669,10,0.32,Self-Employed,0,0,449455,No,Yes
27,151669,513,200013,0,0.29,Business,3,0,866497,Yes,Yes
23,189669,805,468235,3,0.28,Salaried,1,1,92950,Yes,Yes
43,190026,420,458995,17,0.14,Contract,5,2,945718,No,Yes
63,87519,433,330570,39,0.64,Business,0,4,867532,No,Yes
65,205187,670,505884,40,0.07,Self-Employed,5,2,846367,Yes,Yes
38,192223,556,473399,16,0.34,Contract,0,2,362970,No,Yes
58,166112,479,247386,29,0.69,Business,2,2,866996,No,Yes
55,62772,347,610215,29,0.48,Business,1,1,164932,No,No
35,140431,318,56395,14,0.28,Self-Employed,0,4,543069,Yes,Yes
45,114090,345,281122,21,0.14,Business,2,3,225702,Yes,Yes
57,212904,750,711334,36,0.68,Salaried,0,3,556169,No,Yes
48,176988,355,317294,22,0.06,Business,4,4,739274,No,Yes
30,62871,391,127668,5,0.49,Self-Employed,2,4,246894,Yes,Yes
59,44372,381,99572,30,0.62,Contract,5,0,19243,No,No
37,210779,378,748171,11,0.07,Self-Employed,4,2,583929,No,Yes
59,57080,582,134028,31,0.52,Self-Employed,0,0,578260,No,Yes
42,124242,610,284050,21,0.7,Contract,2,1,740455,Yes,Yes
46,60722,459,104497,18,0.47,Business,1,1,211394,No,Yes
64,47048,615,152300,38,0.32,Salaried,5,4,355809,Yes,Yes
45,103205,455,72466,24,0.62,Self-Employed,3,1,599305,No,No
37,158849,767,583838,8,0.41,Self-Employed,0,4,955347,Yes,Yes
33,72711,761,365206,12,0.54,Salaried,2,3,139278,Yes,Yes
40,185403,416,85394,17,0.43,Self-Employed,4,2,628710,No,No
45,38968,663,503247,24,0.07,Contract,2,1,540546,Yes,Yes
24,203041,765,242622,4,0.19,Business,1,0,795034,No,Yes
30,29292,483,935226,5,0.1,Contract,2,1,277042,No,No
23,189866,465,190559,0,0.12,Self-Employed,4,2,923094,Yes,Yes
61,97459,374,105084,37,0.06,Contract,0,1,449824,No,Yes
65,68192,571,912241,40,0.32,Self-Employed,5,4,375622,No,No
38,176775,802,212003,18,0.17,Business,4,1,35169,Yes,Yes
56,102193,642,397435,28,0.61,Contract,5,3,569641,Yes,Yes
42,87165,550,129220,15,0.54,Contract,5,3,518462,No,No
54,85650,429,273356,29,0.42,Salaried,4,1,493837,No,No
28,205588,657,61366,3,0.37,Salaried,4,0,423168,Yes,Yes
60,249053,707,824112,37,0.22,Self-Employed,3,1,865577,No,Yes
64,147858,794,694813,40,0.36,Contract,5,4,862280,Yes,Yes
39,119398,781,212935,16,0.47,Business,0,4,639968,Yes,Yes
62,240182,377,733689,40,0.56,Business,3,4,324487,Yes,Yes
61,115885,813,557426,35,0.1,Salaried,5,0,532697,Yes,Yes
57,171329,620,939725,29,0.51,Salaried,2,3,611309,Yes,Yes
26,118588,589,113818,5,0.53,Salaried,0,4,226654,No,Yes
46,121356,596,946757,18,0.41,Business,0,4,254214,Yes,Yes
54,101509,774,273133,26,0.19,Business,5,1,388799,No,Yes
65,240345,322,807044,38,0.4,Business,2,3,894718,No,Yes
26,69672,471,809353,6,0.38,Self-Employed,2,4,251433,Yes,Yes
57,212380,617,222443,33,0.36,Contract,4,4,148280,Yes,Yes
53,226655,492,896757,24,0.35,Self-Employed,5,1,449963,No,Yes
42,40113,417,221313,19,0.12,Contract,5,1,687876,No,No
41,18694,305,51676,15,0.17,Contract,0,2,367778,Yes,Yes
26,33588,782,156094,0,0.11,Contract,1,1,855824,No,Yes
26,210828,431,448498,0,0.21,Salaried,5,1,634383,Yes,Yes
24,213157,392,600510,0,0.22,Contract,4,2,38705,Yes,Yes
50,210214,821,560615,29,0.21,Salaried,0,4,809589,Yes,Yes
31,82373,593,242375,9,0.19,Contract,2,1,992359,Yes,Yes
50,103603,691,849808,21,0.53,Self-Employed,2,0,364728,Yes,Yes
51,24704,548,59431,22,0.58,Self-Employed,1,2,99943,Yes,No
44,58136,716,869802,18,0.26,Contract,0,2,243425,Yes,Yes
29,85507,442,707297,6,0.25,Self-Employed,3,4,531280,No,No
23,65361,536,992105,0,0.6,Self-Employed,4,1,187918,No,No
51,76847,586,941548,24,0.46,Contract,0,0,290137,No,No
60,124359,576,800151,33,0.24,Contract,3,4,833811,Yes,Yes
57,160513,686,51067,31,0.51,Salaried,2,1,140445,No,Yes
56,246084,681,653225,35,0.27,Self-Employed,2,4,244430,Yes,Yes
44,136906,749,677844,23,0.43,Self-Employed,3,2,285476,Yes,Yes
51,32677,590,456688,29,0.7,Contract,3,2,23119,Yes,No
26,45818,468,760375,3,0.25,Business,1,1,499625,No,No
22,19868,742,476363,2,0.65,Salaried,0,4,418421,Yes,No
40,101591,483,665684,16,0.26,Salaried,2,1,53251,Yes,Yes
48,141962,344,366798,22,0.4,Business,4,3,777044,Yes,Yes
31,85264,567,505024,2,0.35,Salaried,2,1,736990,No,Yes
24,91168,775,233406,0,0.56,Salaried,0,3,498343,No,Yes
35,161115,552,266739,9,0.09,Self-Employed,3,2,593266,No,Yes
26,89939,695,710556,2,0.46,Self-Employed,1,0,681184,Yes,Yes
50,33732,588,764960,21,0.54,Contract,2,2,411439,Yes,No
58,73244,511,268124,31,0.36,Contract,1,0,930136,No,Yes
22,167598,320,260489,0,0.12,Salaried,3,4,585902,Yes,Yes
35,27340,615,867025,15,0.21,Business,5,0,933880,No,No
31,40394,737,422567,11,0.49,Contract,0,4,506014,No,No
28,116557,722,901491,4,0.63,Contract,2,3,902081,Yes,Yes
46,153174,532,157041,25,0.32,Business,0,4,33042,Yes,Yes
65,37159,422,251867,37,0.41,Salaried,4,1,829303,Yes,No
64,140366,513,795746,40,0.2,Salaried,0,1,147250,No,Yes
25,214164,339,880833,0,0.32,Contract,5,1,764290,Yes,Yes
26,24212,631,868025,0,0.27,Salaried,3,2,835653,No,No
46,246432,481,977965,25,0.48,Salaried,3,1,762332,Yes,Yes
24,55405,564,143220,1,0.69,Contract,4,4,332389,No,No
39,148632,832,609978,17,0.58,Contract,0,4,582527,Yes,Yes
40,95061,731,669648,15,0.17,Self-Employed,5,4,131593,No,Yes
53,112296,495,118923,30,0.43,Self-Employed,3,1,402019,No,No
40,73186,808,596114,12,0.09,Salaried,3,3,123764,Yes,Yes
32,193311,746,432384,4,0.21,Business,3,3,298153,Yes,Yes
21,242065,827,719913,0,0.16,Self-Employed,3,2,891234,No,Yes
46,141145,501,289438,18,0.27,Salaried,1,4,62445,Yes,Yes
34,28532,432,365309,12,0.49,Business,2,4,476273,Yes,No
58,228126,438,825415,36,0.37,Self-Employed,1,2,245298,No,Yes
57,221084,792,893886,34,0.66,Self-Employed,3,4,416171,No,Yes
31,234351,369,843391,3,0.19,Salaried,5,0,663922,Yes,Yes
56,84540,314,879147,31,0.29,Contract,0,2,615948,Yes,Yes
33,121021,511,996883,5,0.26,Contract,1,4,706033,Yes,Yes
63,21271,359,465890,36,0.2,Business,4,2,196607,Yes,No
23,194554,551,190631,0,0.7,Contract,2,0,996736,Yes,Yes
53,18209,745,606540,29,0.3,Salaried,0,0,354442,No,Yes
26,240071,301,338248,0,0.66,Self-Employed,1,1,226207,No,No
30,154611,635,968055,7,0.3,Business,2,4,358402,No,Yes
25,37977,318,639957,2,0.18,Contract,5,0,839919,No,No
43,223214,377,187679,16,0.13,Self-Employed,1,0,341600,No,Yes
30,127920,771,650927,7,0.61,Salaried,4,0,382055,No,Yes
64,146156,327,879405,38,0.07,Salaried,3,1,27099,No,Yes
22,117588,464,700430,0,0.68,Self-Employed,4,4,504485,Yes,No
33,86684,757,997362,13,0.32,Salaried,3,2,154395,Yes,Yes
60,248144,475,522124,31,0.21,Salaried,2,1,406857,Yes,Yes
22,141862,328,546644,0,0.45,Self-Employed,1,4,790774,No,No
40,23607,578,673652,17,0.14,Contract,1,0,164406,Yes,No
21,234194,582,765211,0,0.1,Business,4,1,781491,No,Yes
57,112786,778,368680,35,0.59,Self-Employed,0,3,293397,Yes,Yes
29,144406,818,653872,1,0.33,Self-Employed,2,3,915903,Yes,Yes
37,201011,604,932391,10,0.39,Contract,5,0,365335,No,Yes
29,167666,408,723930,0,0.16,Business,3,4,591701,Yes,Yes
31,207454,623,741298,5,0.09,Salaried,2,4,245062,No,Yes
35,25399,505,519671,9,0.29,Contract,5,1,953453,Yes,No
44,144812,533,671504,21,0.38,Business,4,3,868172,Yes,Yes
58,174189,757,831575,36,0.55,Self-Employed,5,4,226317,No,Yes
55,116662,486,951715,32,0.38,Business,1,1,995426,No,Yes
50,51617,781,938842,25,0.56,Contract,3,1,737901,No,Yes
51,156570,706,502934,28,0.13,Salaried,3,3,163560,Yes,Yes
25,120826,808,544941,2,0.09,Business,5,0,784025,No,Yes
64,147851,819,310474,40,0.15,Business,3,1,307263,Yes,Yes
34,129077,352,262911,8,0.55,Self-Employed,3,0,839293,Yes,Yes
31,68624,697,543798,6,0.54,Business,2,3,700794,No,Yes
29,27628,498,264156,8,0.14,Self-Employed,2,1,48263,Yes,No
54,149401,690,525753,30,0.07,Contract,5,2,868395,Yes,Yes
32,56619,797,620108,7,0.5,Salaried,4,3,217905,Yes,Yes
55,25032,471,148235,31,0.61,Contract,5,3,549960,No,No
55,197166,385,275328,32,0.54,Business,5,2,873810,Yes,Yes
21,56034,485,738578,0,0.18,Business,1,3,845865,No,No
60,120658,455,59990,38,0.43,Self-Employed,5,2,709070,Yes,Yes
42,139123,792,62778,21,0.54,Self-Employed,5,2,575909,No,Yes
49,104158,820,412340,21,0.22,Contract,1,3,739567,No,Yes
28,73264,429,137448,1,0.39,Contract,2,2,541050,Yes,Yes
31,112120,380,756966,3,0.25,Contract,4,2,523229,No,Yes
61,65850,683,554882,32,0.2,Salaried,0,3,182580,Yes,Yes
57,22722,594,142334,35,0.68,Self-Employed,5,2,608658,No,No
34,35772,568,125012,14,0.64,Contract,5,0,199403,Yes,No
50,104105,834,109871,30,0.34,Self-Employed,5,3,106089,No,Yes
55,190751,677,166445,33,0.14,Contract,3,3,795127,No,Yes
41,217843,675,787502,18,0.52,Salaried,5,0,288473,No,Yes
57,22576,387,996444,36,0.22,Self-Employed,1,4,885583,Yes,No
25,175779,410,401017,0,0.16,Self-Employed,3,1,452731,No,Yes
39,117404,453,794316,17,0.3,Self-Employed,1,2,771049,Yes,Yes
34,190704,762,829140,11,0.39,Self-Employed,5,2,406903,Yes,Yes
46,59476,455,341734,21,0.11,Salaried,0,1,458918,Yes,Yes
24,179357,617,494733,0,0.42,Contract,5,2,587505,Yes,No
45,42154,537,537808,20,0.06,Salaried,1,2,506697,Yes,No
65,169126,633,117145,40,0.63,Self-Employed,5,0,390811,Yes,Yes
62,35165,405,996801,37,0.65,Business,0,0,222821,Yes,No
45,32439,781,733226,22,0.53,Salaried,1,0,744474,No,No
38,136211,681,171909,14,0.35,Business,2,0,323608,No,Yes
60,62518,560,870423,34,0.22,Self-Employed,3,3,363605,Yes,Yes
28,237123,592,576195,2,0.53,Self-Employed,4,2,630102,Yes,No
59,44962,634,785874,34,0.66,Salaried,4,1,510881,Yes,No
60,203006,775,469154,31,0.15,Business,1,2,450270,Yes,Yes
34,55763,524,912911,9,0.35,Salaried,4,3,266064,Yes,Yes
52,134189,753,449026,27,0.25,Salaried,5,3,639103,No,Yes
58,128290,595,815825,35,0.28,Salaried,3,2,993630,No,Yes
53,213166,762,367744,31,0.31,Self-Employed,2,2,319045,No,Yes
43,128814,513,565870,23,0.67,Contract,2,0,892056,No,Yes
35,37464,457,293439,13,0.22,Business,0,3,982614,Yes,Yes
53,191108,571,895044,31,0.37,Contract,4,2,623355,Yes,Yes
45,141980,537,349849,17,0.67,Contract,5,1,513227,No,No
37,245021,602,530884,15,0.36,Self-Employed,3,1,131992,Yes,Yes
53,182342,820,329759,26,0.61,Self-Employed,4,0,166331,Yes,Yes
22,60299,620,815924,0,0.09,Self-Employed,3,0,267162,No,No
34,234877,358,125475,12,0.67,Salaried,0,2,255890,No,Yes
60,49541,657,945486,31,0.17,Self-Employed,5,1,465372,Yes,Yes
60,91545,550,145490,31,0.69,Self-Employed,4,3,381460,Yes,Yes
59,231615,735,835787,34,0.16,Self-Employed,2,4,783791,No,Yes
26,241070,445,572402,0,0.34,Self-Employed,0,1,610725,No,Yes
26,147188,651,378417,0,0.25,Contract,5,3,426565,Yes,Yes
23,226150,544,136356,0,0.33,Contract,4,1,110276,Yes,Yes
27,232042,600,298739,0,0.21,Self-Employed,2,2,157389,Yes,Yes
28,47765,737,885135,0,0.68,Contract,2,4,966849,Yes,No
62,41769,399,682735,34,0.25,Self-Employed,3,4,438138,No,No
35,237073,779,764485,8,0.47,Business,2,2,159529,No,Yes
49,236476,714,755041,23,0.14,Salaried,1,2,139602,No,Yes
53,38156,464,258929,24,0.59,Self-Employed,4,0,335813,Yes,No
50,234908,601,82567,28,0.4,Contract,4,3,472760,No,Yes
59,199553,420,827189,33,0.69,Salaried,3,3,12686,Yes,No
47,162507,387,578706,24,0.33,Contract,2,0,65673,Yes,Yes
56,218722,516,354308,35,0.18,Business,3,3,951703,No,Yes
49,195408,478,576274,22,0.27,Business,1,4,820007,Yes,Yes
58,185207,462,804010,37,0.53,Salaried,3,1,25335,Yes,No
53,91631,469,612881,33,0.48,Business,4,4,804892,No,No
57,55909,600,346127,33,0.56,Self-Employed,5,0,864346,Yes,Yes
47,87487,673,162194,18,0.1,Business,5,3,721909,Yes,Yes
53,170540,502,552480,25,0.43,Contract,3,3,972668,Yes,Yes
24,241681,346,565949,0,0.66,Self-Employed,4,1,193483,Yes,No
42,65655,762,999493,21,0.12,Contract,0,1,899578,Yes,Yes
22,183413,707,410692,0,0.11,Salaried,1,1,998301,No,Yes
30,213254,493,175605,7,0.52,Salaried,1,4,881469,No,Yes
25,69786,726,359031,0,0.25,Salaried,4,0,722946,No,Yes
30,86304,616,990946,4,0.48,Contract,5,0,703998,Yes,No
53,121606,778,572962,29,0.4,Contract,0,0,237468,No,Yes
58,195586,720,847675,35,0.69,Salaried,2,4,474023,Yes,Yes
33,138938,568,574420,9,0.63,Contract,3,2,168095,No,No
51,183051,780,196628,25,0.49,Salaried,2,3,882988,Yes,Yes
56,239959,562,376541,32,0.22,Salaried,0,4,798498,No,Yes
65,98981,725,919722,38,0.22,Contract,1,0,336224,Yes,Yes
44,73107,465,764800,18,0.62,Self-Employed,2,4,431819,No,No
35,150232,727,584127,9,0.43,Salaried,0,4,65229,Yes,Yes
49,105897,696,813747,21,0.56,Business,1,2,734446,No,Yes
28,90577,515,240136,1,0.34,Self-Employed,5,1,717759,Yes,Yes
25,233375,406,292791,0,0.12,Self-Employed,2,0,608236,No,Yes
49,159918,397,266994,24,0.27,Self-Employed,5,4,581679,No,Yes
24,122180,781,486436,0,0.15,Self-Employed,1,1,394557,No,Yes
32,37924,798,915796,5,0.56,Salaried,4,3,427360,Yes,No
65,129193,529,746438,40,0.51,Salaried,1,3,502102,Yes,Yes
22,162954,556,806567,0,0.11,Salaried,1,3,230901,No,Yes
47,229346,342,437832,26,0.45,Business,0,4,948308,No,Yes
51,235627,541,378574,25,0.62,Salaried,0,4,252647,No,Yes
56,19095,394,313409,27,0.5,Salaried,3,2,578247,No,No
56,122205,487,728167,34,0.38,Business,0,0,688522,No,Yes
46,190055,684,277751,17,0.25,Salaried,4,1,60592,No,Yes
63,32123,699,230586,36,0.63,Contract,4,3,235775,Yes,Yes
47,242740,805,237388,22,0.32,Contract,5,1,128806,No,Yes
25,215687,466,911933,2,0.61,Salaried,1,2,827613,Yes,Yes
40,244265,424,114817,19,0.56,Self-Employed,0,3,290954,Yes,Yes
31,63278,386,408092,5,0.58,Salaried,3,1,331121,No,No
30,115911,788,737589,10,0.69,Business,0,0,853395,No,Yes
60,239362,525,222345,34,0.54,Self-Employed,3,0,874704,Yes,Yes
58,69999,644,629072,29,0.07,Business,1,2,551313,Yes,Yes
26,49153,817,985594,0,0.18,Contract,5,1,14793,Yes,No
28,36344,330,286710,2,0.07,Business,5,2,637528,Yes,No
43,248849,595,536793,14,0.17,Salaried,4,2,603947,Yes,Yes
46,55656,713,302673,24,0.09,Contract,0,2,672176,No,Yes
63,219587,434,194446,40,0.38,Self-Employed,0,4,197670,Yes,Yes
32,19212,824,177247,9,0.07,Salaried,4,0,275811,No,Yes
46,138385,303,620404,23,0.36,Contract,4,4,720518,Yes,Yes
33,158073,477,786271,5,0.63,Self-Employed,5,4,897582,Yes,Yes
60,96784,558,109133,35,0.54,Contract,5,0,480063,Yes,Yes
38,116723,364,572582,9,0.66,Self-Employed,5,2,259389,Yes,Yes
45,99144,662,389482,17,0.2,Self-Employed,2,1,75526,No,Yes
53,185499,316,762638,30,0.4,Business,2,2,488590,No,Yes
60,49368,499,741822,34,0.26,Salaried,2,2,600842,Yes,No
63,219891,843,362285,34,0.37,Self-Employed,4,4,821564,No,Yes
32,79160,511,261519,4,0.41,Self-Employed,2,1,924649,Yes,Yes
64,174926,734,659888,35,0.07,Business,0,0,787822,Yes,Yes
56,28715,572,716015,34,0.2,Self-Employed,4,3,205487,No,No
24,230773,589,878296,2,0.51,Self-Employed,0,0,643138,Yes,Yes
25,76784,782,449626,0,0.55,Contract,4,1,444990,Yes,Yes
57,147193,533,503604,30,0.42,Salaried,1,0,461388,Yes,Yes
28,117644,707,413845,8,0.23,Business,0,4,850881,No,Yes
62,44797,445,791277,39,0.31,Business,4,1,493874,No,No
48,65573,729,292407,21,0.11,Self-Employed,3,3,315038,No,Yes
51,94120,731,214750,26,0.67,Self-Employed,4,3,513758,Yes,Yes
29,32780,844,72970,8,0.61,Business,1,1,406708,No,Yes
49,55905,796,896383,22,0.09,Self-Employed,4,0,117575,No,Yes
34,170645,388,563885,14,0.16,Self-Employed,1,3,339274,No,Yes
60,134049,710,461723,40,0.43,Contract,2,1,405160,No,Yes
61,147651,540,242758,35,0.2,Business,0,1,322851,No,Yes
42,51359,522,985739,13,0.66,Self-Employed,1,1,18879,Yes,No
31,84062,767,884115,9,0.54,Salaried,3,2,151397,No,Yes
43,91391,621,957576,16,0.23,Self-Employed,0,0,498083,Yes,Yes
21,61463,674,128399,0,0.05,Contract,4,1,733854,Yes,Yes
57,117596,411,422405,30,0.57,Contract,4,1,706893,No,No
41,113018,826,772511,21,0.33,Business,1,2,136557,Yes,Yes
46,34571,711,142874,26,0.47,Contract,3,4,973597,Yes,Yes
56,246348,568,714757,31,0.24,Contract,1,2,47992,Yes,Yes
43,168214,551,414474,23,0.14,Salaried,3,1,661156,Yes,Yes
21,43104,673,603943,0,0.49,Contract,5,0,876481,No,No
60,26625,749,548389,35,0.34,Self-Employed,1,2,872416,Yes,Yes
35,57199,836,377590,11,0.2,Contract,2,1,236372,Yes,Yes
41,138725,667,355783,16,0.14,Salaried,2,0,76446,Yes,Yes
29,164998,554,330974,6,0.43,Business,2,2,807758,No,Yes
29,49218,762,544832,9,0.52,Salaried,1,3,801722,No,No
30,193544,567,58014,4,0.23,Self-Employed,0,0,199210,Yes,Yes
46,109916,425,302617,17,0.53,Self-Employed,4,1,827533,Yes,Yes
61,141182,692,808683,33,0.17,Business,0,0,189004,Yes,Yes
55,38566,633,242803,32,0.27,Salaried,4,0,289861,Yes,Yes
45,205197,667,748421,22,0.53,Salaried,3,1,878026,Yes,Yes
46,51205,755,905184,18,0.48,Business,2,3,979451,Yes,Yes
31,127084,366,202931,8,0.23,Business,2,0,128950,Yes,Yes
58,47717,365,528805,29,0.13,Business,4,1,638728,No,No
22,199056,699,388902,0,0.08,Business,2,0,378339,Yes,Yes
27,125292,586,724268,0,0.59,Self-Employed,0,4,494351,No,No
38,174207,485,209765,15,0.1,Self-Employed,1,3,186756,Yes,Yes
47,177236,583,925850,19,0.12,Business,2,4,251896,Yes,Yes
54,223561,815,981107,27,0.2,Contract,5,0,108466,No,Yes
47,56562,536,274491,23,0.34,Business,2,3,860512,Yes,Yes
37,218182,317,259948,9,0.56,Contract,5,1,975111,No,No
63,38169,713,617990,36,0.21,Contract,3,4,332824,Yes,Yes
64,208930,308,723705,35,0.4,Salaried,1,3,757370,Yes,Yes
44,39604,719,72687,21,0.11,Contract,4,3,396925,Yes,Yes
45,107670,328,341725,22,0.35,Contract,1,0,465161,Yes,Yes
27,132605,647,480609,7,0.17,Contract,1,4,373130,Yes,Yes
26,106738,749,405877,3,0.19,Self-Employed,4,1,401227,Yes,Yes
44,149756,679,844724,17,0.29,Salaried,1,2,359245,No,Yes
53,146140,665,419953,29,0.54,Salaried,3,0,964110,Yes,Yes
49,120537,526,970952,24,0.53,Contract,5,3,193401,Yes,No
63,129301,417,856060,40,0.32,Self-Employed,0,4,462419,Yes,Yes
42,26007,711,720038,18,0.13,Business,1,2,887711,No,Yes
46,132915,655,744175,17,0.23,Self-Employed,0,3,817311,No,Yes
48,249704,553,600765,21,0.38,Salaried,3,4,70380,Yes,Yes
41,135419,842,365970,13,0.62,Contract,3,4,433775,Yes,Yes
27,59787,743,509966,5,0.68,Self-Employed,1,2,874799,Yes,Yes
37,67582,380,794886,8,0.46,Contract,2,3,280693,Yes,No
40,223863,345,594298,17,0.28,Business,1,2,841974,No,Yes
61,246870,348,901578,40,0.5,Self-Employed,0,1,382982,No,Yes
40,101629,748,108133,16,0.27,Business,3,0,592887,No,Yes
42,23782,706,288934,19,0.46,Business,0,0,20277,Yes,No
48,84770,582,614931,23,0.21,Salaried,0,1,289206,Yes,Yes
60,75645,772,933532,35,0.22,Salaried,4,3,747725,Yes,Yes
27,121509,715,957388,0,0.1,Contract,3,2,25806,Yes,Yes
21,248796,420,229065,0,0.32,Business,3,0,437624,Yes,Yes
52,181068,302,302572,30,0.45,Business,0,1,474911,No,Yes
33,47204,615,553335,7,0.56,Salaried,5,4,362309,No,No
50,35152,759,284855,28,0.58,Business,3,0,820749,Yes,No
43,204258,526,206150,18,0.7,Self-Employed,5,0,948732,Yes,Yes
39,108555,378,115708,10,0.11,Business,5,1,439966,Yes,Yes
52,234096,843,853702,32,0.37,Business,1,2,509729,No,Yes
50,37689,370,305369,23,0.39,Salaried,4,0,879123,No,No
49,199762,496,667932,23,0.57,Salaried,1,2,819508,Yes,Yes
65,243114,357,655868,37,0.22,Contract,2,1,707639,Yes,Yes
49,101251,723,187335,27,0.1,Salaried,2,4,191822,Yes,Yes
50,206392,768,332896,23,0.25,Self-Employed,5,0,967507,Yes,Yes
36,213298,347,848053,15,0.69,Business,0,2,885920,No,Yes
60,205163,734,92369,32,0.63,Contract,5,2,418528,Yes,Yes
39,124565,484,646880,19,0.31,Business,2,3,324849,Yes,Yes
38,228373,464,372411,9,0.62,Salaried,1,2,844423,Yes,Yes
21,171014,630,661161,0,0.07,Business,2,2,344511,Yes,Yes
34,56712,629,961222,5,0.25,Business,0,1,124706,No,Yes
22,214349,420,850677,2,0.52,Self-Employed,3,2,842085,No,No
48,67632,512,344820,23,0.19,Business,4,3,118454,Yes,Yes
50,187103,806,163982,30,0.18,Self-Employed,0,4,218320,Yes,Yes
58,38478,467,509012,35,0.61,Business,0,3,878660,No,No
24,40551,845,233576,0,0.45,Salaried,0,4,282529,No,Yes
21,66068,726,182424,0,0.69,Contract,1,0,851659,No,Yes
28,111608,520,841675,6,0.14,Salaried,3,4,181099,No,Yes
49,53561,309,551211,26,0.28,Contract,0,4,15580,No,No
59,151964,419,226405,34,0.25,Business,3,3,750770,No,Yes
23,248574,546,109484,0,0.62,Salaried,5,1,505944,No,No
52,42395,659,134926,29,0.22,Self-Employed,0,1,109664,No,Yes
30,36756,520,930162,5,0.28,Salaried,1,4,330929,Yes,No
30,236782,805,362118,4,0.14,Self-Employed,0,3,829982,No,Yes
39,183723,357,932815,16,0.55,Business,5,1,155992,No,No
54,84333,759,790100,29,0.2,Business,2,1,279158,No,Yes
53,222817,427,115702,31,0.09,Contract,1,3,808482,Yes,Yes
43,198378,385,464526,19,0.33,Salaried,0,4,256858,No,Yes
48,170418,403,685115,19,0.3,Business,0,0,43751,Yes,Yes
52,131561,442,984943,29,0.17,Contract,0,3,512868,Yes,Yes
27,46024,504,444470,1,0.14,Contract,2,3,156110,Yes,No
49,244022,337,578574,24,0.63,Business,2,3,100905,No,Yes
28,189890,662,516761,2,0.09,Self-Employed,0,4,978880,No,Yes
21,23947,608,381687,0,0.11,Self-Employed,2,4,19973,No,No
23,224225,351,327136,2,0.21,Contract,0,3,10771,No,Yes
44,235312,300,636340,18,0.67,Business,2,1,213920,No,Yes
43,145192,310,811422,16,0.11,Salaried,3,0,923654,No,Yes
28,112238,513,715083,2,0.58,Salaried,5,2,253699,Yes,No
57,85428,817,930072,34,0.63,Contract,0,3,680848,No,Yes
23,178826,714,115183,0,0.3,Salaried,5,3,575836,Yes,Yes
53,81355,307,195662,29,0.24,Business,0,4,27097,No,Yes
48,207313,304,917606,20,0.49,Salaried,4,4,576352,No,No
28,218032,661,95002,4,0.51,Salaried,4,2,711652,No,Yes
54,147958,411,489995,33,0.56,Business,1,4,795776,Yes,Yes
55,162490,572,796444,31,0.59,Self-Employed,3,4,635770,Yes,Yes
52,244494,721,287265,30,0.22,Self-Employed,3,1,913816,No,Yes
44,249391,564,193088,15,0.5,Contract,1,0,443246,Yes,Yes
34,237665,757,753543,7,0.14,Business,4,1,570226,No,Yes
52,204256,511,447960,23,0.38,Self-Employed,1,3,506521,Yes,Yes
63,153905,377,551316,34,0.45,Salaried,4,1,954816,No,No
36,224502,520,160269,15,0.16,Contract,0,2,321343,No,Yes
24,190905,668,411450,1,0.1,Business,5,1,319423,No,Yes
57,149637,646,489573,33,0.18,Business,1,4,346270,Yes,Yes
41,189252,324,342383,18,0.32,Contract,2,2,167740,Yes,Yes
34,36402,719,801790,10,0.63,Self-Employed,5,2,650257,No,No
51,191917,653,932433,22,0.4,Contract,4,3,426057,Yes,Yes
38,93851,716,456138,15,0.54,Contract,0,3,47029,No,Yes
27,30834,814,967588,5,0.16,Business,2,4,881938,Yes,Yes
30,85850,514,572203,10,0.12,Business,2,0,646633,Yes,Yes
27,55180,411,364291,4,0.21,Salaried,3,2,490247,Yes,Yes
53,152955,727,947751,25,0.25,Contract,4,4,657648,No,Yes
43,127688,515,110631,23,0.41,Business,0,3,932480,No,Yes
41,224659,712,589661,15,0.62,Business,4,3,48359,No,Yes
39,124520,679,55156,17,0.33,Business,0,0,702922,No,Yes
39,29695,531,219623,12,0.39,Business,5,2,168304,No,No
56,145135,557,874895,31,0.05,Contract,4,2,233422,No,Yes
49,172195,555,160661,29,0.07,Contract,5,4,269933,No,Yes
38,76481,702,885737,9,0.1,Self-Employed,2,0,530234,No,Yes
22,91438,723,190725,0,0.5,Contract,3,1,889363,No,Yes
21,129491,364,831052,0,0.37,Business,5,4,336314,Yes,Yes
25,166645,489,335212,3,0.18,Salaried,1,2,108540,No,Yes
40,139844,472,740147,17,0.44,Contract,4,4,898508,No,No
31,112910,526,206745,5,0.4,Self-Employed,2,4,715328,No,Yes
62,74494,687,197227,37,0.11,Contract,1,4,585423,Yes,Yes
22,161360,700,50570,0,0.47,Business,5,4,84259,No,Yes
23,64978,512,942658,0,0.55,Self-Employed,1,2,595692,No,No
43,221492,352,131736,15,0.24,Business,1,0,95844,Yes,Yes
32,135845,438,762852,11,0.5,Business,5,0,313788,No,No
40,148621,717,192841,18,0.18,Contract,2,3,45472,Yes,Yes
25,225167,442,88921,2,0.54,Contract,5,3,821585,No,No
57,72672,808,462291,32,0.64,Self-Employed,0,1,908273,Yes,Yes
58,79821,785,926021,34,0.34,Self-Employed,1,0,767653,No,Yes
50,101661,736,584589,25,0.21,Self-Employed,3,4,78017,Yes,Yes
29,87224,842,776403,2,0.31,Self-Employed,0,3,954581,Yes,Yes
54,107405,592,436942,33,0.21,Salaried,2,4,697896,No,Yes
64,72796,583,284245,39,0.05,Self-Employed,1,1,996238,Yes,Yes
55,193778,313,760361,27,0.47,Contract,2,0,842129,No,Yes
42,146554,571,491575,18,0.08,Salaried,2,2,737030,No,Yes
64,141777,324,367263,40,0.19,Business,1,1,464397,No,Yes
44,22023,621,119191,17,0.52,Business,2,2,833722,No,No
37,231708,402,590635,14,0.48,Self-Employed,3,0,97440,No,No
30,185807,339,695647,3,0.1,Business,3,2,532312,Yes,Yes
50,90959,534,72053,27,0.48,Salaried,4,0,916387,Yes,Yes
43,57218,388,895488,16,0.65,Contract,1,4,999604,No,No
52,161285,399,632976,24,0.1,Contract,1,1,104643,No,Yes
37,247766,443,438989,13,0.32,Salaried,1,4,669022,Yes,Yes
37,46460,381,894882,13,0.52,Self-Employed,4,0,274473,Yes,No
34,142579,528,176385,13,0.48,Self-Employed,5,0,825512,Yes,Yes
29,82680,694,455520,1,0.2,Self-Employed,3,4,510031,No,Yes
60,49017,812,679104,37,0.16,Salaried,3,4,951470,No,Yes
22,247608,496,81403,0,0.56,Self-Employed,1,4,422573,No,No
65,110038,573,425691,40,0.67,Contract,2,1,348288,Yes,Yes
45,180062,671,419222,23,0.55,Salaried,0,1,663705,No,Yes
59,37515,379,939086,36,0.68,Salaried,0,0,345269,Yes,No
29,179063,534,564503,1,0.44,Business,1,3,537995,No,No
42,156706,586,650706,17,0.65,Business,1,4,742756,Yes,Yes
63,226106,844,896356,34,0.5,Self-Employed,3,2,257279,No,Yes
24,225524,736,178391,0,0.64,Self-Employed,3,2,269543,Yes,Yes
46,178449,426,267307,18,0.16,Contract,2,2,586609,Yes,Yes
49,51001,716,726538,22,0.58,Self-Employed,3,4,304811,No,Yes
65,19391,340,723181,40,0.18,Contract,0,3,164995,Yes,No
54,214278,768,575002,32,0.07,Self-Employed,0,3,172788,Yes,Yes
43,127388,596,294465,17,0.39,Contract,3,1,379815,Yes,Yes
57,60215,341,517983,28,0.26,Salaried,0,3,816812,No,Yes
31,97720,578,394472,6,0.08,Contract,5,2,664416,Yes,Yes
26,45114,758,294539,0,0.69,Self-Employed,0,2,392822,No,Yes
38,160954,332,703484,13,0.48,Business,0,4,673511,No,Yes
41,131142,575,164312,12,0.64,Self-Employed,0,1,580384,No,Yes
62,166345,389,647170,39,0.7,Salaried,4,0,146804,Yes,Yes
56,124206,823,418486,27,0.3,Business,1,1,150357,Yes,Yes
61,63647,459,729484,35,0.22,Contract,2,0,981263,Yes,Yes
58,231737,757,532800,32,0.17,Business,4,1,139855,No,Yes
54,213964,698,136951,27,0.38,Self-Employed,2,3,82553,Yes,Yes
37,60679,390,329655,16,0.44,Business,4,1,204797,No,No
57,18427,765,628876,32,0.36,Business,4,4,501934,Yes,Yes
45,246024,519,288274,23,0.3,Self-Employed,2,0,614216,Yes,Yes
58,147669,718,127567,31,0.16,Self-Employed,1,3,914595,Yes,Yes
32,84267,678,192287,9,0.34,Salaried,3,3,818365,No,Yes
43,18799,746,717211,20,0.11,Business,4,1,86929,Yes,Yes
62,73659,445,214622,40,0.61,Contract,1,3,641400,Yes,Yes
42,243481,532,284676,17,0.08,Self-Employed,3,2,282977,Yes,Yes
41,25025,670,691155,16,0.3,Business,2,2,284481,No,Yes
47,32481,533,892390,27,0.12,Self-Employed,4,2,739019,Yes,No
51,43411,666,444394,24,0.55,Salaried,3,1,583909,No,No
26,245966,780,249014,4,0.25,Self-Employed,1,0,567864,Yes,Yes
47,123928,662,134727,27,0.12,Self-Employed,3,1,327924,No,Yes
60,141014,810,422900,31,0.4,Salaried,2,4,185961,Yes,Yes
54,164033,394,527900,34,0.65,Self-Employed,3,3,570625,Yes,Yes
32,170839,515,343290,12,0.64,Salaried,0,2,393307,No,Yes
65,69690,842,642548,40,0.21,Business,4,1,793301,Yes,Yes
27,70870,434,740663,3,0.52,Business,1,1,194464,Yes,No
30,185207,382,566308,10,0.07,Business,5,3,10205,Yes,Yes
65,213586,690,759373,40,0.14,Contract,1,1,326297,Yes,Yes
37,104928,346,531436,11,0.37,Self-Employed,4,2,933737,No,Yes
46,227870,691,135066,22,0.2,Salaried,4,3,822914,Yes,Yes
41,88765,684,269570,13,0.57,Self-Employed,0,0,924882,No,Yes
48,41772,680,444417,25,0.66,Contract,0,2,599993,No,No
22,148417,376,125547,0,0.05,Self-Employed,1,4,719869,Yes,Yes
63,36799,558,806553,36,0.2,Contract,5,4,594142,No,No
21,130051,698,296404,1,0.34,Self-Employed,3,3,994463,Yes,Yes
56,147941,399,833996,33,0.42,Contract,5,2,629685,Yes,Yes
46,41555,800,519303,20,0.65,Salaried,4,2,385437,Yes,No
49,110152,682,105103,29,0.63,Self-Employed,0,2,452787,Yes,Yes
41,145219,491,267214,14,0.46,Self-Employed,0,4,632988,Yes,Yes
31,168405,644,455880,10,0.22,Salaried,0,3,545738,Yes,Yes
60,153333,309,950440,33,0.56,Salaried,3,4,925098,Yes,Yes
31,137833,563,905056,8,0.18,Business,1,1,295959,Yes,Yes
56,87002,567,91456,29,0.68,Contract,5,0,416614,No,No
59,64553,494,551728,39,0.05,Salaried,1,4,850936,No,Yes
60,21088,706,320808,36,0.42,Business,0,3,438340,No,No
55,63783,595,682672,27,0.11,Contract,3,4,432602,Yes,Yes
54,19115,396,495750,28,0.31,Business,3,1,712596,Yes,No
44,219186,761,156229,22,0.46,Self-Employed,1,1,392596,Yes,Yes
42,217198,386,378840,19,0.5,Contract,4,1,140520,No,No
25,90908,376,716074,0,0.56,Self-Employed,0,1,466529,Yes,Yes
53,87109,782,316456,27,0.44,Self-Employed,3,0,810502,No,Yes
56,20978,445,156691,31,0.21,Self-Employed,4,2,718345,No,No
40,126943,410,691224,17,0.63,Self-Employed,2,1,943618,No,Yes
39,27422,596,988349,17,0.58,Self-Employed,5,0,542759,Yes,No
55,192698,725,756063,34,0.15,Self-Employed,0,4,767960,Yes,Yes
63,107233,633,85215,34,0.59,Business,5,1,473338,No,No
37,74174,822,399708,9,0.68,Business,2,4,339674,No,Yes
65,245428,837,802205,40,0.46,Contract,1,4,323037,No,Yes
63,55743,461,676901,37,0.23,Contract,1,3,112697,Yes,Yes
54,219533,729,552100,34,0.44,Contract,5,0,203672,Yes,Yes
29,206271,368,172184,2,0.27,Self-Employed,1,0,608463,Yes,Yes
46,148288,432,569102,26,0.49,Self-Employed,5,1,458708,Yes,Yes
22,147000,488,746438,1,0.4,Business,3,1,716425,No,Yes
29,140778,578,610552,9,0.65,Business,3,1,824170,No,No
29,47430,729,739844,6,0.45,Contract,4,0,464538,No,No
60,46834,841,929427,39,0.19,Salaried,2,4,258539,Yes,Yes
37,42435,460,399001,17,0.52,Salaried,1,4,320920,Yes,No
21,105212,752,954034,1,0.25,Self-Employed,1,1,214620,No,Yes
45,73797,469,819396,24,0.23,Self-Employed,3,4,81740,Yes,No
63,192626,356,674264,38,0.3,Self-Employed,3,1,182882,Yes,Yes
60,72555,539,747522,39,0.06,Business,3,2,452439,Yes,Yes
62,103350,657,510207,40,0.68,Self-Employed,0,4,746054,No,Yes
45,32716,500,400609,18,0.4,Self-Employed,2,0,43219,Yes,No
59,78261,743,278745,35,0.55,Self-Employed,2,3,747131,Yes,Yes
55,176600,601,951076,28,0.22,Salaried,0,0,603688,Yes,Yes
23,19995,405,614082,0,0.54,Salaried,1,0,527758,Yes,No
57,40414,400,603525,36,0.42,Contract,5,3,361031,No,No
64,162916,396,163742,38,0.33,Self-Employed,5,1,194602,Yes,Yes
64,185731,328,901726,36,0.68,Business,4,4,999159,No,No
50,33522,805,545498,23,0.37,Salaried,4,0,531970,No,Yes
58,147632,737,249079,30,0.48,Contract,1,4,560038,Yes,Yes
54,92034,678,967871,27,0.06,Self-Employed,4,3,946999,Yes,Yes
32,60322,372,63417,9,0.25,Salaried,3,3,284802,No,Yes
39,85638,553,102328,10,0.63,Business,2,4,282376,No,Yes
57,119334,815,512126,31,0.54,Business,5,4,874732,Yes,Yes
64,157596,849,712133,36,0.4,Business,3,3,538441,Yes,Yes
37,48846,319,981709,9,0.64,Business,4,1,307507,Yes,No
30,91643,834,152116,7,0.37,Self-Employed,4,4,304140,Yes,Yes
32,209168,720,105443,6,0.42,Contract,2,2,805337,Yes,Yes
36,132930,745,531121,11,0.3,Contract,5,2,57519,Yes,Yes
44,232876,435,265189,22,0.45,Business,3,4,348158,Yes,Yes
39,196775,804,568225,10,0.26,Self-Employed,2,0,32911,Yes,Yes
28,42399,600,97119,3,0.3,Contract,5,3,465062,No,No
51,224232,332,870100,24,0.68,Contract,4,1,828343,No,No
41,241734,577,787472,20,0.12,Contract,5,2,707775,No,Yes
37,237739,432,577058,15,0.12,Business,2,2,542375,Yes,Yes
43,141182,826,243609,16,0.08,Self-Employed,2,0,617956,No,Yes
57,66591,425,225380,34,0.26,Business,4,4,662966,Yes,Yes
36,169786,644,350092,13,0.31,Self-Employed,2,0,918583,Yes,Yes
26,53877,316,163612,5,0.11,Salaried,3,1,421948,Yes,Yes
28,102106,677,493318,0,0.41,Self-Employed,4,4,79484,No,Yes
45,96018,359,810343,25,0.43,Self-Employed,2,2,680298,Yes,No
38,117854,766,708966,12,0.54,Business,1,2,782641,Yes,Yes
45,208208,690,654502,22,0.68,Business,3,3,660739,Yes,Yes
32,182486,486,310490,7,0.45,Salaried,3,1,312606,Yes,Yes
35,138832,797,169726,8,0.12,Business,3,2,371029,No,Yes
46,104576,660,345169,20,0.11,Self-Employed,5,0,286184,Yes,Yes
61,228015,748,100373,35,0.56,Contract,0,2,787041,Yes,Yes
65,194540,480,850820,40,0.47,Business,4,0,133974,No,No
46,247913,429,919002,23,0.16,Contract,0,0,840081,Yes,Yes
52,228774,448,945246,29,0.21,Contract,2,4,237321,No,Yes
30,221180,771,343064,2,0.54,Contract,4,4,553073,Yes,Yes
36,247610,799,834250,12,0.42,Business,5,2,108944,Yes,Yes
27,110508,654,196083,0,0.43,Self-Employed,3,2,547208,No,Yes
37,64835,510,934315,9,0.19,Contract,3,0,966597,Yes,Yes
43,212405,329,998758,20,0.46,Salaried,5,4,746380,Yes,Yes
46,60464,323,108266,25,0.55,Business,3,2,288637,No,No
41,130454,521,167847,20,0.63,Contract,3,4,210065,No,No
42,171995,700,563205,14,0.53,Contract,2,1,693753,Yes,Yes
27,134062,811,847538,0,0.42,Business,1,0,245683,Yes,Yes
34,210927,387,596074,12,0.49,Self-Employed,5,4,972499,Yes,Yes
35,85445,764,329088,11,0.37,Salaried,4,2,773419,Yes,Yes
27,128454,349,386061,3,0.2,Contract,1,0,50150,Yes,Yes
29,139906,402,222236,8,0.62,Salaried,5,3,741238,Yes,Yes
28,116384,667,257815,7,0.4,Business,4,0,956579,No,Yes
43,216691,791,996219,14,0.44,Self-Employed,5,1,906164,Yes,Yes
49,195218,567,235323,29,0.69,Business,3,0,707914,Yes,Yes
38,78032,696,933327,17,0.69,Self-Employed,5,4,899995,Yes,Yes
51,131521,619,479025,25,0.43,Contract,0,4,320303,No,Yes
50,134378,819,318988,30,0.07,Contract,2,2,856072,Yes,Yes
59,35140,748,813561,39,0.31,Contract,4,2,481845,No,Yes
55,20670,775,886296,27,0.66,Self-Employed,3,0,579886,Yes,No
38,54519,539,257484,17,0.24,Business,0,0,137505,No,Yes
62,62512,557,794227,39,0.7,Contract,3,0,89516,No,No
59,206883,689,358077,37,0.1,Self-Employed,2,4,56817,No,Yes
37,121565,642,63144,14,0.42,Contract,0,4,42562,No,Yes
34,163763,686,319793,8,0.39,Business,5,3,405676,No,Yes
51,123156,693,479861,22,0.22,Salaried,4,3,318826,Yes,Yes
44,183334,569,758034,23,0.67,Salaried,5,3,330478,No,No
55,203964,448,416099,34,0.45,Business,4,2,838222,Yes,Yes
64,43595,679,62818,36,0.2,Contract,5,4,814598,No,Yes
65,206279,327,311644,40,0.3,Contract,4,0,870129,No,Yes
54,182512,448,86880,28,0.52,Salaried,4,0,361056,Yes,Yes
23,26630,719,896541,0,0.24,Salaried,0,3,84259,Yes,Yes
57,180322,579,742693,33,0.62,Salaried,2,2,626094,Yes,Yes
63,243406,481,890490,40,0.16,Salaried,0,2,416558,Yes,Yes
60,247820,465,468346,33,0.22,Self-Employed,4,3,268745,Yes,Yes
46,125461,316,207788,20,0.14,Business,2,0,385782,Yes,Yes
43,226590,449,808641,14,0.12,Contract,1,2,523876,Yes,Yes
64,92191,638,343441,40,0.25,Contract,1,1,972950,Yes,Yes
59,213863,344,331206,38,0.7,Business,5,3,552943,Yes,Yes
35,233190,801,603780,10,0.11,Contract,0,0,27910,Yes,Yes
24,118591,488,812439,4,0.19,Contract,4,1,386587,No,Yes
49,81753,360,661149,23,0.23,Salaried,5,4,576230,Yes,Yes
42,78520,593,237553,15,0.45,Contract,1,0,741644,Yes,Yes
45,22008,332,781084,16,0.53,Business,1,1,970560,No,No
33,193536,598,771737,6,0.54,Business,3,4,818298,No,No
38,125408,714,978071,16,0.06,Business,3,2,191031,Yes,Yes
53,18496,848,348950,27,0.47,Contract,5,0,600533,No,No
36,117767,730,936540,16,0.46,Self-Employed,5,0,741039,No,Yes
65,41212,794,124457,40,0.39,Salaried,2,2,382414,Yes,Yes
62,38637,399,644173,37,0.3,Business,2,0,763381,Yes,No
64,63227,322,649479,36,0.57,Self-Employed,4,3,111390,Yes,No
22,231485,719,97674,0,0.27,Contract,1,1,837737,Yes,Yes
55,137753,723,654703,31,0.2,Salaried,0,4,228579,No,Yes
62,138118,786,513698,34,0.25,Self-Employed,0,4,692763,No,Yes
54,232418,388,355271,26,0.34,Contract,3,1,218616,Yes,Yes
50,27884,508,466718,25,0.19,Contract,2,3,475388,Yes,No
33,134481,570,931461,9,0.44,Self-Employed,4,0,321150,No,No
33,86259,705,253265,4,0.62,Self-Employed,3,2,843774,Yes,Yes
38,67810,577,295365,17,0.44,Business,3,2,465321,No,No
52,147926,505,231796,25,0.34,Salaried,4,0,371373,Yes,Yes
52,22761,627,449456,25,0.57,Salaried,4,4,815724,No,No
55,222238,635,530102,29,0.54,Business,5,1,172717,Yes,Yes
59,34375,337,157889,32,0.29,Salaried,1,1,130908,No,Yes
49,174290,527,360688,27,0.44,Salaried,4,4,266232,Yes,Yes
49,179637,782,984144,27,0.52,Contract,4,1,306381,Yes,Yes
64,120654,433,82895,40,0.21,Self-Employed,3,4,266170,No,Yes
36,50975,689,944310,16,0.29,Business,3,3,778533,No,Yes
64,176145,724,407531,40,0.12,Self-Employed,0,0,55802,No,Yes
30,218798,809,848352,8,0.69,Salaried,5,4,297720,No,Yes
50,150955,726,785288,24,0.11,Salaried,0,3,620576,No,Yes
45,217494,773,654741,16,0.16,Business,0,4,868006,No,Yes
59,198701,660,211715,31,0.36,Self-Employed,4,3,928552,No,Yes
40,213242,510,865659,20,0.61,Contract,1,3,309764,Yes,Yes
25,92489,478,335395,0,0.28,Self-Employed,3,3,496213,Yes,Yes
21,26381,357,860670,1,0.55,Self-Employed,2,0,238597,Yes,No
50,172310,372,634332,28,0.49,Business,1,4,842036,No,Yes
23,162867,514,208795,0,0.47,Contract,5,4,381161,Yes,No
65,245036,372,871405,38,0.6,Self-Employed,2,4,394312,No,Yes
34,80999,766,668580,14,0.06,Self-Employed,5,3,46308,No,Yes
50,67907,570,713873,29,0.65,Salaried,4,1,785522,Yes,No
24,158710,798,735585,0,0.59,Salaried,5,1,337493,Yes,Yes
38,88467,653,971883,13,0.66,Contract,2,4,607781,Yes,Yes
57,60623,533,156371,33,0.57,Self-Employed,5,1,277984,Yes,Yes
45,187564,618,192377,23,0.62,Self-Employed,5,1,842970,Yes,Yes
21,175483,318,606010,0,0.18,Salaried,0,1,160019,No,Yes
35,128724,671,830157,9,0.26,Contract,5,3,765769,Yes,Yes
29,169606,483,127684,9,0.25,Business,3,4,536507,Yes,Yes
35,178253,576,105429,14,0.12,Salaried,1,4,74841,No,Yes
44,121069,444,652725,16,0.52,Self-Employed,0,2,958496,No,Yes
24,37996,380,276707,1,0.14,Business,3,2,390133,Yes,No
32,221161,621,223548,5,0.08,Self-Employed,5,1,913313,Yes,Yes
57,123682,734,225325,29,0.55,Self-Employed,0,4,21538,No,Yes
57,101609,342,463924,31,0.64,Self-Employed,1,1,293477,Yes,Yes
63,221738,612,948853,40,0.55,Contract,4,3,920140,Yes,Yes
26,178477,592,770323,2,0.59,Business,2,4,277832,Yes,Yes
59,119490,368,864053,34,0.44,Self-Employed,4,3,308318,Yes,Yes
44,89325,355,473217,17,0.63,Contract,5,3,233531,No,No
31,46930,503,541323,2,0.37,Business,5,4,253858,Yes,No
33,132426,719,326364,6,0.69,Salaried,2,1,377512,No,Yes
54,35529,849,926662,26,0.12,Contract,2,2,530740,Yes,Yes
45,71546,542,901554,17,0.58,Business,5,1,369420,Yes,No
27,25942,500,131757,4,0.47,Self-Employed,1,2,136865,No,No
24,25548,773,155385,0,0.43,Self-Employed,1,0,97097,No,Yes
28,133248,826,380051,6,0.52,Contract,4,2,412699,Yes,Yes
40,167368,376,744430,20,0.6,Salaried,3,4,812847,Yes,Yes
49,200088,777,89150,24,0.61,Contract,3,2,140969,No,Yes
65,115780,739,564443,40,0.16,Salaried,4,0,786601,Yes,Yes
30,18296,562,291983,2,0.18,Salaried,2,2,78014,No,No
63,85945,484,373406,38,0.06,Contract,1,1,77497,No,Yes
54,77980,354,159756,34,0.14,Contract,4,2,384747,Yes,Yes
46,74782,607,531588,24,0.22,Contract,3,4,769384,Yes,Yes
61,183301,815,601449,40,0.52,Business,2,4,849901,Yes,Yes
23,114382,598,202252,2,0.36,Business,3,3,622402,No,Yes
26,71444,529,262473,1,0.54,Contract,2,1,293432,Yes,Yes
25,53036,676,330969,0,0.37,Business,3,1,775389,No,Yes
25,57322,585,142811,5,0.41,Business,5,2,392816,Yes,Yes
43,176239,437,444233,14,0.12,Salaried,0,2,792908,Yes,Yes
29,69667,777,201957,5,0.55,Self-Employed,2,4,735886,Yes,Yes
55,112527,306,151351,30,0.54,Self-Employed,2,3,651482,No,Yes
40,101337,718,96260,17,0.25,Business,2,0,711218,No,Yes
62,69468,771,453476,37,0.26,Salaried,0,2,475492,No,Yes
55,90894,719,498162,31,0.19,Contract,0,1,728101,Yes,Yes
38,202156,575,752022,12,0.58,Salaried,3,2,957652,No,No
37,81138,389,873450,14,0.54,Salaried,1,3,242487,Yes,No
44,40588,581,236171,24,0.45,Self-Employed,5,1,668385,Yes,No
23,80901,847,243378,2,0.21,Contract,3,3,179124,No,Yes
52,166743,470,472446,27,0.16,Self-Employed,2,1,498363,Yes,Yes
55,101038,654,861201,26,0.08,Business,2,2,266246,Yes,Yes
58,239736,503,417839,37,0.08,Self-Employed,5,3,517676,Yes,Yes
33,180717,588,740574,9,0.17,Salaried,3,4,491617,No,Yes
45,156709,761,82492,22,0.12,Contract,4,1,544388,No,Yes
29,149732,472,900199,3,0.41,Contract,1,3,479515,Yes,Yes
24,125211,600,270115,1,0.28,Contract,0,3,27812,No,Yes
34,24922,828,636761,8,0.34,Self-Employed,1,0,784183,Yes,Yes
57,111697,439,428231,30,0.44,Self-Employed,4,0,297773,No,No
54,193793,577,159015,28,0.48,Self-Employed,3,2,489528,Yes,Yes
31,206328,810,662503,10,0.47,Business,3,4,508510,Yes,Yes
61,135217,645,291495,40,0.22,Self-Employed,2,4,509426,Yes,Yes
23,87506,439,53687,0,0.58,Business,5,3,725054,Yes,No
48,218015,413,754495,22,0.65,Self-Employed,3,3,131563,No,No
49,142338,806,507851,29,0.26,Business,4,3,199699,No,Yes
29,45843,665,647688,2,0.06,Salaried,3,1,11947,No,No
23,158118,696,908095,1,0.63,Salaried,3,2,158061,Yes,Yes
45,238408,410,931441,19,0.65,Contract,4,2,475327,No,No
54,213057,657,886136,32,0.08,Salaried,0,0,248904,Yes,Yes
32,229155,537,432375,9,0.05,Contract,1,3,569992,Yes,Yes
62,121064,302,457050,35,0.58,Business,3,3,796418,Yes,Yes
29,245997,703,452137,8,0.25,Contract,1,1,991233,Yes,Yes
35,144417,324,953680,10,0.64,Salaried,1,3,490783,Yes,Yes
60,134585,808,733933,31,0.19,Business,2,3,457327,No,Yes
45,48346,764,874308,17,0.61,Contract,0,2,743067,No,No
25,237356,360,840698,0,0.09,Business,1,3,678139,Yes,Yes
31,141152,807,87713,3,0.22,Business,2,1,530502,Yes,Yes
54,129769,422,976489,30,0.68,Salaried,4,1,770739,Yes,Yes
44,120391,796,72068,22,0.2,Business,4,4,568990,Yes,Yes
35,240456,354,664524,10,0.14,Self-Employed,4,4,29090,No,Yes
58,202598,462,713726,30,0.61,Salaried,5,0,925601,Yes,Yes
28,91143,338,544071,3,0.13,Contract,5,1,928233,Yes,Yes
25,54787,382,119384,2,0.11,Self-Employed,4,1,675546,No,Yes
46,51583,845,604760,22,0.26,Salaried,4,2,707309,No,Yes
38,161635,412,708816,12,0.46,Business,2,4,678571,No,Yes
26,195132,724,265750,0,0.51,Contract,0,0,396999,Yes,Yes
57,139943,529,193103,35,0.62,Business,0,2,786342,Yes,Yes
33,182762,582,135675,5,0.4,Business,2,2,780510,Yes,Yes
48,129233,586,725386,28,0.31,Contract,2,4,976666,No,Yes
25,243784,454,615175,0,0.28,Contract,5,2,868538,Yes,Yes
33,32925,464,209849,9,0.6,Salaried,3,4,901732,Yes,No
37,235859,481,182732,8,0.52,Salaried,1,1,836239,No,Yes
60,101184,538,339295,32,0.64,Business,5,1,495676,Yes,Yes
65,169180,638,336757,40,0.68,Salaried,5,4,669494,Yes,Yes
52,94515,811,115266,32,0.25,Self-Employed,4,3,418542,No,Yes
49,217330,565,259816,20,0.39,Contract,5,3,280926,Yes,Yes
23,154427,486,683308,0,0.46,Business,5,0,330976,No,No
60,64069,339,366882,31,0.16,Self-Employed,1,3,883432,No,Yes
54,243407,792,751137,26,0.08,Self-Employed,3,0,537511,No,Yes
60,118854,690,604990,36,0.61,Contract,0,4,973578,No,Yes
47,72471,559,269450,24,0.4,Salaried,4,4,816179,Yes,Yes
33,50705,475,174188,10,0.42,Self-Employed,5,4,69232,Yes,Yes
65,192981,628,651551,38,0.41,Business,5,0,432763,Yes,Yes
53,237678,499,957245,33,0.54,Self-Employed,0,2,229651,Yes,Yes
26,146501,495,309751,6,0.14,Contract,2,0,518517,No,Yes
44,134361,830,442455,17,0.45,Salaried,1,2,270791,Yes,Yes
39,202811,361,686513,18,0.36,Salaried,0,1,752282,Yes,Yes
36,225892,626,410069,7,0.63,Business,3,1,973156,No,No
60,105273,580,964860,35,0.39,Business,0,2,376232,No,Yes
48,41241,526,111804,27,0.66,Business,4,2,972297,No,No
53,176486,357,666628,29,0.28,Business,4,3,614721,Yes,Yes
61,68818,776,325165,39,0.68,Business,1,2,530539,No,Yes
33,169967,675,691899,7,0.62,Self-Employed,2,2,374401,No,Yes
63,110307,542,94001,35,0.43,Self-Employed,5,4,930115,Yes,Yes
65,211481,666,724452,40,0.28,Contract,4,0,237589,Yes,Yes
45,204396,799,472131,19,0.29,Salaried,3,2,844861,Yes,Yes
62,84920,551,554120,35,0.55,Self-Employed,1,4,985557,No,Yes
56,202627,621,496539,27,0.43,Business,4,2,99813,Yes,Yes
47,136642,675,438976,20,0.31,Contract,3,3,241182,No,Yes
58,83453,708,519253,32,0.46,Business,5,2,142725,Yes,Yes
27,40689,787,681014,4,0.53,Salaried,0,2,830668,Yes,Yes
25,213428,642,232974,2,0.06,Business,5,4,976944,Yes,Yes
63,242083,539,327883,34,0.11,Contract,3,2,863372,Yes,Yes
65,157324,438,909444,37,0.11,Contract,5,4,323739,Yes,Yes
51,48844,421,516683,22,0.2,Contract,1,0,374830,No,No
43,113687,719,63699,15,0.33,Salaried,4,4,254706,Yes,Yes
62,41365,603,183876,38,0.57,Self-Employed,2,0,995633,No,No
30,155098,414,492120,4,0.28,Self-Employed,2,2,448303,Yes,Yes
52,116303,642,497812,26,0.06,Contract,3,0,728358,No,Yes
63,46523,550,231065,35,0.36,Self-Employed,3,1,589173,No,No
50,159554,306,507582,24,0.7,Salaried,3,1,71991,Yes,Yes
59,130105,478,612631,32,0.28,Business,4,4,505553,No,Yes
51,66888,444,454991,25,0.67,Salaried,2,3,33930,No,No
38,131884,715,827558,15,0.12,Self-Employed,2,2,721710,Yes,Yes
56,124968,420,683273,35,0.16,Salaried,1,1,498843,No,Yes
22,68110,423,375156,0,0.52,Business,1,3,386678,No,No
34,239716,449,359830,8,0.38,Salaried,0,4,369405,Yes,Yes
33,149565,696,760917,5,0.55,Self-Employed,4,0,522297,Yes,Yes
49,205266,680,376380,28,0.61,Business,3,2,249507,No,Yes
32,100001,300,226946,6,0.21,Self-Employed,1,0,101405,Yes,Yes
59,57767,543,180025,36,0.49,Business,0,2,760410,Yes,Yes
22,47550,697,168222,0,0.44,Contract,0,1,324043,Yes,Yes
52,162905,550,605874,28,0.61,Business,2,3,310510,Yes,Yes
33,152042,598,107009,7,0.33,Self-Employed,4,4,925058,Yes,Yes
47,116315,596,50607,22,0.08,Contract,4,2,900080,Yes,Yes
61,113494,799,802525,40,0.42,Contract,5,1,482665,Yes,Yes
37,145424,414,873818,11,0.67,Self-Employed,3,4,529681,Yes,Yes
60,131855,300,391769,36,0.06,Self-Employed,4,2,528558,Yes,Yes
51,100681,781,505868,23,0.21,Salaried,5,1,568114,No,Yes
54,119489,809,688160,34,0.26,Self-Employed,3,4,544554,Yes,Yes
44,198249,634,276316,24,0.55,Business,4,0,31124,No,No
65,216414,764,480241,40,0.26,Contract,2,3,807770,Yes,Yes
55,148546,440,688523,28,0.21,Salaried,5,3,617154,Yes,Yes
26,220272,436,956732,0,0.47,Salaried,0,0,18934,No,No
39,210573,466,557314,13,0.08,Salaried,4,3,893291,Yes,Yes
50,46900,642,899924,30,0.16,Contract,4,3,451743,No,No
27,32126,709,191295,1,0.32,Salaried,2,2,332471,Yes,Yes
30,129198,364,558105,3,0.28,Contract,1,1,391273,Yes,Yes
61,219762,366,335087,35,0.28,Contract,3,0,707687,No,Yes
52,236816,732,137051,28,0.12,Salaried,1,1,962515,Yes,Yes
54,97303,349,931587,28,0.28,Contract,0,3,795867,Yes,Yes
48,234651,613,506076,19,0.57,Salaried,1,1,577505,No,Yes
35,197066,608,542884,14,0.32,Self-Employed,0,4,699782,Yes,Yes
50,85061,414,902719,22,0.43,Business,3,0,987869,Yes,No
57,248136,641,161541,36,0.16,Self-Employed,2,0,325216,Yes,Yes
49,34978,829,294084,28,0.1,Business,0,0,284344,Yes,Yes
42,74344,794,417993,18,0.62,Contract,3,2,897311,No,Yes
24,64648,568,907312,0,0.27,Contract,5,1,831876,No,No
40,19055,379,477189,15,0.28,Salaried,2,1,810041,Yes,No
52,93582,755,256120,24,0.62,Self-Employed,1,2,749731,Yes,Yes
56,99214,598,217727,31,0.51,Self-Employed,1,0,825293,Yes,Yes
24,193948,501,280706,0,0.54,Contract,0,2,949379,Yes,Yes
47,241232,802,124158,27,0.49,Self-Employed,4,2,452474,No,Yes
37,125954,784,507393,10,0.12,Business,5,3,606411,No,Yes
32,56725,317,172207,10,0.67,Contract,4,0,666768,No,No
42,154327,777,152987,21,0.64,Salaried,5,4,958751,Yes,Yes
37,224019,787,634749,11,0.2,Salaried,2,3,914579,No,Yes
30,71380,745,592946,9,0.57,Contract,1,0,359493,Yes,Yes
21,71333,639,696499,1,0.32,Contract,3,0,50927,No,No
42,60459,830,348277,21,0.49,Salaried,5,0,229847,Yes,Yes
46,134518,415,788543,21,0.16,Business,2,1,797649,No,Yes
38,54163,373,437419,17,0.4,Self-Employed,0,0,376317,No,Yes
34,183043,568,332764,14,0.13,Contract,5,0,541095,Yes,Yes
49,245843,415,480283,29,0.4,Contract,0,4,399928,No,Yes
32,214221,463,512485,9,0.21,Business,2,0,558926,Yes,Yes
56,102730,521,210747,29,0.34,Salaried,3,2,562759,Yes,Yes
55,37476,425,772561,30,0.48,Contract,1,0,495869,Yes,No
32,86580,475,575148,9,0.62,Business,1,0,897053,Yes,Yes
27,123576,674,689820,2,0.16,Contract,3,0,308932,Yes,Yes
49,104593,797,864050,24,0.63,Business,1,1,320909,No,Yes
31,218122,384,864348,3,0.3,Business,5,3,379835,Yes,Yes
53,224598,682,258289,30,0.6,Salaried,4,1,945594,Yes,Yes
26,127071,762,918488,1,0.38,Self-Employed,4,4,948869,Yes,Yes
35,132832,750,924099,6,0.61,Salaried,3,4,967066,Yes,Yes
52,156579,817,72878,32,0.48,Business,4,2,544675,No,Yes
31,219465,849,651248,5,0.38,Self-Employed,5,2,117256,No,Yes
43,161190,415,612842,17,0.25,Self-Employed,2,4,361310,Yes,Yes
46,199601,307,732156,26,0.68,Salaried,1,3,175083,No,Yes
54,86682,517,452561,27,0.57,Salaried,5,3,254116,No,No
54,241009,703,960290,30,0.3,Contract,2,4,258918,Yes,Yes
49,203248,603,173448,21,0.16,Self-Employed,3,0,164440,No,Yes
24,109713,766,274094,0,0.56,Business,5,1,28835,Yes,Yes
37,122060,387,334728,15,0.69,Contract,5,1,849796,Yes,Yes
55,153486,309,573663,35,0.23,Contract,4,0,782597,Yes,Yes
33,101030,607,61598,11,0.65,Contract,2,3,787872,Yes,Yes
61,138360,733,779221,40,0.13,Contract,2,1,775545,No,Yes
59,103973,463,461661,38,0.67,Salaried,0,1,411342,Yes,Yes
35,211209,538,355957,12,0.53,Self-Employed,2,2,937310,Yes,Yes
49,153009,616,184802,28,0.28,Contract,4,3,778747,Yes,Yes
49,54731,634,585972,22,0.25,Self-Employed,1,4,792212,Yes,Yes
31,235934,317,500686,7,0.47,Business,1,4,131005,No,Yes
52,187737,370,416570,32,0.44,Self-Employed,1,0,738169,Yes,Yes
22,223582,474,215635,0,0.65,Salaried,4,1,665155,Yes,No
34,166572,638,977545,8,0.55,Self-Employed,1,4,346992,No,Yes
40,132360,547,496681,20,0.4,Business,5,0,704749,No,Yes
42,19750,492,123723,20,0.65,Business,5,2,620127,Yes,No
31,83018,718,111320,3,0.44,Contract,1,3,788787,Yes,Yes
47,153099,624,415288,21,0.6,Business,3,1,383608,No,No
23,154817,605,344768,0,0.6,Contract,3,1,995648,No,No
37,210803,503,781815,12,0.65,Salaried,0,0,748725,No,Yes
64,104984,422,315870,39,0.09,Salaried,5,1,734695,No,Yes
48,125983,746,831800,26,0.43,Salaried,0,3,775528,No,Yes
49,46451,790,802612,28,0.35,Self-Employed,2,4,812202,No,Yes
41,111743,732,279635,17,0.37,Business,2,0,216148,No,Yes
36,89474,427,231465,9,0.35,Business,5,3,710337,Yes,Yes
57,210608,847,707203,35,0.59,Business,5,1,64128,Yes,Yes
40,30150,346,891361,16,0.26,Contract,2,4,298212,Yes,No
26,31406,804,770820,4,0.35,Contract,0,3,611514,Yes,Yes
39,168853,414,850186,13,0.18,Salaried,1,4,492658,Yes,Yes
25,206489,715,734213,0,0.21,Business,2,4,628821,Yes,Yes
23,134047,522,502776,0,0.48,Self-Employed,1,0,421656,No,No
21,141971,802,145324,1,0.13,Self-Employed,1,1,815868,No,Yes
58,121157,395,778692,37,0.17,Salaried,0,2,760682,Yes,Yes
35,36325,406,578855,10,0.39,Contract,3,2,788944,Yes,No
54,217756,331,538963,27,0.08,Contract,5,2,618541,No,Yes
55,112415,792,255908,31,0.13,Contract,3,3,547742,No,Yes
45,222541,365,374262,24,0.61,Salaried,4,2,184495,No,No
44,158508,478,502102,20,0.6,Salaried,3,1,956899,No,No
32,35669,742,868582,4,0.28,Business,2,2,925331,No,Yes
38,145385,848,247863,13,0.28,Business,0,4,451275,Yes,Yes
35,90010,500,306250,11,0.66,Business,1,4,412358,No,Yes
64,225836,348,933796,35,0.07,Self-Employed,0,4,421425,No,Yes
36,248146,562,973966,11,0.43,Self-Employed,5,2,335239,No,No
47,150915,432,264650,19,0.44,Business,4,1,56140,Yes,Yes
28,214681,643,601848,2,0.56,Self-Employed,4,1,270389,No,No
45,68812,475,658856,16,0.67,Self-Employed,4,2,307299,Yes,No
37,34059,690,687534,15,0.28,Contract,1,1,64126,No,Yes
49,104269,310,258758,20,0.33,Contract,4,2,737858,No,Yes
28,189840,500,708731,0,0.49,Salaried,5,1,714697,Yes,No
35,43395,302,397493,11,0.68,Contract,4,0,942955,No,No
47,38202,513,174460,24,0.63,Business,4,0,633846,No,No
27,162345,606,235084,3,0.48,Contract,5,1,898344,Yes,Yes
23,197961,843,254228,0,0.61,Self-Employed,5,4,179098,No,Yes
49,247707,626,315076,24,0.11,Self-Employed,1,0,10881,Yes,Yes
64,222120,498,988974,40,0.3,Business,4,3,584215,Yes,Yes
44,242839,408,59778,20,0.06,Business,2,2,399921,Yes,Yes
23,237882,590,335177,0,0.17,Contract,0,3,99882,No,Yes
40,121235,407,715664,13,0.46,Contract,4,1,513659,Yes,Yes
35,63510,707,307589,11,0.63,Contract,4,1,694693,Yes,Yes
45,105945,351,818221,24,0.46,Salaried,0,4,260045,Yes,Yes
50,88649,411,439585,25,0.48,Salaried,4,0,847191,Yes,Yes
34,124723,594,457623,6,0.12,Business,5,0,886896,No,Yes
27,20881,488,513735,5,0.48,Contract,4,3,282422,Yes,No
37,63913,364,52521,11,0.35,Self-Employed,2,0,961368,No,Yes
64,129860,764,963063,37,0.47,Salaried,5,1,279173,Yes,Yes
40,102785,557,134622,15,0.26,Business,3,4,341797,Yes,Yes
56,214109,630,557922,34,0.43,Salaried,1,2,256472,No,Yes
29,80457,800,167257,9,0.33,Contract,1,3,247598,No,Yes
58,184415,509,688935,36,0.41,Self-Employed,0,3,226353,Yes,Yes
42,211461,388,181855,17,0.15,Self-Employed,2,2,422483,No,Yes
22,227322,327,92666,0,0.31,Business,1,1,202365,No,Yes
44,157728,537,197870,24,0.29,Salaried,0,3,725853,Yes,Yes
28,23741,635,779451,3,0.53,Contract,0,0,218314,Yes,No
31,165733,362,912735,11,0.51,Contract,0,0,663063,No,Yes
33,115091,799,313247,6,0.64,Self-Employed,1,0,617668,No,Yes
37,46690,840,120845,15,0.46,Self-Employed,3,4,367736,Yes,Yes
28,50833,768,739299,6,0.25,Contract,0,2,741106,No,Yes
41,120566,350,386314,21,0.56,Contract,4,1,283109,Yes,Yes
38,89240,411,810072,16,0.37,Salaried,3,0,341829,Yes,Yes
50,124898,600,848567,24,0.18,Business,3,0,325762,Yes,Yes
38,95711,389,431577,9,0.54,Salaried,4,4,472405,Yes,Yes
51,206213,528,243020,24,0.14,Salaried,1,0,943984,Yes,Yes
58,227304,449,671868,31,0.17,Contract,1,4,936580,Yes,Yes
52,57023,437,398625,30,0.54,Salaried,2,2,379169,Yes,Yes
31,58209,434,240828,7,0.55,Salaried,1,3,963991,No,Yes
65,111590,756,566076,40,0.56,Salaried,2,0,972182,Yes,Yes
45,104612,793,613692,17,0.24,Self-Employed,0,0,788079,No,Yes
53,98522,826,839021,26,0.61,Business,1,2,943766,No,Yes
58,129654,632,256639,29,0.52,Business,1,3,140441,Yes,Yes
61,163512,661,583983,40,0.59,Self-Employed,4,4,596787,No,Yes
28,137107,473,262135,0,0.51,Contract,0,3,278605,Yes,Yes
31,157032,512,842154,11,0.43,Contract,5,0,154753,Yes,Yes
42,40462,642,292778,19,0.12,Business,5,2,49986,Yes,Yes
44,35821,360,624162,16,0.51,Business,2,1,124654,Yes,No
61,206844,360,444057,34,0.5,Contract,0,2,278574,No,Yes
37,176330,823,724091,15,0.25,Salaried,5,4,244121,No,Yes
32,110889,515,437245,3,0.53,Business,3,4,898403,No,No
52,106952,722,574933,27,0.41,Salaried,4,0,825346,No,Yes
35,211596,722,606404,7,0.41,Business,3,2,834610,No,Yes
36,171187,670,615271,7,0.29,Self-Employed,5,1,217069,Yes,Yes
42,136066,505,79402,15,0.13,Business,2,2,853696,No,Yes
48,195505,585,885590,19,0.19,Self-Employed,1,4,133934,No,Yes
40,239576,404,540501,16,0.55,Salaried,1,2,167536,No,Yes
53,237339,842,348613,25,0.23,Contract,1,0,333191,Yes,Yes
30,237393,541,897008,2,0.05,Salaried,2,4,105984,Yes,Yes
60,97364,790,326052,38,0.7,Salaried,3,2,922451,No,Yes
52,88077,797,110269,25,0.19,Salaried,2,2,426737,No,Yes
53,58644,734,616519,30,0.48,Self-Employed,2,0,53792,Yes,Yes
22,80643,783,881653,0,0.65,Business,3,0,158961,No,No
53,31311,746,980219,27,0.44,Contract,5,2,337775,No,No
53,147466,683,612686,24,0.57,Salaried,1,1,157680,Yes,Yes
61,48531,809,636660,34,0.68,Salaried,4,4,249140,Yes,No
33,32588,469,871756,7,0.61,Salaried,2,2,195054,Yes,No
50,67416,622,724698,26,0.41,Self-Employed,2,0,414825,Yes,No
53,161452,773,712747,33,0.29,Self-Employed,3,4,71662,Yes,Yes
33,191717,531,531924,6,0.36,Self-Employed,5,0,689195,No,Yes
46,166890,658,207247,22,0.6,Business,4,4,713741,Yes,Yes
42,179929,574,80795,20,0.6,Business,2,2,306613,No,Yes
59,39711,331,551378,38,0.6,Salaried,0,3,488955,No,No
22,154169,476,964231,0,0.44,Contract,4,3,925575,Yes,No
58,134348,364,555150,30,0.36,Self-Employed,2,4,477081,Yes,Yes
59,177465,326,443064,38,0.25,Business,4,0,651351,No,Yes
46,40076,778,567157,17,0.05,Business,5,0,217725,No,Yes
35,102274,567,742789,15,0.55,Contract,0,0,156147,No,Yes
54,75609,365,375249,33,0.23,Self-Employed,0,2,14690,No,Yes
62,178389,432,840233,40,0.26,Business,4,4,162091,Yes,Yes
64,76480,665,825681,40,0.6,Contract,1,2,161236,Yes,Yes
60,25044,381,188485,40,0.08,Contract,4,3,41831,No,No
31,220105,627,296923,2,0.65,Self-Employed,3,3,173188,Yes,No
23,73486,397,946807,0,0.05,Self-Employed,1,0,553353,Yes,Yes
26,73162,626,591953,5,0.66,Self-Employed,5,0,498838,Yes,No
29,228359,841,519608,4,0.35,Salaried,0,4,514147,Yes,Yes
26,47882,424,933068,2,0.12,Business,1,3,544017,Yes,No
29,72078,509,945823,8,0.49,Contract,0,4,205384,No,No
59,76734,432,58187,30,0.63,Salaried,0,3,812538,No,Yes
51,126730,802,639277,31,0.33,Self-Employed,0,1,687969,Yes,Yes
52,192898,456,600072,27,0.5,Business,3,4,313969,Yes,Yes
61,105985,681,885886,36,0.69,Business,3,1,329885,No,Yes
32,62028,321,719165,10,0.21,Salaried,2,2,526087,Yes,Yes
28,200403,718,878147,1,0.58,Contract,5,3,817625,No,Yes
28,116938,771,889843,0,0.24,Salaried,3,1,176245,Yes,Yes
48,136319,533,170451,26,0.33,Business,5,2,315951,Yes,Yes
40,50543,753,92186,12,0.23,Contract,0,4,42948,Yes,Yes
27,142279,461,303940,0,0.34,Salaried,5,1,310546,Yes,Yes
31,47362,600,909543,7,0.05,Salaried,4,1,549183,Yes,No
40,176387,605,419873,15,0.25,Self-Employed,5,2,277528,Yes,Yes
36,176818,301,809642,16,0.34,Business,1,1,665562,Yes,Yes
24,159129,570,555956,0,0.46,Self-Employed,4,2,915999,No,No
26,60915,720,78093,0,0.46,Self-Employed,0,3,752881,Yes,Yes
42,170133,442,124625,13,0.43,Contract,4,3,708199,Yes,Yes
46,69370,834,276062,20,0.24,Contract,1,3,852014,No,Yes
23,183229,336,596762,3,0.67,Business,2,1,380820,Yes,Yes
61,129375,406,320298,32,0.3,Contract,2,1,76656,No,Yes
62,160394,596,727424,34,0.19,Business,5,0,517897,Yes,Yes
34,87812,396,826559,8,0.41,Contract,5,0,341638,No,No
31,226914,580,274494,8,0.54,Self-Employed,3,2,173933,Yes,Yes
38,52017,409,210470,15,0.06,Business,4,1,206302,Yes,Yes
32,74792,848,413810,3,0.23,Self-Employed,3,2,195638,No,Yes
43,176814,487,749229,17,0.59,Contract,3,4,822047,No,No
32,246208,787,59646,7,0.38,Self-Employed,4,1,721615,Yes,Yes
33,213880,653,633959,11,0.32,Contract,4,4,97499,No,Yes
45,147198,318,502923,17,0.66,Salaried,1,1,862178,No,Yes
65,35629,692,166700,40,0.11,Self-Employed,4,3,590142,No,Yes
39,146614,560,75391,18,0.45,Business,4,2,323786,Yes,Yes
56,157317,709,734182,27,0.27,Self-Employed,5,0,116594,Yes,Yes
65,114950,702,950491,40,0.1,Self-Employed,3,3,235299,No,Yes
28,192942,783,350016,8,0.19,Business,2,0,100132,No,Yes
49,244706,603,125048,25,0.46,Business,0,1,639940,No,Yes
52,82829,317,210412,23,0.07,Salaried,2,4,861428,Yes,Yes
64,28588,483,655893,39,0.43,Contract,4,4,458334,Yes,No
38,149514,704,426754,16,0.67,Contract,0,3,770501,Yes,Yes
26,123280,430,426703,3,0.57,Business,4,0,584000,No,No
38,226411,778,709862,14,0.27,Self-Employed,5,2,312479,No,Yes
39,58721,307,672060,16,0.14,Contract,1,2,832543,Yes,Yes
42,186217,617,622308,14,0.35,Business,4,2,154406,Yes,Yes
57,28599,690,311655,35,0.31,Business,0,0,141179,No,Yes
52,90594,818,139543,28,0.68,Salaried,5,4,162387,Yes,Yes
61,231814,435,857403,35,0.69,Self-Employed,1,4,336236,No,Yes
23,226502,830,239448,0,0.32,Salaried,5,3,81332,Yes,Yes
48,152011,666,56037,23,0.15,Salaried,0,0,225063,No,Yes
30,40149,788,755667,2,0.64,Self-Employed,1,1,960076,No,No
55,145616,310,944028,29,0.57,Business,3,1,422423,No,No
49,215639,745,994865,26,0.38,Self-Employed,0,2,60923,No,Yes
35,159280,413,326610,6,0.29,Salaried,3,4,848084,Yes,Yes
53,215170,495,804660,25,0.34,Salaried,5,4,642426,No,Yes
27,127034,622,846059,2,0.64,Self-Employed,3,0,695596,Yes,No
32,198564,811,464809,12,0.17,Salaried,4,0,77698,Yes,Yes
50,38951,464,625985,22,0.57,Business,2,3,163993,Yes,No
41,197992,551,597437,15,0.06,Business,1,0,699079,Yes,Yes
51,64766,343,591025,26,0.65,Self-Employed,0,3,908929,Yes,No
44,75014,769,117854,19,0.38,Self-Employed,5,2,143739,Yes,Yes
40,177423,788,599602,17,0.2,Business,3,2,445784,No,Yes
57,233288,480,871719,34,0.05,Contract,5,4,562597,Yes,Yes
24,198458,376,997955,2,0.41,Contract,4,4,104985,No,No
48,105122,673,907395,21,0.21,Contract,0,4,749923,No,Yes
64,27308,366,742731,37,0.46,Self-Employed,5,1,40099,No,No
40,77252,824,205702,19,0.23,Business,4,3,714306,No,Yes
44,224217,391,232308,20,0.11,Business,0,2,613738,Yes,Yes
52,244103,543,870099,24,0.38,Business,4,3,908036,No,Yes
61,101211,640,142214,33,0.42,Business,4,1,357237,Yes,Yes
56,177136,603,75099,30,0.34,Self-Employed,2,1,825369,No,Yes
54,202951,697,147170,31,0.35,Business,3,2,661346,No,Yes
56,144534,747,308744,33,0.43,Business,1,2,334520,No,Yes
22,26720,396,264493,0,0.39,Salaried,1,4,992749,Yes,No
35,144204,630,834108,9,0.14,Salaried,0,1,64991,Yes,Yes
54,192012,504,914036,32,0.18,Salaried,0,4,828471,Yes,Yes
56,97993,748,394779,34,0.14,Salaried,5,2,138971,Yes,Yes
26,217547,717,219170,2,0.5,Self-Employed,5,1,997381,Yes,Yes
59,65113,376,733233,34,0.39,Contract,2,1,334868,No,Yes
62,66926,848,728918,35,0.33,Salaried,0,0,141882,No,Yes
32,187275,724,241195,12,0.57,Salaried,1,1,862978,Yes,Yes
23,237973,728,604806,0,0.26,Salaried,3,4,327122,Yes,Yes
65,154464,784,102763,38,0.42,Self-Employed,2,0,826279,No,Yes
38,43905,434,780076,14,0.1,Contract,0,1,154757,No,No
60,222580,553,109172,31,0.53,Business,2,0,181353,Yes,Yes
41,68385,554,787491,20,0.5,Salaried,2,1,678318,No,No
35,48653,798,532492,12,0.57,Contract,2,3,484606,No,No
53,109865,783,274330,28,0.62,Business,0,4,486986,Yes,Yes
55,233792,345,819137,27,0.54,Salaried,4,4,404357,Yes,Yes
46,143813,742,971254,25,0.6,Self-Employed,0,0,268675,No,Yes
28,163871,303,717241,5,0.27,Self-Employed,0,3,313810,No,Yes
56,209175,300,987110,27,0.27,Self-Employed,5,0,14030,Yes,Yes
50,33052,589,328963,26,0.66,Business,0,0,279685,Yes,No
43,155116,408,666301,16,0.64,Self-Employed,0,2,778128,Yes,Yes
62,168943,759,209827,35,0.41,Contract,0,0,636668,No,Yes
64,238375,565,75811,40,0.29,Business,2,1,300628,Yes,Yes
34,169306,437,501338,9,0.61,Self-Employed,2,2,423894,Yes,Yes
34,39381,733,349841,9,0.26,Contract,0,2,879118,Yes,Yes
22,166346,343,635484,0,0.15,Contract,5,0,852656,No,Yes
57,236912,809,687388,30,0.47,Salaried,3,2,666460,No,Yes
25,101108,561,461560,0,0.08,Salaried,5,4,707790,Yes,Yes
58,67892,451,70656,37,0.3,Contract,3,2,537785,No,Yes
65,199593,512,207454,40,0.57,Salaried,4,2,413102,Yes,Yes
61,109501,533,212103,35,0.24,Salaried,3,1,393483,Yes,Yes
34,232992,660,252421,6,0.66,Business,1,4,662339,Yes,Yes
59,101391,619,110574,37,0.67,Self-Employed,1,2,462785,Yes,Yes
45,35920,521,510476,19,0.58,Business,3,1,613916,Yes,No
40,34702,509,107529,18,0.69,Business,0,4,617680,Yes,No
22,19894,695,444710,0,0.39,Salaried,3,2,689024,Yes,Yes
59,48985,788,461579,37,0.42,Self-Employed,1,0,326651,Yes,Yes
26,177359,763,727172,6,0.59,Business,3,2,851590,No,Yes
37,143702,751,987941,12,0.37,Business,2,4,789429,Yes,Yes
45,91527,712,156741,23,0.31,Business,4,2,482614,Yes,Yes
48,164511,775,670348,28,0.45,Business,2,4,429680,Yes,Yes
22,146676,555,57160,0,0.48,Self-Employed,5,0,433934,No,No
55,243692,449,222415,28,0.54,Salaried,2,2,374841,No,Yes
57,60235,426,597881,30,0.48,Contract,4,4,546955,No,No
25,176731,691,705644,0,0.53,Salaried,0,1,599410,No,Yes
21,42976,779,491299,0,0.49,Contract,4,2,938105,Yes,No
60,100643,696,218923,33,0.36,Business,0,0,326232,Yes,Yes
32,216937,701,594666,9,0.14,Contract,1,1,554197,No,Yes
56,125631,573,713851,29,0.56,Self-Employed,3,2,260359,No,No
65,217378,438,901932,40,0.07,Self-Employed,1,4,228728,Yes,Yes
43,74697,402,902868,21,0.7,Business,1,3,930310,Yes,No
51,88382,541,837891,31,0.59,Self-Employed,1,1,14552,No,No
31,34651,416,456896,4,0.49,Business,3,4,223850,No,No
30,198116,513,593593,3,0.68,Contract,0,1,861241,Yes,Yes
23,32633,783,216373,0,0.45,Salaried,4,2,510636,Yes,Yes
34,97164,828,738052,9,0.09,Salaried,0,0,784851,No,Yes
36,18569,523,744707,15,0.41,Contract,0,0,363944,No,No
30,208972,569,198261,10,0.23,Salaried,2,1,134687,No,Yes
49,85509,433,712955,22,0.29,Business,3,3,389064,Yes,Yes
30,141425,413,527364,1,0.35,Contract,0,2,329905,Yes,Yes
32,119126,740,114370,9,0.55,Business,0,4,772570,Yes,Yes
50,145522,664,314065,24,0.38,Salaried,1,2,307736,Yes,Yes
61,51038,531,677564,32,0.36,Business,5,3,353714,No,No
21,198160,757,308741,0,0.25,Self-Employed,2,4,432682,Yes,Yes
25,222249,674,52387,5,0.4,Salaried,4,3,272054,Yes,Yes
40,223538,506,388410,13,0.21,Self-Employed,5,2,449212,No,Yes
28,221288,819,392510,0,0.22,Self-Employed,2,2,264074,Yes,Yes
63,215865,767,281372,35,0.54,Contract,1,1,881660,No,Yes
32,222858,742,54825,3,0.27,Contract,1,3,791755,No,Yes
21,56138,620,55282,0,0.08,Business,1,0,360194,Yes,Yes
40,212382,392,981373,12,0.27,Business,3,3,131435,No,Yes
48,177829,707,560407,25,0.47,Salaried,5,3,675002,Yes,Yes
63,219466,457,65451,35,0.58,Business,1,4,296780,No,Yes
57,228099,398,302622,34,0.68,Business,0,4,835028,No,Yes
57,239902,524,812294,36,0.54,Contract,3,1,111263,Yes,Yes
32,205223,740,723265,3,0.33,Contract,1,0,931691,Yes,Yes
57,128740,700,805015,35,0.24,Self-Employed,3,2,756369,No,Yes
64,129174,363,183770,40,0.13,Business,0,0,305881,Yes,Yes
48,67272,578,987500,28,0.46,Contract,1,0,733474,Yes,No
35,155980,818,722252,10,0.38,Salaried,5,0,196175,Yes,Yes
26,159916,547,832586,3,0.49,Business,1,1,768777,No,Yes
64,69455,667,622356,38,0.2,Salaried,0,1,518691,Yes,Yes
40,86447,397,808974,14,0.26,Self-Employed,1,0,66121,Yes,Yes
34,223599,567,646014,5,0.24,Self-Employed,0,2,805643,Yes,Yes
22,95108,359,915134,2,0.57,Contract,1,2,433867,Yes,No
29,192138,799,952394,1,0.16,Contract,1,2,798085,Yes,Yes
57,244301,607,472905,30,0.45,Self-Employed,2,1,994300,No,Yes
40,189076,792,282198,11,0.08,Salaried,3,4,529858,No,Yes
46,56333,710,81604,26,0.41,Self-Employed,4,2,13362,Yes,Yes
49,139219,439,164751,22,0.09,Self-Employed,2,4,932984,No,Yes
21,101029,627,381601,0,0.16,Contract,2,0,107417,No,Yes
55,57697,763,406671,35,0.12,Business,3,2,889215,No,Yes
26,35634,462,984747,3,0.28,Contract,2,0,364545,Yes,No
57,143520,359,618075,31,0.27,Contract,0,0,96307,Yes,Yes
25,42561,330,477531,1,0.59,Salaried,2,3,987332,Yes,No
53,167105,632,344179,31,0.2,Self-Employed,4,0,697991,No,Yes
34,221959,375,609132,11,0.11,Business,0,0,897861,No,Yes
32,73063,616,555482,11,0.44,Business,5,1,540959,Yes,Yes
62,43921,716,328964,35,0.5,Contract,3,0,243521,No,Yes
40,37340,489,269077,19,0.24,Contract,3,2,660009,Yes,Yes
44,80781,788,358820,19,0.44,Self-Employed,3,1,152110,No,Yes
63,32901,614,807321,37,0.55,Salaried,0,3,32716,No,No
54,28638,595,362058,28,0.28,Self-Employed,3,3,582329,No,No
45,187668,800,706095,25,0.39,Business,3,0,983481,No,Yes
49,235986,476,384894,22,0.15,Salaried,4,4,684992,Yes,Yes
59,62324,514,73968,31,0.07,Contract,1,3,483306,No,Yes
51,106356,631,356768,25,0.69,Contract,5,3,496034,No,No
63,239668,427,414542,36,0.24,Business,1,3,295391,Yes,Yes
43,50642,568,630034,20,0.23,Self-Employed,1,2,900111,Yes,Yes
64,43378,850,382408,37,0.68,Salaried,3,4,938568,Yes,No
58,68867,834,174458,36,0.52,Self-Employed,0,0,139381,Yes,Yes
40,91686,665,872929,20,0.43,Self-Employed,3,0,483735,No,Yes
43,60875,647,450457,16,0.5,Self-Employed,1,1,274381,Yes,Yes
65,136171,441,788356,40,0.51,Contract,4,2,15967,Yes,No
36,238667,444,257080,8,0.55,Business,3,4,699611,Yes,Yes
62,118061,544,766999,40,0.09,Salaried,3,1,31512,No,Yes
28,232801,741,591345,1,0.32,Salaried,3,4,443007,Yes,Yes
41,82377,589,361844,13,0.24,Business,0,3,334358,No,Yes
21,72691,411,829176,0,0.1,Salaried,4,4,286135,Yes,No
28,242409,513,588720,2,0.32,Salaried,4,1,592643,Yes,Yes
49,213375,499,635776,20,0.45,Self-Employed,4,2,761076,Yes,Yes
52,209911,704,673487,30,0.17,Self-Employed,4,2,23500,No,Yes
58,67063,720,593241,36,0.25,Business,1,3,770854,Yes,Yes
25,109782,306,306039,4,0.47,Salaried,3,0,600120,Yes,Yes
42,96343,824,263905,22,0.43,Business,5,1,909399,No,Yes
54,101071,585,165864,33,0.61,Business,4,0,877990,No,No
21,154564,688,548793,0,0.56,Business,2,3,96995,Yes,Yes
46,139399,715,777592,26,0.68,Business,2,4,667135,Yes,Yes
63,49357,449,79347,34,0.44,Self-Employed,5,4,91930,No,No
30,220910,727,595537,7,0.5,Contract,1,3,66320,Yes,Yes
50,50314,592,496674,21,0.61,Business,2,2,725952,No,No
38,197769,633,266265,9,0.6,Salaried,2,1,793147,Yes,Yes
37,88283,571,531712,17,0.52,Contract,2,3,597076,No,Yes
46,77567,342,163346,17,0.38,Self-Employed,1,3,816029,Yes,Yes
28,65006,767,919874,1,0.23,Contract,3,1,20758,No,Yes
60,209083,618,942213,36,0.62,Contract,1,2,605066,No,Yes
32,159758,791,446018,3,0.55,Self-Employed,0,2,112843,Yes,Yes
47,186521,826,937858,24,0.59,Business,0,1,169255,Yes,Yes
28,79606,471,685374,6,0.14,Contract,2,0,106998,No,Yes
45,36891,620,806120,17,0.25,Self-Employed,2,4,543379,Yes,No
24,201187,343,330177,0,0.33,Self-Employed,3,1,883710,No,Yes
53,119732,831,609376,33,0.59,Contract,5,2,884650,Yes,Yes
21,209791,753,683289,0,0.63,Self-Employed,2,0,283341,No,Yes
39,244536,382,853959,10,0.24,Contract,0,3,284869,Yes,Yes
51,222102,842,979468,30,0.5,Contract,2,3,967911,No,Yes
36,185795,621,353149,8,0.1,Self-Employed,3,3,756952,Yes,Yes
34,47877,533,790594,8,0.32,Self-Employed,0,4,410832,Yes,No
25,242589,839,316550,3,0.37,Self-Employed,2,2,445937,Yes,Yes
61,32026,551,494977,38,0.55,Contract,3,0,934263,No,No
46,38422,748,144538,24,0.63,Salaried,3,2,367214,Yes,Yes
48,158316,538,505563,23,0.27,Self-Employed,0,4,346486,Yes,Yes
22,51481,789,778487,0,0.39,Self-Employed,0,4,482918,No,Yes
26,107180,763,184191,0,0.47,Business,5,1,295634,Yes,Yes
29,127384,613,821448,1,0.26,Self-Employed,0,2,268150,Yes,Yes
53,76031,474,108935,33,0.69,Contract,3,3,514467,Yes,Yes
61,157593,479,828247,32,0.62,Self-Employed,0,1,887753,Yes,Yes
45,150818,684,108327,20,0.24,Business,0,2,539071,Yes,Yes
33,101127,594,895526,13,0.38,Salaried,3,1,161449,Yes,Yes
29,110254,514,792769,6,0.2,Salaried,5,1,925873,Yes,Yes
33,86232,374,151815,7,0.38,Self-Employed,3,0,85679,No,Yes
51,161084,643,414276,28,0.49,Salaried,0,1,203888,No,Yes
61,98224,441,394629,33,0.11,Contract,0,4,116791,No,Yes
31,172529,498,975155,2,0.62,Salaried,0,3,704788,Yes,Yes
24,219644,470,994400,0,0.44,Contract,5,0,338201,Yes,No
54,47960,705,147196,26,0.69,Salaried,3,1,910579,Yes,Yes
58,105695,527,157396,38,0.07,Salaried,4,0,392173,No,Yes
24,148066,710,60370,1,0.59,Contract,1,3,460120,No,Yes
58,156982,361,880984,32,0.56,Contract,2,3,133565,Yes,Yes
39,20693,626,675363,18,0.14,Self-Employed,1,0,439599,Yes,No
26,133313,432,449993,0,0.27,Contract,5,2,89804,Yes,Yes
54,164930,488,705473,32,0.63,Self-Employed,3,3,601444,No,No
38,46810,655,443747,15,0.39,Business,4,4,38585,Yes,Yes
33,38092,370,715074,10,0.31,Contract,5,4,622209,No,No
61,237851,562,708770,34,0.64,Self-Employed,3,1,207112,Yes,Yes
43,197772,605,649060,22,0.11,Self-Employed,0,2,181289,Yes,Yes
39,76105,523,694815,15,0.36,Salaried,5,2,476838,No,No
65,179577,627,336752,40,0.47,Contract,2,1,160920,No,Yes
31,222300,373,320468,6,0.45,Salaried,1,3,451796,No,Yes
21,46555,810,650983,0,0.22,Self-Employed,3,0,147270,Yes,Yes
44,89934,441,366366,16,0.42,Contract,4,2,113047,No,No
27,90788,401,746345,7,0.51,Self-Employed,0,2,492283,No,No
45,95257,364,671931,22,0.43,Salaried,4,3,264579,No,No
41,35939,492,802731,18,0.49,Self-Employed,2,0,295751,Yes,No
35,160897,361,357744,15,0.22,Self-Employed,4,4,953030,Yes,Yes
21,239859,831,59453,0,0.59,Salaried,4,2,848386,No,Yes
32,173223,540,150369,11,0.34,Contract,0,3,85501,Yes,Yes
27,146068,709,471137,2,0.69,Salaried,4,2,985658,Yes,Yes
35,18036,599,378613,6,0.07,Contract,0,4,298586,No,No
41,111948,494,146544,19,0.3,Contract,2,1,476999,Yes,Yes
39,101707,753,247658,11,0.17,Business,3,3,546739,No,Yes
49,57051,600,861824,27,0.41,Self-Employed,0,0,296609,Yes,No
45,247369,755,213249,23,0.21,Contract,5,1,816686,No,Yes
53,98738,501,760542,25,0.53,Contract,5,0,536824,Yes,Yes
52,91596,601,308155,30,0.62,Salaried,3,4,249623,No,No
55,78071,636,810780,30,0.19,Contract,1,0,885107,Yes,Yes
64,148613,331,562947,39,0.15,Contract,4,2,231170,Yes,Yes
58,91601,397,108081,38,0.62,Salaried,3,4,367781,Yes,Yes
46,47873,490,924819,20,0.28,Contract,4,1,724817,Yes,No
31,185720,840,454322,3,0.33,Self-Employed,0,2,970650,Yes,Yes
55,89468,347,102754,27,0.19,Self-Employed,4,2,407506,Yes,Yes
28,44470,549,56878,0,0.33,Salaried,2,4,847920,Yes,Yes
34,214201,525,575080,13,0.2,Contract,5,0,288985,No,Yes
30,26328,571,61367,10,0.48,Self-Employed,3,0,598596,Yes,No
22,155405,784,613019,0,0.37,Business,4,1,39100,Yes,Yes
29,139173,627,321691,4,0.56,Salaried,3,4,870354,Yes,Yes
23,64638,479,936121,0,0.25,Salaried,3,1,564618,Yes,No
41,29268,322,602856,14,0.38,Self-Employed,2,3,247862,No,No
46,219675,669,570480,22,0.22,Salaried,0,4,435720,Yes,Yes
28,131920,544,375051,2,0.66,Contract,4,3,431284,No,No
22,128379,459,624500,0,0.39,Self-Employed,1,1,262513,Yes,Yes
26,166117,672,747691,6,0.16,Business,3,3,175937,No,Yes
48,189813,584,900811,20,0.23,Contract,0,3,534059,No,Yes
49,237378,820,709498,26,0.1,Business,1,2,934941,Yes,Yes
46,191842,749,952269,20,0.07,Business,3,2,580163,Yes,Yes
45,25887,435,228184,22,0.39,Salaried,1,1,385161,Yes,No
32,247790,395,254301,9,0.27,Business,4,1,802155,Yes,Yes
25,246978,418,192466,2,0.68,Contract,4,0,386989,Yes,No
54,42918,673,401556,29,0.16,Self-Employed,5,3,759688,Yes,Yes
57,53497,573,744455,33,0.57,Self-Employed,3,0,295338,Yes,No
35,111562,476,970857,14,0.26,Business,3,0,962897,No,No
64,210081,576,569038,36,0.2,Business,5,4,239476,No,Yes
56,29929,437,489348,31,0.68,Self-Employed,4,0,412726,Yes,No
35,120201,431,901496,6,0.57,Business,0,0,359609,Yes,Yes
63,210834,343,629409,38,0.46,Contract,1,3,266795,No,Yes
43,249545,422,327349,15,0.5,Business,3,0,942947,No,No
26,228171,435,709988,6,0.69,Business,3,3,33358,No,No
64,134566,666,626888,38,0.44,Contract,2,3,502390,Yes,Yes
63,46546,672,407670,40,0.12,Self-Employed,1,0,491334,Yes,Yes
65,227496,425,874527,40,0.09,Self-Employed,5,3,268289,Yes,Yes
41,186410,738,667447,21,0.48,Business,4,1,85921,Yes,Yes
43,183355,350,175590,21,0.48,Self-Employed,5,1,503217,Yes,Yes
63,100494,436,108844,37,0.54,Contract,3,3,190920,Yes,Yes
36,227242,457,752409,11,0.12,Business,3,1,356479,No,Yes
35,233859,355,595721,15,0.66,Business,4,4,474044,Yes,Yes
45,64566,727,295828,17,0.41,Business,1,2,535904,No,Yes
56,103464,742,142060,33,0.47,Salaried,0,1,541350,Yes,Yes
31,146279,625,193165,5,0.07,Salaried,4,0,160558,Yes,Yes
35,99991,379,823556,12,0.67,Contract,0,1,494744,Yes,No
24,110680,773,328828,0,0.42,Business,3,4,102962,Yes,Yes
41,46013,676,819651,17,0.42,Contract,0,4,834728,Yes,Yes
33,70132,632,765681,13,0.66,Salaried,0,4,647606,No,No
42,236484,474,171485,19,0.65,Business,4,1,96276,No,No
39,241570,740,265592,17,0.19,Salaried,5,2,551339,Yes,Yes
54,177156,425,625593,29,0.66,Business,3,0,378244,Yes,Yes
34,125855,518,505241,9,0.53,Contract,1,2,738582,Yes,Yes
24,170215,577,195979,4,0.06,Contract,2,1,605817,No,Yes
47,109627,784,890489,26,0.21,Contract,0,2,629765,No,Yes
49,140772,440,980425,28,0.32,Salaried,3,3,559751,No,Yes
48,163251,409,135938,19,0.43,Contract,2,0,294073,No,Yes
55,247415,351,752154,32,0.51,Self-Employed,1,3,776761,Yes,Yes
28,207798,618,380762,0,0.19,Self-Employed,2,3,111176,No,Yes
36,159294,498,646898,15,0.59,Contract,1,2,423413,No,Yes
62,209037,345,341474,35,0.6,Contract,5,3,137826,No,No
56,82068,804,460839,36,0.46,Salaried,2,0,757967,No,Yes
50,173021,839,503493,23,0.65,Business,1,3,636299,No,Yes
38,34116,813,552080,16,0.58,Salaried,5,1,116712,No,No
22,200124,316,443675,0,0.19,Salaried,0,0,860750,Yes,Yes
33,69369,614,176908,13,0.57,Contract,2,1,768289,Yes,Yes
24,197889,735,959102,4,0.67,Self-Employed,1,1,831364,Yes,Yes
46,121100,687,639325,21,0.14,Self-Employed,3,4,217086,No,Yes
45,232275,376,953746,23,0.69,Self-Employed,4,4,972137,No,No
50,223383,670,496131,23,0.07,Salaried,5,1,881340,No,Yes
31,47655,464,642625,8,0.39,Self-Employed,2,3,777251,Yes,No
27,206874,323,78831,2,0.55,Self-Employed,5,1,463633,Yes,No
51,65632,334,722207,22,0.56,Contract,2,1,181839,No,No
64,163265,813,837429,36,0.53,Self-Employed,2,4,975405,Yes,Yes
30,229284,760,727385,3,0.39,Business,2,2,659877,Yes,Yes
59,179848,437,934347,36,0.47,Contract,4,2,495993,No,No
33,192297,564,376928,4,0.5,Business,2,2,450694,No,Yes
51,209082,632,449600,24,0.37,Salaried,5,1,649265,Yes,Yes
27,231807,487,915191,1,0.44,Self-Employed,0,1,850828,Yes,Yes
62,214523,362,884499,38,0.6,Salaried,0,3,108466,No,Yes
62,197884,578,323342,36,0.25,Salaried,3,4,490125,No,Yes
56,229674,841,739806,30,0.39,Self-Employed,4,1,892884,Yes,Yes
40,36895,470,583670,11,0.06,Contract,5,0,632392,Yes,No
24,214854,802,598408,3,0.5,Salaried,3,0,57630,Yes,Yes
27,170281,832,478681,1,0.18,Self-Employed,0,4,205878,Yes,Yes
21,231408,598,339094,0,0.36,Self-Employed,2,0,410846,Yes,Yes
64,210879,500,304816,37,0.19,Business,2,0,404779,No,Yes
65,41086,434,961888,38,0.07,Salaried,1,4,501531,No,No
62,103637,571,931936,34,0.36,Salaried,4,1,833490,No,No
33,231099,834,380606,10,0.33,Self-Employed,1,1,994329,No,Yes
42,176279,741,327879,13,0.33,Business,4,3,453235,No,Yes
41,125334,386,981727,19,0.19,Contract,4,1,863766,Yes,Yes
42,169969,330,680134,14,0.67,Business,2,0,228794,Yes,Yes
48,81083,420,677021,20,0.05,Salaried,2,0,385120,Yes,Yes
29,113028,368,196434,8,0.63,Business,3,3,852003,Yes,Yes
46,84957,795,948667,21,0.53,Salaried,0,4,186942,Yes,Yes
29,115551,445,876418,7,0.16,Contract,0,0,649728,Yes,Yes
35,96506,632,73409,11,0.36,Salaried,2,1,556285,Yes,Yes
30,156355,780,511149,9,0.69,Contract,0,1,340996,No,Yes
44,112024,562,166909,21,0.47,Contract,4,1,774955,Yes,Yes
62,99481,592,654275,40,0.13,Contract,0,0,70619,No,Yes
28,18255,728,317958,7,0.35,Business,5,2,172577,No,Yes
44,225627,385,203960,19,0.35,Contract,3,0,663624,No,Yes
36,33487,315,516274,14,0.57,Self-Employed,0,0,12412,Yes,No
46,37346,417,596457,23,0.65,Salaried,0,2,47810,No,No
47,53050,569,502342,22,0.1,Salaried,3,2,758580,Yes,Yes
57,26744,694,826267,33,0.25,Salaried,3,1,768731,No,Yes
24,173828,461,398062,1,0.24,Salaried,2,1,433303,Yes,Yes
44,79596,403,560707,21,0.7,Contract,3,1,554509,Yes,Yes
39,232469,466,571296,18,0.41,Business,5,0,707191,Yes,Yes
56,174218,599,786484,27,0.62,Business,2,4,164216,No,Yes
59,137640,327,488343,36,0.33,Business,4,3,471819,Yes,Yes
30,73032,723,983266,3,0.52,Business,1,4,164866,Yes,Yes
45,60687,455,196649,21,0.24,Salaried,0,2,679650,No,Yes
38,195175,623,595219,9,0.64,Self-Employed,3,0,520051,No,No
39,171048,647,125506,10,0.35,Self-Employed,0,0,232149,Yes,Yes
56,80863,420,220350,29,0.57,Business,4,3,658950,No,No
30,149663,827,501385,5,0.22,Salaried,1,4,929515,Yes,Yes
53,24277,463,266653,24,0.5,Contract,3,2,57147,No,No
25,79860,361,818669,1,0.31,Business,2,3,851792,No,No
55,151332,639,262527,32,0.07,Contract,2,0,283585,Yes,Yes
64,214955,611,505991,35,0.32,Contract,3,3,690496,No,Yes
54,42741,675,684153,26,0.41,Contract,3,1,707410,No,No
53,137720,645,929639,24,0.15,Self-Employed,4,4,60147,No,Yes
41,55211,449,711418,17,0.17,Business,1,2,916586,Yes,Yes
37,190614,476,553073,8,0.35,Salaried,3,1,528189,Yes,Yes
42,24869,653,381195,17,0.27,Salaried,2,4,392021,Yes,Yes
57,242690,813,308514,31,0.34,Salaried,1,1,996525,Yes,Yes
35,105616,608,118866,15,0.35,Business,3,3,231092,Yes,Yes
55,213804,418,958611,27,0.14,Self-Employed,1,2,480874,Yes,Yes
48,112515,818,674266,21,0.17,Contract,4,3,273621,No,Yes
27,168494,777,760540,3,0.6,Salaried,5,3,774524,No,Yes
52,184685,713,124514,30,0.16,Self-Employed,3,4,463480,Yes,Yes
31,206088,650,394619,7,0.48,Contract,3,2,935904,No,Yes
30,78110,805,720624,6,0.32,Contract,1,2,407102,Yes,Yes
29,237601,494,600903,1,0.68,Self-Employed,3,3,297709,Yes,No
34,226994,486,999669,8,0.09,Business,1,2,709598,Yes,Yes
33,52033,749,687186,12,0.59,Business,5,0,718988,No,Yes
45,63213,795,434624,21,0.37,Self-Employed,1,2,541538,No,Yes
22,211065,814,485938,0,0.05,Contract,3,3,579629,Yes,Yes
55,30938,572,740240,34,0.22,Salaried,2,0,844407,Yes,No
27,148842,351,265202,0,0.32,Salaried,4,0,83160,Yes,Yes
41,225767,562,917491,19,0.25,Business,1,4,863626,No,Yes
38,20274,667,313845,15,0.29,Salaried,2,3,891057,Yes,Yes
23,102390,432,109430,2,0.65,Contract,1,2,543741,Yes,Yes
62,180887,524,541510,34,0.28,Self-Employed,2,0,34921,No,Yes
59,225090,609,675304,34,0.32,Contract,3,3,79997,Yes,Yes
61,168033,315,367759,33,0.54,Salaried,4,4,882804,Yes,Yes
31,38044,494,142519,4,0.57,Contract,2,1,939852,No,No
59,117372,742,818323,31,0.1,Business,0,1,168079,No,Yes
44,171047,602,351381,20,0.51,Self-Employed,1,2,33714,Yes,Yes
39,32706,347,608666,14,0.36,Self-Employed,2,1,716281,No,No
24,155046,420,726096,0,0.14,Salaried,4,0,637265,No,Yes
46,94464,798,711703,22,0.22,Salaried,4,0,352028,Yes,Yes
58,39213,768,590085,38,0.08,Contract,4,3,226170,No,Yes
62,19950,340,366001,34,0.28,Contract,5,2,723066,Yes,No
52,234085,755,681911,31,0.22,Self-Employed,2,3,142360,Yes,Yes
59,28411,833,399555,33,0.3,Business,2,3,614052,No,Yes
65,146603,670,222195,38,0.43,Business,3,2,742267,No,Yes
56,236303,481,780224,29,0.53,Salaried,0,3,481872,Yes,Yes
60,195228,816,379705,40,0.44,Business,5,1,389347,Yes,Yes
57,80744,530,704884,28,0.49,Self-Employed,2,4,766400,No,No
53,166843,647,705465,27,0.61,Business,5,3,889428,No,No
56,218882,778,669194,28,0.62,Self-Employed,3,0,976923,No,Yes
23,53053,508,136379,1,0.61,Salaried,1,0,442362,Yes,Yes
29,201148,577,855908,2,0.15,Contract,0,1,613028,No,Yes
28,156117,352,769507,1,0.21,Business,5,3,48716,Yes,Yes
53,75623,309,223184,25,0.38,Self-Employed,4,3,527743,Yes,Yes
26,47714,763,360754,0,0.28,Salaried,0,2,523830,No,Yes
61,183458,457,509450,37,0.14,Self-Employed,1,3,999398,Yes,Yes
59,127283,318,930411,35,0.24,Business,2,3,817367,Yes,Yes
24,26562,354,749590,2,0.68,Self-Employed,2,0,523301,No,No
33,73048,320,615994,8,0.28,Salaried,5,2,618857,No,No
22,111295,581,940807,0,0.32,Salaried,3,3,716898,No,No
25,30026,839,639320,3,0.05,Contract,2,1,270920,Yes,Yes
64,124147,716,222992,40,0.52,Contract,2,3,747998,Yes,Yes
47,49589,584,725235,21,0.32,Business,0,2,289716,No,No
52,126199,831,380977,23,0.12,Salaried,1,1,539448,No,Yes
41,115274,831,233201,19,0.68,Business,4,1,932836,Yes,Yes
28,44844,810,115744,5,0.56,Salaried,4,1,257922,Yes,Yes
58,172519,695,725060,29,0.52,Business,3,0,81116,Yes,Yes
28,108415,419,923759,1,0.67,Salaried,1,0,160662,No,No
23,226574,396,253841,3,0.31,Business,0,1,715880,No,Yes
64,232340,419,182963,36,0.52,Self-Employed,4,0,425776,No,No
23,72708,836,501736,0,0.18,Contract,3,1,190738,Yes,Yes
42,212997,452,621882,21,0.5,Self-Employed,2,1,419126,No,Yes
26,88825,544,938242,4,0.06,Contract,2,4,742511,No,Yes
22,69574,815,376334,0,0.13,Business,5,0,242168,Yes,Yes
43,103548,692,445255,18,0.33,Salaried,0,4,916147,No,Yes
64,167884,442,331817,36,0.06,Salaried,4,1,948996,No,Yes
22,204381,803,92412,1,0.35,Business,5,1,149943,No,Yes
58,82230,519,286021,34,0.39,Salaried,5,4,538883,Yes,Yes
37,190700,459,169449,11,0.45,Business,5,2,625921,Yes,Yes
55,58581,375,209508,29,0.12,Self-Employed,2,1,146470,Yes,Yes
54,195700,331,189258,31,0.17,Business,3,0,767185,Yes,Yes
43,237700,633,900140,21,0.45,Salaried,3,3,841199,Yes,Yes
50,43105,824,50434,23,0.48,Salaried,4,3,411709,No,Yes
28,97830,739,715879,7,0.07,Business,5,3,333077,No,Yes
42,87157,651,854462,18,0.4,Business,0,4,324182,No,Yes
64,181514,638,389035,35,0.56,Business,3,1,989767,No,No
56,105235,699,499035,32,0.09,Business,1,2,224292,No,Yes
25,20347,695,916296,5,0.32,Contract,3,0,127344,No,Yes
33,244094,501,841690,7,0.26,Contract,0,3,662367,Yes,Yes
49,65650,829,292330,26,0.64,Self-Employed,5,3,470226,Yes,Yes
51,166182,392,122726,22,0.17,Contract,3,0,252457,Yes,Yes
36,211242,657,952560,15,0.26,Salaried,5,3,589838,No,Yes
62,153995,695,269087,35,0.63,Contract,2,4,511400,Yes,Yes
50,200873,359,695851,27,0.26,Contract,0,1,65118,No,Yes
36,211843,776,267435,16,0.4,Salaried,2,1,349157,No,Yes
32,142926,300,819260,5,0.07,Contract,2,2,978810,No,Yes
37,99147,610,108277,11,0.69,Business,4,4,717684,Yes,Yes
36,66135,467,881670,14,0.59,Contract,5,2,31104,Yes,No
32,37199,491,585035,10,0.46,Contract,5,3,445567,Yes,No
28,158138,333,211989,2,0.09,Contract,5,1,134607,Yes,Yes
40,119583,333,604665,19,0.1,Business,5,2,947939,Yes,Yes
23,201208,716,698314,0,0.4,Business,0,2,217540,Yes,Yes
36,110290,457,357100,10,0.24,Self-Employed,2,4,133441,Yes,Yes
50,185647,799,156017,25,0.45,Self-Employed,4,3,295724,No,Yes
65,238868,665,148684,36,0.44,Business,4,0,174196,No,Yes
43,138787,639,567634,17,0.6,Salaried,2,4,172194,No,Yes
48,195805,634,859989,27,0.23,Self-Employed,2,4,490350,No,Yes
60,132427,626,225407,34,0.43,Contract,1,3,462153,Yes,Yes
25,166063,413,259087,4,0.56,Contract,0,0,181149,No,Yes
40,171625,717,663751,14,0.37,Contract,4,4,251788,Yes,Yes
60,238782,767,607580,33,0.59,Salaried,0,2,255646,No,Yes
64,105493,442,855923,35,0.14,Self-Employed,5,2,969550,No,No
21,149706,608,500510,0,0.53,Business,4,2,826499,No,No
50,244489,700,640917,26,0.66,Business,3,2,696283,Yes,Yes
41,30771,619,539760,15,0.27,Salaried,3,0,626767,No,No
40,143607,511,330267,13,0.29,Business,4,3,606106,Yes,Yes
26,167370,616,273544,3,0.1,Salaried,1,3,707518,No,Yes
42,97876,484,638906,21,0.47,Business,3,0,550424,Yes,Yes
38,247964,504,526812,12,0.41,Business,5,3,732411,Yes,Yes
28,185071,663,598576,8,0.08,Salaried,5,2,958832,Yes,Yes
59,220959,515,683138,38,0.54,Business,0,0,162757,Yes,Yes
52,77648,545,664235,23,0.59,Self-Employed,2,2,242053,Yes,No
53,211740,538,415364,27,0.64,Business,0,3,911018,Yes,Yes
36,218446,690,95091,7,0.4,Contract,5,4,684529,No,Yes
32,216581,819,180180,12,0.34,Salaried,0,0,26880,Yes,Yes
58,93783,576,691910,32,0.62,Business,5,1,164752,Yes,Yes
54,62440,501,522088,30,0.31,Self-Employed,0,1,32025,Yes,Yes
34,49655,513,240288,12,0.48,Business,5,2,142748,Yes,No
56,61039,777,546676,35,0.45,Business,4,3,420268,Yes,Yes
53,73255,807,952162,27,0.29,Contract,4,2,961918,No,Yes
43,90219,374,520378,15,0.11,Self-Employed,0,1,687124,No,Yes
65,204061,441,764145,37,0.06,Business,2,0,431834,Yes,Yes
22,29244,621,756357,0,0.33,Business,1,2,910148,No,No
61,112594,760,493909,32,0.36,Contract,5,3,799594,No,Yes
41,76595,445,918818,14,0.58,Salaried,1,1,992265,No,No
22,188623,353,922646,1,0.32,Salaried,3,0,834998,Yes,Yes
47,212302,655,196977,27,0.23,Salaried,3,2,992776,No,Yes
29,121898,576,313735,2,0.35,Contract,2,0,924659,Yes,Yes
21,46371,699,110159,0,0.2,Salaried,0,4,932035,Yes,Yes
31,218430,815,718882,8,0.11,Self-Employed,5,1,340458,Yes,Yes
23,177950,798,180656,0,0.12,Salaried,4,2,973174,Yes,Yes
43,185229,610,393833,22,0.26,Salaried,3,0,611645,Yes,Yes
46,23914,570,283448,23,0.06,Business,0,2,491574,Yes,No
24,232772,748,184644,0,0.19,Self-Employed,1,3,203367,No,Yes
38,45180,411,242752,13,0.56,Contract,2,3,488249,No,No
26,152760,538,370681,0,0.2,Self-Employed,4,2,498111,Yes,Yes
55,98219,443,809642,30,0.12,Salaried,4,1,62766,Yes,No
42,96616,673,83061,19,0.67,Business,3,2,741718,Yes,Yes
63,245561,319,927465,40,0.45,Contract,0,2,696552,No,Yes
35,158988,588,793138,11,0.09,Self-Employed,4,2,920805,Yes,Yes
42,205435,496,898339,20,0.09,Self-Employed,1,2,386906,Yes,Yes
57,113213,681,852583,35,0.45,Salaried,1,1,108072,Yes,Yes
62,176432,791,666814,39,0.4,Salaried,2,4,219874,Yes,Yes
32,55805,463,524132,8,0.09,Contract,2,4,321683,Yes,Yes
62,162525,548,933003,40,0.2,Salaried,1,0,196072,No,Yes
58,144599,367,357957,33,0.65,Business,1,1,306417,Yes,Yes
38,171775,320,563113,13,0.42,Contract,0,1,383275,No,Yes
65,208093,811,233699,38,0.34,Salaried,4,1,207583,No,Yes
55,92176,689,469333,34,0.21,Contract,0,3,808721,No,Yes
50,112799,835,511250,23,0.14,Self-Employed,2,1,682583,Yes,Yes
44,116385,410,687705,17,0.31,Contract,2,3,52154,No,Yes
62,230686,759,730843,39,0.65,Self-Employed,2,4,812265,Yes,Yes
50,106919,377,514480,24,0.08,Contract,4,4,458933,No,Yes
34,230144,733,499685,8,0.69,Salaried,3,3,884004,No,Yes
26,156482,679,724237,6,0.19,Self-Employed,2,2,512577,Yes,Yes
23,99462,739,505612,3,0.32,Contract,2,4,582176,Yes,Yes
36,197340,638,273311,9,0.08,Business,0,2,229421,No,Yes
27,183320,723,577376,7,0.43,Salaried,0,0,934402,Yes,Yes
34,49159,468,809945,12,0.36,Contract,3,3,760378,No,No
29,60039,561,728539,4,0.48,Contract,5,0,131893,Yes,No
35,65800,528,622242,8,0.4,Self-Employed,3,3,538508,No,No
41,58761,460,334155,17,0.31,Self-Employed,3,0,237642,Yes,Yes
55,112626,726,587127,31,0.53,Salaried,3,0,554811,No,Yes
22,235175,421,299750,0,0.07,Self-Employed,0,1,266331,No,Yes
47,136368,448,758263,24,0.4,Contract,2,4,904699,No,Yes
22,192735,410,899993,0,0.12,Contract,0,3,544692,No,Yes
55,98903,520,597913,30,0.33,Self-Employed,1,4,824437,Yes,Yes
38,189484,363,723841,11,0.56,Salaried,1,1,702014,No,Yes
34,136998,653,409433,9,0.14,Business,5,4,184842,No,Yes
40,184439,773,593846,11,0.66,Contract,2,3,943375,No,Yes
38,154885,784,574125,12,0.63,Contract,3,1,39382,Yes,Yes
30,77894,312,132307,1,0.32,Self-Employed,2,2,531670,No,Yes
45,69444,452,81104,16,0.05,Business,1,1,718514,No,Yes
22,183341,538,541818,0,0.56,Contract,5,3,21482,No,No
45,79748,489,758946,20,0.62,Business,2,0,305577,Yes,No
53,59190,385,618708,33,0.16,Business,3,4,16327,Yes,No
56,58318,320,316205,34,0.65,Contract,5,0,183438,Yes,Yes
51,186090,618,738601,24,0.64,Business,5,2,330810,No,No
34,142078,457,636343,12,0.36,Business,0,0,190626,No,Yes
21,57759,780,262769,1,0.57,Self-Employed,3,4,459173,No,Yes
36,34498,375,382737,14,0.34,Self-Employed,0,0,768200,No,No
23,43989,628,554599,0,0.42,Business,1,1,350544,Yes,No
55,174640,715,225245,28,0.26,Salaried,4,3,172170,Yes,Yes
61,135035,502,972793,33,0.15,Business,2,0,377265,No,Yes
26,84577,528,377324,3,0.54,Contract,4,3,194881,Yes,Yes
45,123231,451,288016,19,0.05,Salaried,3,3,189871,No,Yes
33,179171,371,52221,13,0.43,Self-Employed,0,3,127044,Yes,Yes
54,107900,524,355086,26,0.61,Salaried,3,1,72428,Yes,Yes
28,189711,772,858067,5,0.19,Self-Employed,3,3,122085,Yes,Yes
41,122679,659,233835,13,0.27,Salaried,1,0,614210,Yes,Yes
54,41482,839,887504,32,0.43,Business,3,3,383011,No,No
24,87212,345,843507,0,0.21,Self-Employed,2,1,382665,Yes,Yes
45,204333,300,203450,25,0.6,Contract,1,3,871019,Yes,Yes
35,236389,544,609372,13,0.29,Salaried,4,0,79164,No,Yes
24,48048,518,231498,0,0.43,Business,3,1,459969,No,No
65,152137,590,915649,40,0.2,Salaried,4,2,855179,No,Yes
32,151108,757,949689,5,0.08,Salaried,2,2,642946,Yes,Yes
52,53814,503,439892,32,0.16,Contract,2,0,729707,Yes,Yes
52,208766,501,605872,30,0.08,Salaried,2,4,976791,Yes,Yes
48,165996,781,81245,28,0.35,Contract,4,3,319268,Yes,Yes
33,147493,810,240031,9,0.43,Self-Employed,4,4,973089,Yes,Yes
51,78204,577,54983,24,0.08,Contract,0,1,190585,No,Yes
34,50844,315,803145,11,0.11,Contract,1,3,144414,No,Yes
40,99943,824,277999,12,0.37,Self-Employed,5,4,406169,No,Yes
38,39518,655,605185,13,0.57,Contract,3,0,231402,Yes,No
49,166131,655,745962,24,0.46,Business,1,1,430158,Yes,Yes
26,41052,377,921970,2,0.12,Salaried,2,3,622817,Yes,No
52,87803,366,388178,23,0.63,Contract,3,2,789667,Yes,Yes
49,89524,513,99411,25,0.65,Salaried,0,3,432008,No,Yes
63,242582,748,511958,37,0.26,Contract,1,1,485197,No,Yes
22,107572,732,295196,0,0.45,Self-Employed,2,2,143093,Yes,Yes
43,157752,844,551224,17,0.37,Self-Employed,3,0,785264,No,Yes
39,85021,414,652754,19,0.66,Salaried,3,3,207613,No,No
51,229321,719,256928,31,0.38,Salaried,2,4,856586,No,Yes
25,38043,798,274622,0,0.67,Salaried,4,4,636099,Yes,Yes
39,20419,679,677770,14,0.18,Self-Employed,1,0,388269,No,Yes
54,205964,442,540569,32,0.27,Salaried,3,1,809618,No,Yes
30,139831,323,219198,2,0.56,Contract,4,0,639888,Yes,No
45,119799,838,928720,19,0.56,Contract,0,1,564229,Yes,Yes
22,166212,374,775403,1,0.53,Salaried,3,2,954137,Yes,No
31,192556,834,892042,9,0.61,Self-Employed,3,1,59968,No,Yes
51,212941,340,860357,24,0.51,Contract,0,2,731472,Yes,Yes
35,194282,712,479492,15,0.46,Self-Employed,0,3,938751,Yes,Yes
29,75600,714,729049,5,0.35,Self-Employed,5,3,770566,No,Yes
43,134467,748,900374,14,0.35,Self-Employed,5,0,812208,No,Yes
39,96497,735,235218,19,0.31,Salaried,3,0,521866,No,Yes
29,126611,538,327382,1,0.45,Self-Employed,2,3,231532,No,No
55,155559,341,896856,29,0.31,Self-Employed,0,4,495794,No,Yes
41,78692,309,205879,17,0.15,Salaried,4,2,917428,Yes,Yes
29,80112,564,286130,4,0.12,Business,0,3,297922,No,Yes
48,180182,744,779817,26,0.65,Contract,3,4,554821,Yes,Yes
27,34360,438,61204,5,0.07,Salaried,3,1,223310,Yes,Yes
36,198482,495,415964,10,0.12,Contract,1,3,629565,Yes,Yes
36,239490,373,301628,10,0.34,Salaried,4,4,211133,No,Yes
53,101038,524,350711,27,0.22,Salaried,1,3,954504,No,Yes
24,222239,401,741057,3,0.31,Salaried,0,1,574401,No,Yes
24,21017,563,948621,3,0.13,Contract,1,1,643350,Yes,No
59,104261,460,533645,35,0.14,Salaried,3,2,662415,No,Yes
60,209196,532,182602,37,0.57,Salaried,2,1,715468,Yes,Yes
37,239370,790,802137,11,0.54,Salaried,0,1,246010,No,Yes
57,200021,610,336441,35,0.12,Contract,3,2,224741,No,Yes
59,207340,526,386982,35,0.48,Business,0,3,498681,Yes,Yes
49,84320,572,361050,28,0.45,Salaried,1,3,274203,Yes,Yes
56,242628,616,771611,36,0.51,Salaried,1,2,464217,No,Yes
58,230373,385,780429,30,0.36,Salaried,5,3,287029,No,Yes
59,49127,590,503964,36,0.23,Salaried,0,3,316014,Yes,No
57,152268,768,90295,30,0.48,Salaried,5,4,851191,Yes,Yes
55,93088,703,626752,29,0.29,Business,0,2,263862,No,Yes
27,190372,726,57223,7,0.19,Self-Employed,1,2,681724,Yes,Yes
47,198786,674,456637,18,0.32,Self-Employed,0,0,34212,Yes,Yes
48,49921,551,667520,22,0.55,Salaried,5,4,300198,No,No
42,22746,832,981570,21,0.36,Contract,1,3,237806,Yes,Yes
34,86535,606,552799,12,0.24,Business,5,0,348859,No,Yes
27,83350,729,858008,7,0.59,Business,0,4,947643,Yes,Yes
57,199417,563,302787,31,0.62,Business,2,3,490221,Yes,Yes
42,198292,367,656409,20,0.33,Self-Employed,0,4,229349,Yes,Yes
25,99131,406,707500,0,0.29,Contract,0,1,479740,No,Yes
22,40063,699,109016,0,0.45,Self-Employed,3,3,887588,Yes,Yes
47,135116,498,681840,25,0.09,Business,2,4,883320,Yes,Yes
41,220808,491,676263,20,0.5,Self-Employed,1,4,198883,Yes,Yes
58,106913,813,974874,30,0.56,Self-Employed,1,0,566891,Yes,Yes
35,96946,741,494966,7,0.31,Salaried,4,4,584182,No,Yes
41,195043,300,173505,15,0.16,Salaried,2,1,469196,Yes,Yes
30,152670,657,848454,6,0.07,Salaried,2,1,932319,Yes,Yes
43,28564,414,371366,20,0.46,Business,0,4,438242,Yes,No
59,245506,496,68328,36,0.22,Salaried,3,3,762279,Yes,Yes
25,67725,573,577217,5,0.35,Business,1,0,658440,Yes,Yes
21,104134,459,643207,0,0.3,Salaried,1,3,345978,No,Yes
33,123940,472,835327,7,0.16,Business,3,4,362926,Yes,Yes
41,209012,844,626980,17,0.38,Self-Employed,5,1,606484,No,Yes
46,80085,757,361689,18,0.35,Contract,3,2,341216,Yes,Yes
65,35862,732,798328,40,0.46,Business,5,0,291280,No,No
41,28265,780,650935,19,0.21,Self-Employed,5,3,282036,No,Yes
38,158777,754,491554,13,0.19,Salaried,2,1,652653,Yes,Yes
57,204351,495,548530,34,0.58,Self-Employed,5,3,499759,No,No
65,80471,608,634250,40,0.51,Self-Employed,3,4,388847,No,No
52,109080,793,147435,28,0.55,Contract,3,3,26065,No,Yes
56,228906,738,597449,33,0.13,Salaried,0,0,628273,No,Yes
37,212051,658,452039,13,0.2,Business,2,2,327163,No,Yes
55,73828,335,607377,27,0.42,Business,5,2,752428,Yes,No
31,247278,333,897282,8,0.61,Business,4,4,422789,Yes,Yes
41,134884,387,333197,16,0.63,Salaried,4,0,735124,No,No
46,126007,315,166381,23,0.59,Business,1,2,829357,Yes,Yes
24,64104,720,67447,4,0.08,Contract,3,1,327034,Yes,Yes
54,58934,425,139841,33,0.58,Self-Employed,0,3,21436,Yes,Yes
38,132420,307,53111,13,0.63,Salaried,3,4,165281,Yes,Yes
60,24050,771,108820,33,0.09,Business,1,1,181428,No,Yes
55,193024,767,667317,27,0.32,Self-Employed,3,4,454170,Yes,Yes
61,235642,809,167949,38,0.4,Self-Employed,4,0,211987,No,Yes
49,26484,701,781881,24,0.2,Contract,2,4,780005,No,Yes
49,80648,475,249694,27,0.39,Business,3,2,750208,No,Yes
58,77945,666,423883,30,0.63,Salaried,5,0,613693,No,Yes
62,202750,787,365107,35,0.61,Self-Employed,4,4,562827,Yes,Yes
41,49323,317,815826,21,0.66,Contract,4,1,548420,No,No
62,104332,355,495719,40,0.36,Self-Employed,1,0,705959,No,Yes
33,112605,334,139000,4,0.32,Contract,2,0,836209,Yes,Yes
61,236435,646,938879,33,0.48,Contract,1,4,223127,Yes,Yes
37,184433,331,777228,8,0.32,Self-Employed,0,4,554983,No,Yes
29,28315,432,285823,7,0.08,Self-Employed,5,0,934111,No,No
61,65968,498,747902,39,0.52,Business,2,3,900501,No,No
21,175591,555,811527,0,0.23,Salaried,0,3,781924,No,Yes
22,27107,641,905144,0,0.08,Contract,2,2,631791,No,No
49,73781,530,445632,27,0.06,Contract,4,0,708197,Yes,Yes
53,21869,600,745796,24,0.66,Self-Employed,0,3,410878,Yes,No
30,98983,846,517403,6,0.21,Self-Employed,2,1,779736,No,Yes
60,176442,325,977990,35,0.34,Self-Employed,2,0,961313,Yes,Yes
41,211767,834,986199,19,0.67,Salaried,0,3,343003,Yes,Yes
48,209494,773,51229,19,0.35,Self-Employed,2,4,397205,No,Yes
31,25971,686,510282,4,0.1,Contract,1,1,446570,No,Yes
54,114805,584,816481,33,0.41,Contract,1,2,628603,Yes,Yes
28,43651,749,485563,3,0.11,Contract,0,3,757942,Yes,Yes
42,74974,619,311882,21,0.11,Salaried,4,4,437886,No,Yes
28,41446,455,151101,0,0.6,Salaried,3,1,470288,Yes,No
35,187180,770,51363,10,0.24,Salaried,0,1,315166,Yes,Yes
37,224251,719,939238,9,0.49,Salaried,5,2,976285,Yes,Yes
43,21823,412,656660,20,0.38,Business,0,4,912648,Yes,No
44,162526,721,268988,22,0.19,Business,0,3,619868,Yes,Yes
65,153004,584,358013,40,0.39,Business,5,0,65799,No,Yes
39,159292,353,624017,12,0.09,Self-Employed,5,1,72292,Yes,Yes
25,223162,624,856735,2,0.28,Salaried,5,3,980925,Yes,Yes
52,85965,757,384997,31,0.39,Salaried,0,0,431998,Yes,Yes
64,177280,564,577552,36,0.2,Business,1,3,345988,No,Yes
21,222052,681,985819,0,0.48,Business,0,3,205624,Yes,Yes
43,28510,512,807906,19,0.08,Salaried,4,1,644737,No,No
57,193117,632,828229,30,0.37,Business,3,1,457493,Yes,Yes
28,159609,309,914661,4,0.51,Self-Employed,3,3,194595,Yes,Yes
33,221755,657,132102,7,0.33,Self-Employed,4,3,947027,No,Yes
28,123935,502,896953,4,0.62,Self-Employed,0,2,771746,Yes,Yes
43,87134,357,861243,19,0.46,Contract,3,0,806138,Yes,No
63,90254,793,869837,40,0.67,Contract,1,4,893303,No,Yes
21,162854,809,308226,0,0.23,Salaried,3,4,153486,Yes,Yes
65,132780,522,371967,39,0.66,Contract,5,2,189785,Yes,Yes
44,143544,668,69856,22,0.44,Business,4,3,445324,Yes,Yes
55,83587,717,427356,32,0.53,Self-Employed,3,3,793172,No,Yes
44,100238,846,929334,17,0.64,Self-Employed,4,2,104465,No,Yes
37,93720,402,170347,12,0.41,Contract,0,4,446574,Yes,Yes
25,96004,460,490186,0,0.61,Self-Employed,3,1,879163,Yes,No
40,40072,499,281746,19,0.4,Self-Employed,4,1,133188,No,No
41,99015,459,682068,13,0.44,Self-Employed,1,3,63971,Yes,Yes
60,243075,435,289291,34,0.34,Business,1,0,742408,No,Yes
51,238010,697,126174,27,0.14,Contract,2,4,81173,Yes,Yes
56,90746,691,922784,30,0.41,Self-Employed,3,0,480058,No,Yes
31,194774,405,696443,10,0.69,Self-Employed,0,3,177676,Yes,Yes
35,120260,353,857030,12,0.56,Self-Employed,5,4,175266,No,No
39,155129,576,616829,13,0.54,Salaried,2,1,253857,Yes,Yes
27,146259,410,978156,6,0.47,Business,3,1,967725,No,No
48,48916,523,984467,21,0.28,Contract,1,0,305110,Yes,No
63,45268,374,688335,34,0.16,Self-Employed,0,4,959648,Yes,No
25,193050,805,606511,0,0.2,Business,1,3,234884,No,Yes
25,41259,313,605312,1,0.05,Self-Employed,3,2,208836,Yes,No
50,202655,781,172538,26,0.49,Contract,5,2,476883,Yes,Yes
52,97400,488,578229,25,0.58,Contract,0,2,460751,No,Yes
28,52293,663,386067,8,0.22,Salaried,0,3,813582,No,Yes
30,129581,538,386204,5,0.11,Salaried,2,2,355496,No,Yes
58,25043,700,413539,37,0.27,Salaried,0,0,787629,Yes,Yes
52,199502,603,546238,32,0.24,Salaried,3,1,698291,Yes,Yes
48,125009,390,91617,22,0.34,Self-Employed,5,2,577629,Yes,Yes
37,56893,691,665103,14,0.22,Business,5,1,328376,No,Yes
51,189714,483,366848,31,0.27,Self-Employed,4,0,301990,Yes,Yes
28,227137,316,76025,0,0.64,Salaried,4,4,438792,Yes,No
60,179940,311,657460,35,0.27,Salaried,0,4,52673,Yes,Yes
45,44309,465,943451,16,0.56,Self-Employed,4,3,265503,No,No
29,41284,445,879656,4,0.46,Self-Employed,5,1,800107,Yes,No
22,144801,581,63277,0,0.27,Business,3,3,953051,Yes,Yes
35,131259,848,353139,10,0.58,Business,2,2,995031,No,Yes
23,118804,468,550487,0,0.44,Contract,1,3,511405,Yes,Yes
56,87000,469,426859,28,0.06,Business,1,0,174667,Yes,Yes
24,102179,645,975043,0,0.09,Business,3,3,311416,No,No
34,211179,798,869285,14,0.54,Salaried,2,2,954316,No,Yes
61,83049,759,207883,32,0.34,Salaried,3,2,665089,Yes,Yes
61,47265,596,928896,36,0.31,Contract,0,0,518133,Yes,No
45,230562,441,581197,18,0.14,Contract,2,1,254461,Yes,Yes
30,41880,352,143605,4,0.15,Business,5,4,289301,Yes,Yes
41,102579,417,834463,14,0.57,Business,4,0,462902,No,No
56,149327,664,758793,29,0.59,Contract,0,4,772372,No,Yes
32,150574,435,358228,4,0.41,Contract,4,0,747026,Yes,Yes
47,219264,713,808317,25,0.24,Salaried,0,0,963373,No,Yes
60,83424,376,778929,34,0.66,Contract,0,3,512095,Yes,No
22,224910,317,500032,0,0.46,Salaried,0,3,291866,Yes,Yes
33,88966,702,191820,12,0.57,Salaried,0,3,939806,Yes,Yes
52,190438,504,293301,28,0.05,Contract,2,0,914619,Yes,Yes
51,176497,798,907034,29,0.34,Contract,2,3,544069,No,Yes
36,201400,623,243537,12,0.62,Business,0,0,871196,Yes,Yes
52,85396,580,164200,24,0.27,Business,3,3,655694,Yes,Yes
52,89694,465,623696,25,0.52,Salaried,0,4,183367,No,Yes
54,154878,542,586286,26,0.48,Salaried,0,1,531510,Yes,Yes
31,235346,778,194836,3,0.15,Contract,3,3,890550,Yes,Yes
30,35106,463,411895,3,0.55,Self-Employed,3,2,767605,No,No
35,74731,623,226451,8,0.12,Self-Employed,0,1,283474,Yes,Yes
37,93010,850,786754,12,0.52,Contract,1,2,751277,Yes,Yes
60,231605,507,547220,35,0.69,Salaried,1,1,834939,Yes,Yes
38,50599,614,764948,13,0.67,Salaried,3,3,737464,Yes,No
29,89326,603,955719,0,0.57,Self-Employed,0,4,54121,No,No
45,93706,538,938079,20,0.4,Business,5,3,120986,Yes,Yes
60,27004,523,787973,32,0.49,Salaried,4,0,240987,No,No
34,133018,387,243470,5,0.52,Contract,4,2,935647,No,No
45,200436,836,880992,25,0.06,Salaried,0,1,426373,Yes,Yes
42,43792,728,685004,13,0.12,Salaried,0,4,900453,No,Yes
50,244824,519,173362,25,0.44,Business,0,2,186917,Yes,Yes
40,213984,574,643489,13,0.05,Self-Employed,4,4,39349,Yes,Yes
41,72645,365,962387,21,0.64,Business,4,2,702747,Yes,No
64,25232,722,158894,39,0.37,Contract,3,3,660659,No,Yes
52,227282,554,591022,24,0.22,Contract,2,0,78401,Yes,Yes
41,72766,424,517592,16,0.31,Business,3,2,834551,No,Yes
55,138601,445,782958,34,0.6,Contract,3,4,617903,Yes,Yes
52,99588,684,515796,32,0.65,Contract,1,3,915388,Yes,Yes
50,197614,746,173107,27,0.13,Salaried,5,1,756178,Yes,Yes
59,23913,686,969567,34,0.56,Contract,3,1,159272,No,No
32,130406,682,72313,3,0.43,Salaried,3,3,213858,No,Yes
61,131693,576,959736,32,0.43,Contract,3,1,288372,No,No
38,111449,681,470303,10,0.56,Self-Employed,3,4,370049,No,Yes
41,28567,423,488995,17,0.19,Business,2,0,365429,Yes,No
33,56379,566,483397,7,0.4,Self-Employed,1,3,417656,No,Yes
41,224040,410,199277,16,0.26,Business,4,0,905792,No,Yes
28,18319,680,300649,3,0.11,Salaried,5,0,52026,Yes,Yes
60,108005,457,586752,32,0.12,Self-Employed,0,3,647202,Yes,Yes
27,128990,847,421230,3,0.14,Business,4,2,451167,Yes,Yes
43,241098,417,601420,22,0.45,Salaried,1,4,69161,Yes,Yes
64,235192,627,100737,37,0.12,Contract,3,3,350064,Yes,Yes
52,22791,367,289246,30,0.42,Contract,4,4,464670,No,No
31,246344,733,546179,3,0.43,Salaried,3,0,799812,Yes,Yes
42,149401,658,674872,18,0.64,Business,5,0,706548,No,Yes
42,223459,742,250357,22,0.46,Salaried,2,2,20771,Yes,Yes
63,79032,463,507765,40,0.69,Business,2,0,650644,No,Yes
45,193150,660,85306,17,0.07,Business,5,3,954959,Yes,Yes
42,106662,418,599880,22,0.51,Business,5,4,215231,No,No
48,39300,494,427275,21,0.07,Contract,1,2,748215,Yes,No
49,93700,540,265059,22,0.52,Business,5,3,667405,Yes,Yes
33,200017,808,274866,5,0.3,Salaried,4,4,683559,No,Yes
38,73609,441,94758,10,0.45,Contract,2,4,567893,Yes,Yes
22,209634,330,307579,0,0.25,Business,5,1,244111,No,Yes
49,108045,522,304062,25,0.15,Contract,1,1,278035,No,Yes
41,79901,565,806198,15,0.52,Contract,1,3,917946,Yes,No
35,23703,581,934824,7,0.64,Business,1,2,890588,Yes,No
47,241717,680,954510,23,0.17,Business,4,4,460227,Yes,Yes
51,81115,361,580865,29,0.65,Salaried,5,4,416510,No,No
35,237162,820,297701,7,0.14,Contract,4,3,253092,Yes,Yes
43,45676,370,659518,14,0.53,Self-Employed,1,2,167380,No,No
44,210782,835,713623,24,0.67,Contract,0,0,945308,No,Yes
64,209149,439,919173,40,0.15,Business,5,2,854033,No,Yes
33,139332,615,844504,4,0.33,Self-Employed,5,0,936059,Yes,Yes
42,238412,639,635102,19,0.27,Self-Employed,4,4,336789,Yes,Yes
63,194512,827,296575,40,0.3,Business,4,1,230252,Yes,Yes
57,185995,840,304355,31,0.54,Contract,0,1,828838,Yes,Yes
53,47802,715,952818,32,0.48,Self-Employed,4,3,694361,No,No
23,108331,766,552628,0,0.68,Self-Employed,4,2,376035,Yes,Yes
39,211976,674,548882,12,0.17,Contract,5,2,632936,Yes,Yes
43,209234,590,420682,16,0.4,Business,2,0,27059,Yes,Yes
49,142786,342,711051,27,0.34,Contract,0,3,443673,No,Yes
50,83169,352,183025,22,0.65,Contract,2,2,598186,No,Yes
59,86147,531,644787,30,0.06,Salaried,5,3,586902,Yes,Yes
64,40075,511,549272,35,0.69,Self-Employed,0,0,868673,Yes,No
45,100015,307,143405,16,0.36,Business,0,4,348708,Yes,Yes
57,223788,782,831942,32,0.46,Business,0,3,196413,No,Yes
28,27304,341,913413,5,0.28,Self-Employed,4,1,201441,Yes,No
62,147851,632,201257,35,0.6,Self-Employed,1,4,957712,No,Yes
36,138729,532,84699,13,0.42,Self-Employed,3,2,921704,No,No
28,77622,369,165799,5,0.48,Business,1,0,336070,No,Yes
21,72215,315,935608,0,0.47,Contract,4,0,522247,No,No
64,229218,368,909922,40,0.29,Contract,4,1,892740,Yes,Yes
25,91973,352,890171,5,0.1,Business,3,3,967844,Yes,Yes
23,126654,678,629919,0,0.58,Contract,4,1,359296,Yes,Yes
21,161593,762,985449,0,0.24,Salaried,0,3,68333,No,Yes
24,42028,826,219366,2,0.6,Salaried,2,1,455410,Yes,Yes
60,57328,362,587208,39,0.45,Business,2,1,858110,No,No
55,45301,560,800880,30,0.28,Contract,0,0,689949,No,No
52,56015,799,758969,32,0.44,Salaried,1,3,300598,No,Yes
62,236348,420,383240,38,0.47,Contract,2,1,578957,Yes,Yes
54,54845,539,261997,29,0.51,Self-Employed,0,2,551993,No,Yes
63,104818,764,636646,36,0.58,Contract,1,0,623788,No,Yes
45,94394,406,991769,19,0.15,Salaried,5,0,637452,No,No
30,193231,479,288461,5,0.66,Salaried,2,0,200439,Yes,Yes
41,61714,315,265676,20,0.32,Business,0,0,146479,No,Yes
59,98722,654,190510,32,0.61,Business,2,1,927514,No,Yes
47,248793,608,165434,20,0.19,Self-Employed,2,1,161707,No,Yes
47,245802,480,645067,23,0.07,Salaried,2,0,981204,No,Yes
22,43230,473,471845,0,0.42,Business,3,1,273935,No,No
61,110554,653,810490,34,0.26,Business,1,1,707058,No,Yes
33,67262,653,505658,9,0.69,Business,2,3,554819,No,Yes
29,239273,518,447301,7,0.12,Self-Employed,0,2,427448,Yes,Yes
56,59722,614,809781,28,0.08,Self-Employed,3,3,228290,Yes,Yes
42,195431,733,657214,14,0.08,Salaried,4,4,576918,Yes,Yes
62,80796,581,467729,36,0.19,Self-Employed,4,3,90800,No,Yes
46,189231,558,896516,19,0.43,Salaried,1,2,531769,Yes,Yes
32,105052,304,660518,8,0.38,Salaried,0,2,674538,No,Yes
37,118808,693,375749,13,0.28,Salaried,3,3,529019,Yes,Yes
34,239281,635,898098,10,0.11,Business,0,3,656766,No,Yes
34,154311,362,550602,13,0.2,Contract,3,4,532452,No,Yes
54,109951,343,158987,32,0.17,Business,5,0,900936,Yes,Yes
40,68886,452,654708,13,0.53,Business,5,2,132842,No,No
31,121424,455,904844,6,0.56,Self-Employed,5,0,987880,Yes,Yes
36,176267,777,831943,8,0.56,Business,3,4,688869,No,Yes
51,122697,574,363322,25,0.68,Salaried,4,1,952090,Yes,Yes
26,243931,657,121092,1,0.62,Contract,5,1,924754,Yes,Yes
39,249572,725,529243,16,0.37,Self-Employed,1,0,593709,Yes,Yes
57,114299,831,88009,31,0.32,Contract,1,3,224491,Yes,Yes
24,183746,782,426354,1,0.65,Self-Employed,0,2,416888,No,Yes
24,167177,513,638264,0,0.45,Business,3,0,948704,No,No
40,178811,378,962634,16,0.24,Business,5,3,139046,Yes,Yes
30,181041,438,294290,9,0.42,Business,3,4,488002,No,No
44,32497,397,737585,18,0.69,Business,2,3,317937,Yes,No
55,150888,497,481653,28,0.6,Self-Employed,1,4,454756,No,Yes
46,136915,455,120935,17,0.23,Self-Employed,3,0,418068,No,Yes
57,110019,349,943669,36,0.67,Salaried,0,1,358977,Yes,No
58,208326,778,719008,33,0.69,Self-Employed,5,2,182287,Yes,Yes
41,127017,527,823056,18,0.2,Self-Employed,4,0,406459,Yes,Yes
60,236767,756,98373,36,0.63,Business,5,1,878215,Yes,Yes
59,87385,821,496030,39,0.62,Salaried,4,4,543006,No,Yes
41,236220,448,246209,16,0.08,Contract,1,2,787111,No,Yes
30,123153,357,530556,3,0.49,Self-Employed,5,3,423365,Yes,Yes
58,51826,461,963112,37,0.25,Contract,1,0,73241,Yes,Yes
24,128034,776,883404,4,0.49,Business,2,3,528355,No,Yes
65,212437,406,209219,37,0.64,Business,1,2,982578,Yes,Yes
40,102242,726,69295,19,0.37,Contract,3,0,514189,Yes,Yes
37,141066,694,843329,10,0.32,Contract,3,0,155448,No,Yes
27,68100,485,782172,3,0.65,Salaried,3,3,890942,No,No
24,239171,745,743613,3,0.68,Self-Employed,3,3,861069,No,Yes
49,143170,747,842270,25,0.09,Self-Employed,2,1,662021,No,Yes
34,153431,386,263765,6,0.65,Self-Employed,1,3,862308,Yes,Yes
23,114205,548,773040,0,0.1,Self-Employed,1,4,859821,Yes,Yes
44,30809,739,129942,22,0.27,Salaried,1,1,691724,Yes,Yes
57,82450,556,550704,30,0.55,Business,2,3,430316,Yes,Yes
36,56428,576,338558,16,0.56,Contract,2,0,116105,Yes,Yes
24,244062,737,897589,0,0.52,Business,3,3,311922,No,Yes
44,90790,815,556212,16,0.08,Salaried,5,2,518914,No,Yes
54,129126,501,79483,31,0.14,Self-Employed,2,1,742069,Yes,Yes
50,108321,479,556399,23,0.66,Business,2,0,707881,Yes,Yes
38,20093,624,979017,16,0.1,Self-Employed,0,3,562467,Yes,No
39,62498,774,760909,14,0.1,Contract,3,2,722995,No,Yes
51,134251,699,488018,22,0.59,Business,3,1,340559,Yes,Yes
39,58985,516,831493,10,0.47,Self-Employed,0,1,911674,Yes,No
39,50009,752,731811,12,0.28,Salaried,1,1,962999,No,Yes
42,231166,703,353053,14,0.16,Contract,5,0,778529,No,Yes
44,146515,539,884523,17,0.62,Self-Employed,0,3,543397,Yes,Yes
65,35718,485,364533,37,0.69,Self-Employed,0,0,165852,No,No
32,34705,347,746323,9,0.08,Salaried,5,4,984926,Yes,No
50,105618,685,269280,21,0.41,Contract,5,3,338207,No,Yes
58,80598,507,549876,38,0.22,Salaried,0,4,819432,No,Yes
51,95878,456,390311,25,0.59,Contract,2,3,685586,No,Yes
56,30239,524,115509,27,0.27,Self-Employed,0,1,660052,Yes,Yes
39,64622,443,543417,16,0.51,Self-Employed,4,0,789162,No,No
65,64665,718,702392,40,0.4,Contract,0,4,369526,No,Yes
56,50274,410,344435,34,0.4,Self-Employed,1,1,999280,Yes,Yes
50,160491,764,202889,24,0.61,Business,1,1,896695,No,Yes
53,126368,431,389112,31,0.36,Self-Employed,5,4,66933,Yes,Yes
38,164075,633,658775,18,0.6,Contract,1,3,738579,Yes,Yes
48,179938,374,311021,22,0.29,Business,0,4,697786,Yes,Yes
31,171060,711,825765,4,0.16,Contract,3,0,76149,No,Yes
65,204966,818,946435,40,0.35,Business,1,2,761601,Yes,Yes
53,126563,335,183631,28,0.37,Business,0,3,643651,Yes,Yes
37,239516,522,851176,15,0.36,Salaried,1,1,124935,Yes,Yes
26,154746,829,474371,2,0.58,Salaried,2,4,806467,No,Yes
24,219610,540,288906,2,0.42,Business,2,2,557444,No,No
40,111103,433,857453,19,0.63,Business,0,4,578641,Yes,Yes
47,84446,690,918964,21,0.38,Business,1,2,410829,No,Yes
35,47072,401,106898,6,0.2,Salaried,1,3,308578,No,Yes
26,51717,797,653011,0,0.13,Salaried,4,4,123726,No,Yes
34,236417,810,756396,7,0.61,Salaried,5,4,595906,Yes,Yes
31,175723,836,365320,11,0.09,Business,5,2,175055,Yes,Yes
59,135202,844,413582,38,0.13,Business,1,0,57825,Yes,Yes
29,193363,642,632687,8,0.09,Contract,3,1,974219,No,Yes
46,140389,305,723366,24,0.33,Self-Employed,2,2,103111,No,Yes
36,127525,493,525127,10,0.4,Self-Employed,1,4,752410,No,Yes
25,212422,436,626722,0,0.06,Salaried,3,2,584626,Yes,Yes
30,231092,772,538910,4,0.39,Salaried,5,2,317082,Yes,Yes
23,22646,515,429442,3,0.31,Self-Employed,0,4,800944,No,No
33,57713,648,163214,12,0.55,Salaried,2,4,595281,Yes,Yes
63,85936,482,376735,36,0.59,Business,0,0,158471,No,Yes
50,193403,467,708429,22,0.5,Self-Employed,5,0,752784,No,No
65,40185,337,56486,36,0.36,Business,5,0,75568,No,No
26,102263,770,246461,0,0.19,Self-Employed,1,4,96092,No,Yes
37,247728,751,78800,17,0.6,Self-Employed,0,3,284074,Yes,Yes
65,70107,789,927586,40,0.27,Salaried,5,0,556240,Yes,Yes
39,215626,441,742580,10,0.28,Business,2,1,354937,Yes,Yes
62,35563,402,698610,35,0.65,Business,0,3,733164,No,No
55,88729,341,761614,31,0.68,Contract,0,0,179132,Yes,No
46,33701,446,324013,26,0.63,Business,0,1,659063,No,No
25,218144,365,971680,0,0.7,Business,3,4,769893,Yes,No
49,197289,492,610742,24,0.61,Salaried,3,1,221539,Yes,Yes
57,193682,597,535232,29,0.51,Contract,1,0,15927,No,No
40,233494,337,437737,17,0.24,Business,0,2,315708,Yes,Yes
41,199203,801,382917,18,0.67,Salaried,3,2,359825,Yes,Yes
30,146331,727,993957,3,0.62,Self-Employed,2,1,596408,Yes,Yes
25,178482,651,368957,2,0.21,Business,2,4,329923,No,Yes
56,117280,625,116326,34,0.37,Salaried,5,3,901920,No,Yes
26,207787,337,621883,0,0.1,Self-Employed,0,2,651073,Yes,Yes
46,56665,396,555706,22,0.67,Business,1,3,643335,Yes,No
24,33957,407,877616,0,0.42,Business,5,4,690815,Yes,No
59,197199,450,495402,35,0.21,Salaried,3,2,286136,Yes,Yes
59,212661,373,916722,31,0.24,Self-Employed,5,4,722580,Yes,Yes
55,64008,356,521819,30,0.69,Self-Employed,3,0,723651,No,No
21,79920,634,308184,0,0.45,Self-Employed,3,3,884927,Yes,No
44,181947,551,721969,19,0.32,Self-Employed,5,0,857705,No,Yes
56,131828,553,170036,30,0.37,Business,1,4,477724,No,Yes
26,141852,684,564370,3,0.11,Self-Employed,4,4,259782,No,Yes
61,150698,755,528315,38,0.1,Salaried,3,1,822193,No,Yes
64,108815,558,124539,36,0.44,Salaried,0,1,604742,No,Yes
51,212894,764,601356,25,0.38,Business,3,2,200813,Yes,Yes
40,220837,333,96996,11,0.28,Salaried,3,0,646843,Yes,Yes
44,221485,794,775119,19,0.42,Contract,4,0,522001,No,Yes
45,182714,625,139440,25,0.1,Business,5,4,676315,Yes,Yes
56,56311,537,217906,30,0.66,Contract,0,1,598983,Yes,Yes
41,50356,840,726106,16,0.24,Self-Employed,0,3,592485,Yes,Yes
50,21809,765,933372,27,0.1,Contract,0,4,166517,Yes,Yes
44,192443,603,333551,17,0.16,Business,3,0,416284,Yes,Yes
64,52875,416,529445,38,0.11,Self-Employed,3,0,856255,No,No
62,27465,506,410694,35,0.17,Salaried,2,4,90243,Yes,No
50,215167,780,399801,22,0.32,Business,4,4,379496,Yes,Yes
42,91844,702,559522,22,0.53,Self-Employed,5,4,489143,Yes,Yes
48,214322,532,76403,26,0.23,Business,0,0,519542,Yes,Yes
27,104889,583,323781,6,0.33,Self-Employed,0,3,736459,Yes,Yes
55,33250,779,713972,33,0.65,Business,2,0,217342,Yes,Yes
48,64023,308,211482,27,0.24,Business,3,4,610596,Yes,Yes
34,119350,678,972664,9,0.57,Business,2,1,981025,No,Yes
30,195696,680,110108,2,0.15,Business,2,3,189700,Yes,Yes
36,34427,659,280747,15,0.17,Contract,3,2,132834,No,Yes
36,182348,475,450944,13,0.35,Self-Employed,1,0,179804,No,Yes
51,89643,784,250846,27,0.2,Self-Employed,5,3,924614,No,Yes
62,228084,704,273372,38,0.64,Business,4,3,166248,No,Yes
45,152511,332,822660,25,0.08,Business,1,4,887775,No,Yes
33,234920,764,900026,8,0.44,Salaried,1,3,764796,No,Yes
26,236403,456,330608,2,0.44,Self-Employed,4,0,750089,Yes,No
64,96672,501,999447,39,0.09,Contract,1,1,919886,Yes,Yes
29,228775,474,867270,6,0.53,Self-Employed,3,3,721388,Yes,Yes
65,35300,543,580207,40,0.35,Self-Employed,1,0,996811,No,No
56,78289,568,844229,28,0.52,Self-Employed,1,4,387517,Yes,No
63,166254,745,232959,40,0.59,Salaried,5,3,916255,No,Yes
40,219579,373,138003,15,0.26,Contract,1,2,28645,Yes,Yes
38,199984,395,401416,18,0.36,Business,3,2,944571,No,Yes
63,175981,472,517773,37,0.22,Contract,2,1,637339,No,Yes
41,37659,705,446274,18,0.18,Business,0,4,954874,No,Yes
24,180475,454,911009,0,0.05,Business,4,0,687183,No,Yes
53,182658,482,677926,27,0.68,Contract,4,3,348393,No,No
47,28360,622,437804,23,0.34,Salaried,3,0,558507,Yes,No
27,39424,588,284316,0,0.06,Salaried,0,2,386758,No,No
26,116035,557,949343,0,0.06,Business,1,4,61995,No,No
35,66791,473,651845,13,0.24,Salaried,5,0,107366,Yes,Yes
38,152137,629,863690,18,0.06,Salaried,4,3,16758,Yes,Yes
52,217867,530,689378,23,0.29,Salaried,1,4,490099,No,Yes
31,30300,460,724719,4,0.09,Salaried,5,3,669365,No,No
40,51370,485,141714,17,0.08,Business,3,3,266950,No,Yes
44,218903,442,587202,18,0.49,Salaried,5,4,940189,Yes,Yes
35,45209,581,712896,12,0.64,Contract,3,4,675337,No,No
27,38927,326,760431,1,0.32,Contract,5,3,704942,Yes,No
41,52579,545,695736,21,0.59,Business,3,2,790350,Yes,No
62,27032,786,83748,40,0.07,Self-Employed,2,3,112475,Yes,Yes
46,111254,501,875880,25,0.56,Salaried,3,4,829054,Yes,Yes
64,96413,320,882564,40,0.09,Contract,1,1,52442,No,No
34,189803,393,126022,5,0.59,Self-Employed,2,0,276627,Yes,Yes
57,131528,307,445600,32,0.62,Contract,1,3,401640,Yes,Yes
41,241274,771,419438,20,0.56,Contract,5,0,886394,Yes,Yes
38,202839,638,126323,18,0.58,Self-Employed,3,3,804968,No,No
25,141916,558,477350,0,0.41,Salaried,2,3,474235,No,No
23,90302,354,675530,0,0.22,Business,5,1,408611,Yes,Yes
43,199026,847,526398,16,0.47,Business,0,4,785623,No,Yes
46,237437,305,958779,21,0.34,Business,3,2,369447,No,Yes
57,103757,676,110120,29,0.05,Salaried,2,4,217697,No,Yes
44,174174,349,110592,17,0.36,Salaried,5,0,705589,Yes,Yes
39,183505,411,779391,16,0.47,Contract,2,0,475224,Yes,Yes
45,33932,445,584173,21,0.06,Business,2,3,265383,No,No
41,43714,529,461916,20,0.45,Business,4,4,49920,No,No
32,75803,796,458234,12,0.47,Contract,2,1,254143,No,Yes
61,188815,605,179006,36,0.15,Contract,0,2,29500,Yes,Yes
53,151624,841,145964,31,0.33,Self-Employed,3,4,156836,Yes,Yes
24,74627,760,762421,1,0.68,Self-Employed,3,3,362072,No,No
62,195059,525,212394,40,0.62,Salaried,3,0,601553,Yes,Yes
27,97810,358,100073,2,0.32,Business,2,4,373956,No,Yes
42,63380,375,384794,15,0.28,Contract,3,0,306815,No,Yes
53,178322,727,861428,24,0.13,Business,0,3,636112,Yes,Yes
37,217416,431,142290,14,0.07,Salaried,4,0,392215,No,Yes
44,82686,797,547049,15,0.24,Business,0,3,36071,Yes,Yes
54,138321,604,512561,27,0.66,Contract,4,2,95025,Yes,Yes
48,63028,366,489520,19,0.67,Contract,3,1,670617,Yes,Yes
63,164367,529,919518,40,0.58,Contract,5,0,223376,No,No
61,131141,632,734609,35,0.28,Salaried,1,4,696242,No,Yes
59,73248,576,302028,37,0.14,Contract,4,2,680056,Yes,Yes
42,229277,443,792309,17,0.44,Self-Employed,0,1,410886,Yes,Yes
37,28523,550,176379,14,0.47,Contract,0,4,146758,Yes,No
54,63530,379,559364,29,0.33,Business,5,4,909609,No,No
26,31769,356,775583,0,0.5,Contract,1,3,712019,Yes,No
26,212114,665,284733,0,0.54,Contract,4,1,128110,Yes,Yes
54,130035,607,464339,29,0.56,Business,4,4,679316,No,No
21,193717,473,345239,0,0.38,Salaried,0,4,758118,No,Yes
30,239815,761,142971,2,0.56,Salaried,4,4,300273,No,Yes
41,211214,792,923590,15,0.07,Salaried,1,2,247646,Yes,Yes
25,249832,673,912253,0,0.49,Salaried,4,1,63698,No,Yes
22,174629,648,551843,0,0.2,Contract,4,3,76322,Yes,Yes
42,97782,366,664751,18,0.23,Contract,1,2,144442,No,Yes
22,96382,629,563036,2,0.11,Self-Employed,3,2,865590,Yes,Yes
30,186157,493,759244,3,0.18,Salaried,4,2,911350,No,Yes
54,199780,454,299668,34,0.69,Business,5,3,506026,No,No
36,200429,459,55291,16,0.32,Business,0,3,751781,Yes,Yes
59,128939,565,484409,33,0.65,Business,2,2,555584,No,Yes
42,162542,467,688132,15,0.16,Business,0,2,965705,No,Yes
32,96712,444,839554,10,0.18,Self-Employed,5,0,529994,Yes,Yes
44,136643,485,579164,23,0.41,Self-Employed,0,3,130014,Yes,Yes
60,125417,722,293082,34,0.28,Self-Employed,3,4,62775,Yes,Yes
58,228154,756,517876,29,0.47,Salaried,3,1,83321,No,Yes
30,155877,644,107147,6,0.32,Contract,0,1,146974,Yes,Yes
55,231396,815,182895,35,0.58,Business,4,1,771119,Yes,Yes
52,146256,403,889084,31,0.33,Business,0,2,74569,No,Yes
27,243956,546,676665,5,0.42,Self-Employed,5,3,750702,Yes,Yes
41,211100,322,962657,16,0.26,Salaried,4,0,892163,Yes,Yes
40,199844,824,763564,20,0.51,Self-Employed,1,0,943943,No,Yes
46,201176,443,493598,19,0.48,Business,1,1,676726,No,Yes
24,222688,492,453603,3,0.31,Business,3,4,753376,No,Yes
42,119422,764,676987,18,0.23,Self-Employed,2,4,992390,No,Yes
35,107300,674,285427,8,0.45,Business,2,4,441155,Yes,Yes
60,24630,565,805140,36,0.66,Contract,5,4,678660,No,No
41,142474,677,593268,14,0.14,Contract,3,0,881372,Yes,Yes
35,116869,849,467440,10,0.57,Self-Employed,1,0,193524,No,Yes
42,33701,373,319265,16,0.4,Contract,3,3,504287,No,No
48,163931,737,254562,21,0.39,Contract,1,0,378923,Yes,Yes
34,170255,525,965378,12,0.68,Self-Employed,4,3,482033,No,No
47,189510,607,302703,23,0.44,Self-Employed,5,3,301935,No,No
61,115285,647,979385,32,0.59,Self-Employed,1,2,884231,No,No
60,135556,775,787813,34,0.38,Contract,1,0,797863,No,Yes
48,246495,614,133176,20,0.21,Business,1,4,329869,No,Yes
46,191316,824,625097,21,0.5,Salaried,2,1,187828,No,Yes
22,223384,724,698320,0,0.65,Business,1,3,872909,Yes,Yes
45,33021,823,389765,25,0.6,Self-Employed,0,1,987924,No,No
23,218935,548,166440,0,0.18,Business,4,4,603579,No,Yes
28,204637,481,335241,3,0.26,Salaried,2,3,720614,No,Yes
64,197115,405,52978,40,0.39,Business,0,3,968769,Yes,Yes
53,222222,490,185404,30,0.42,Self-Employed,2,0,443108,Yes,Yes
62,82361,436,397717,37,0.18,Salaried,2,2,10640,Yes,Yes
55,150317,419,282389,26,0.2,Contract,0,1,70863,Yes,Yes
26,190083,371,304652,6,0.54,Business,3,4,955612,Yes,Yes
59,28355,430,851521,30,0.52,Contract,5,2,992259,Yes,No
43,116841,756,439694,19,0.6,Contract,5,2,441851,Yes,Yes
45,197764,778,368948,23,0.66,Salaried,5,0,132311,No,Yes
63,198076,351,770112,37,0.25,Contract,3,3,330768,Yes,Yes
39,178786,418,990988,12,0.61,Contract,1,4,911262,Yes,Yes
25,35198,563,522760,3,0.48,Business,0,2,243673,No,No
31,84951,538,628306,2,0.67,Salaried,1,2,66320,Yes,Yes
32,150724,650,985652,10,0.23,Self-Employed,5,1,717533,No,Yes
30,192697,554,177198,8,0.23,Self-Employed,3,4,818428,No,Yes
28,235054,608,821170,3,0.51,Salaried,0,4,60995,Yes,Yes
44,36740,794,315974,19,0.65,Contract,0,2,772601,No,No
48,21810,356,957820,26,0.59,Business,0,3,924943,Yes,No
61,141743,702,380638,36,0.52,Contract,1,4,829752,Yes,Yes
56,165641,366,437344,28,0.3,Self-Employed,2,4,687694,No,Yes
57,117855,345,862430,30,0.52,Business,2,1,109245,No,Yes
41,228192,668,903508,15,0.57,Salaried,5,1,206884,Yes,Yes
28,44783,531,211749,2,0.54,Contract,2,1,42704,No,No
29,139701,701,79101,2,0.49,Contract,0,3,655870,Yes,Yes
35,248137,322,550234,9,0.08,Business,3,3,90090,No,Yes
60,96047,566,290575,38,0.48,Contract,1,4,428162,Yes,Yes
38,27471,417,432299,11,0.36,Salaried,1,3,413507,No,No
62,128771,354,581341,35,0.68,Business,3,1,394926,Yes,Yes
40,24163,452,186742,20,0.44,Salaried,2,3,648150,No,No
26,212159,538,945426,0,0.45,Salaried,5,4,489697,Yes,No
32,80071,564,686854,8,0.7,Salaried,4,2,416307,No,No
22,34065,567,687939,0,0.11,Salaried,3,0,665127,Yes,No
27,140323,412,191353,7,0.23,Contract,2,3,580868,Yes,Yes
36,135969,465,264730,11,0.48,Business,0,2,135861,No,Yes
23,101456,307,103341,0,0.25,Contract,3,4,821618,No,Yes
65,197420,516,118069,40,0.27,Self-Employed,2,2,763731,Yes,Yes
23,37154,730,978260,0,0.63,Salaried,1,2,750600,Yes,No
47,123703,591,508291,22,0.43,Salaried,4,2,142865,No,No
63,38229,349,759781,40,0.12,Self-Employed,4,1,979570,No,No
60,70587,406,503324,36,0.25,Self-Employed,4,3,223329,Yes,Yes
58,67713,308,377467,37,0.1,Salaried,2,2,36049,No,Yes
53,176069,755,927042,27,0.41,Contract,2,4,656234,No,Yes
48,39101,622,396482,20,0.16,Contract,0,0,770632,Yes,No
21,58391,608,808740,0,0.61,Salaried,4,0,796238,Yes,No
28,224935,444,798218,0,0.43,Business,1,0,392567,No,No
57,90723,711,820532,31,0.09,Self-Employed,5,1,555606,Yes,Yes
52,244293,413,460264,26,0.25,Contract,4,3,305677,No,Yes
63,208477,698,757966,40,0.45,Business,3,0,790584,Yes,Yes
57,184020,574,846308,32,0.27,Salaried,3,1,238702,Yes,Yes
24,118264,423,501291,0,0.38,Salaried,1,4,793095,Yes,Yes
50,202103,385,152591,23,0.64,Contract,2,4,608632,No,Yes
26,55921,346,293432,0,0.28,Contract,5,1,951281,No,Yes
39,221643,500,65171,16,0.27,Salaried,4,3,938006,Yes,Yes
52,226079,575,354348,32,0.58,Contract,5,4,526664,No,No
29,46460,848,448382,4,0.26,Contract,3,3,336316,No,Yes
32,170143,429,519118,3,0.1,Contract,1,1,290701,Yes,Yes
31,215190,747,922226,11,0.17,Salaried,0,4,53100,No,Yes
36,197354,688,880166,12,0.67,Self-Employed,3,4,349064,No,Yes
21,109725,562,831318,0,0.66,Business,3,2,334832,Yes,No
65,76445,577,927683,40,0.2,Self-Employed,4,4,38162,Yes,No
41,230139,345,439683,17,0.41,Salaried,2,0,651127,No,Yes
50,100208,467,670909,25,0.14,Business,3,2,78255,Yes,Yes
33,203888,744,831357,9,0.49,Salaried,3,1,224738,Yes,Yes
54,124283,345,830680,34,0.17,Self-Employed,4,0,49235,No,Yes
24,103779,839,769801,0,0.08,Salaried,2,0,598169,No,Yes
48,21060,386,619366,26,0.59,Contract,5,3,941601,Yes,No
58,143806,684,864210,32,0.26,Contract,0,2,127074,No,Yes
51,31731,564,782286,27,0.12,Self-Employed,5,3,109508,No,No
47,95830,321,726284,25,0.59,Contract,0,2,551259,Yes,Yes
25,133871,749,95832,0,0.55,Self-Employed,0,2,578991,Yes,Yes
45,38719,531,682828,25,0.49,Salaried,0,0,96533,Yes,No
23,196114,485,811140,0,0.64,Salaried,2,4,159157,No,No
53,67116,625,640531,30,0.37,Self-Employed,0,3,849478,No,Yes
24,44325,482,550144,1,0.13,Business,4,3,724651,Yes,No
45,171669,696,992552,21,0.09,Self-Employed,4,0,846377,Yes,Yes
40,216511,780,295701,12,0.26,Business,4,4,729047,Yes,Yes
54,32551,702,607103,34,0.11,Self-Employed,0,2,971525,Yes,Yes
46,111287,762,871114,24,0.4,Salaried,4,2,809957,No,Yes
25,42278,716,591777,2,0.06,Contract,4,4,625649,Yes,Yes
55,240261,501,430012,34,0.34,Self-Employed,1,2,985980,No,Yes
48,33141,364,834646,20,0.17,Business,0,3,772994,No,No
49,85913,316,950126,23,0.29,Contract,4,3,743439,Yes,Yes
29,51615,482,369845,9,0.49,Business,5,3,871781,No,No
58,140058,690,984455,30,0.28,Business,2,0,546981,Yes,Yes
26,211823,343,288047,1,0.27,Business,4,2,816405,No,Yes
39,130684,781,755378,18,0.69,Business,1,0,671982,No,Yes
64,45452,562,192524,40,0.52,Self-Employed,2,2,844851,No,No
31,171797,473,865067,6,0.38,Contract,2,3,943502,No,Yes
22,68391,740,279355,0,0.43,Contract,5,3,569882,No,Yes
64,138288,519,149332,35,0.45,Contract,5,4,102497,Yes,Yes
64,224132,693,471149,39,0.07,Contract,5,2,32391,No,Yes
29,131535,494,477797,3,0.1,Salaried,3,1,729393,Yes,Yes
41,160770,708,823776,16,0.47,Salaried,1,0,903186,Yes,Yes
44,104711,770,481497,17,0.29,Self-Employed,1,3,752128,No,Yes
54,95850,646,954646,33,0.09,Contract,4,4,460152,Yes,Yes
42,127733,761,726547,14,0.24,Salaried,1,4,243074,No,Yes
23,20365,360,859385,0,0.13,Contract,2,3,462017,No,No
32,246625,465,467918,4,0.65,Self-Employed,2,2,587893,Yes,Yes
48,115662,450,318422,22,0.18,Business,4,4,134151,No,Yes
50,61372,410,225638,22,0.14,Self-Employed,2,2,942643,Yes,Yes
46,62134,787,109722,26,0.46,Salaried,4,4,282080,Yes,Yes
41,55823,848,330180,19,0.39,Salaried,5,0,23917,No,Yes
48,89158,302,163031,27,0.42,Salaried,3,2,200902,No,No
46,114076,782,729943,26,0.33,Self-Employed,1,4,80173,Yes,Yes
53,151021,312,906676,29,0.35,Self-Employed,1,3,172365,No,Yes
41,67396,461,190548,21,0.56,Self-Employed,1,1,692738,No,Yes
55,126336,643,645142,33,0.19,Contract,3,3,857028,Yes,Yes
54,49912,748,144805,29,0.31,Salaried,1,2,564090,Yes,Yes
61,74947,631,481843,36,0.67,Self-Employed,5,3,167233,Yes,Yes
38,246769,563,957735,16,0.17,Self-Employed,3,3,673774,Yes,Yes
31,62387,382,205826,8,0.24,Contract,3,1,847791,Yes,Yes
43,213037,633,548113,17,0.17,Salaried,4,3,998279,Yes,Yes
42,34508,679,856411,17,0.06,Business,5,4,940671,No,Yes
37,63592,518,906878,16,0.23,Business,0,0,410383,No,Yes
25,127249,753,242233,0,0.08,Salaried,0,1,453730,No,Yes
64,19919,388,348166,39,0.15,Contract,4,2,378496,Yes,No
31,60595,632,578741,10,0.29,Salaried,4,4,907295,No,No
50,158689,609,888007,24,0.06,Business,4,2,308405,No,Yes
35,224340,719,631548,6,0.54,Self-Employed,1,1,349805,No,Yes
47,51298,653,792077,18,0.57,Salaried,2,1,461363,Yes,Yes
55,156001,399,269973,32,0.32,Business,4,3,195098,Yes,Yes
53,32456,444,141862,33,0.69,Self-Employed,3,1,669955,No,No
40,127599,309,221777,11,0.49,Salaried,0,2,508254,No,Yes
36,104676,343,628317,8,0.53,Contract,1,1,341735,Yes,Yes
54,101721,685,447393,25,0.17,Business,5,0,564216,Yes,Yes
22,55924,794,905397,0,0.59,Self-Employed,2,3,722894,Yes,Yes
55,42240,792,607240,31,0.66,Self-Employed,0,1,341348,No,No
60,105381,468,568431,38,0.2,Contract,0,0,640395,No,Yes
48,27228,830,282509,25,0.5,Business,0,2,514234,Yes,Yes
59,39686,635,775874,37,0.54,Self-Employed,3,2,46425,Yes,No
26,29920,812,695113,0,0.25,Contract,3,0,747257,Yes,Yes
29,25432,429,260381,2,0.36,Business,3,0,682242,Yes,No
40,212647,838,439149,16,0.11,Contract,2,1,843752,Yes,Yes
21,128507,813,704247,0,0.16,Contract,0,3,330863,No,Yes
28,148509,549,908142,8,0.09,Contract,4,3,644144,Yes,Yes
43,89725,437,71796,15,0.41,Contract,2,4,396096,Yes,Yes
23,242647,574,231420,0,0.46,Business,3,0,718786,No,No
24,182982,763,389557,2,0.65,Contract,3,2,510401,Yes,Yes
45,139764,440,563151,25,0.4,Contract,3,4,652583,No,Yes
58,179298,555,234405,36,0.22,Self-Employed,5,0,930852,Yes,Yes
35,222222,755,329866,14,0.09,Business,1,0,245929,Yes,Yes
41,77099,733,793451,15,0.63,Business,5,4,708960,No,Yes
55,130557,472,162761,26,0.36,Contract,0,3,447394,No,Yes
34,104760,772,653386,11,0.53,Contract,4,0,114130,No,Yes
56,36013,722,298380,30,0.06,Salaried,0,4,853212,No,Yes
32,39446,738,908514,10,0.37,Contract,2,1,158033,Yes,Yes
37,123209,356,599546,12,0.26,Business,1,1,370360,Yes,Yes
59,219447,797,323850,33,0.07,Self-Employed,2,2,714575,No,Yes
29,211581,468,865375,3,0.55,Business,3,3,789743,Yes,Yes
55,120261,727,900756,31,0.38,Self-Employed,3,4,16560,Yes,Yes
33,113739,718,858747,8,0.27,Contract,4,3,390447,No,Yes
35,18557,646,584640,13,0.57,Salaried,0,3,940409,Yes,No
38,179738,816,84497,15,0.34,Self-Employed,2,4,367876,No,Yes
53,186461,754,387289,28,0.05,Business,5,0,58792,Yes,Yes
26,196772,501,750334,4,0.66,Contract,3,1,586955,No,No
47,148878,478,934754,21,0.22,Self-Employed,4,2,214162,No,Yes
43,117143,356,957091,21,0.59,Salaried,4,0,558713,Yes,No
47,42578,800,601516,19,0.58,Salaried,2,3,547394,Yes,Yes
54,92779,411,569896,31,0.16,Salaried,0,3,757526,No,Yes
58,158668,447,951584,37,0.36,Contract,1,4,308608,Yes,Yes
34,75500,677,58882,9,0.08,Self-Employed,4,1,404428,Yes,Yes
56,90534,647,304962,28,0.28,Self-Employed,2,1,711208,Yes,Yes
28,28129,657,197340,0,0.53,Contract,3,2,302694,Yes,Yes
55,212466,355,382990,26,0.2,Self-Employed,1,0,999437,Yes,Yes
39,215118,615,293180,18,0.13,Contract,1,2,71019,No,Yes
50,29596,484,336607,27,0.38,Salaried,0,3,663003,Yes,No
34,83355,353,126789,10,0.4,Self-Employed,2,3,978199,Yes,Yes
40,30974,336,135940,12,0.49,Salaried,0,1,247297,No,No
45,215745,569,846259,19,0.54,Contract,4,3,638222,No,No
60,130004,807,257546,36,0.5,Salaried,4,0,815602,Yes,Yes
44,144794,527,738422,19,0.6,Business,5,0,848653,Yes,Yes
34,242505,727,140690,6,0.19,Contract,2,2,635432,Yes,Yes
46,88202,300,974744,23,0.42,Business,3,0,105678,Yes,No
58,92442,322,965175,37,0.28,Contract,5,3,522415,No,No
43,170890,802,548364,19,0.68,Salaried,5,4,890867,No,Yes
42,192318,747,51585,16,0.34,Salaried,4,1,229039,Yes,Yes
39,73598,795,364676,16,0.67,Salaried,4,1,303428,No,Yes
23,151726,724,453757,3,0.55,Business,3,1,756776,No,Yes
62,51758,317,317571,35,0.52,Salaried,5,4,458025,No,No
39,42204,744,928715,15,0.37,Business,1,3,951063,Yes,Yes
29,145309,338,655444,0,0.34,Business,2,0,165844,No,Yes
48,184000,509,295954,27,0.39,Self-Employed,1,3,161530,No,Yes
40,202681,510,583321,18,0.24,Self-Employed,0,2,550545,No,Yes
65,48552,580,736430,36,0.64,Self-Employed,3,3,697250,Yes,No
27,159408,432,686746,0,0.57,Contract,2,3,638674,Yes,Yes
34,65037,748,965199,10,0.57,Business,3,1,122331,No,Yes
29,165278,563,754464,6,0.33,Salaried,3,3,773366,No,Yes
39,52831,410,62199,11,0.1,Self-Employed,1,4,17903,Yes,Yes
34,61563,537,980280,6,0.49,Contract,1,1,912390,Yes,No
58,36361,756,728087,31,0.29,Business,0,2,113175,Yes,Yes
56,59335,815,577219,35,0.62,Contract,2,4,78794,No,Yes
60,92469,472,130379,36,0.56,Salaried,3,4,477076,Yes,Yes
37,43816,492,237265,10,0.14,Self-Employed,5,2,571996,Yes,Yes
50,164691,814,842131,23,0.44,Business,0,0,90030,No,Yes
29,110479,708,501005,3,0.5,Contract,3,3,754844,No,Yes
53,44819,383,304031,30,0.42,Self-Employed,0,3,603013,Yes,No
45,160813,379,529976,23,0.38,Self-Employed,3,0,301200,Yes,Yes
34,140330,508,208393,7,0.2,Business,1,2,963901,Yes,Yes
31,26798,821,897464,4,0.2,Self-Employed,4,0,750483,Yes,Yes
55,174215,498,57636,26,0.55,Contract,0,1,383109,No,Yes
61,67695,533,903828,37,0.06,Business,0,1,57507,Yes,Yes
34,181819,543,170249,12,0.56,Business,4,1,597100,Yes,Yes
50,248259,692,952050,26,0.39,Self-Employed,1,0,215855,Yes,Yes
61,147544,745,327133,38,0.66,Salaried,0,4,610160,Yes,Yes
24,170254,692,101086,0,0.7,Salaried,1,1,431759,Yes,Yes
24,27415,308,818901,3,0.48,Salaried,5,0,818525,Yes,No
48,160157,452,808031,21,0.32,Contract,3,1,961154,No,Yes
28,164080,409,555174,0,0.36,Business,5,1,217234,Yes,Yes
22,105638,565,543691,0,0.18,Self-Employed,3,3,506435,No,Yes
61,36452,672,348206,38,0.11,Salaried,4,0,874010,No,Yes
42,213147,451,784697,20,0.43,Self-Employed,2,3,234008,No,Yes
61,157192,714,505341,32,0.57,Salaried,1,2,470984,Yes,Yes
36,213457,625,604686,12,0.22,Salaried,2,1,635597,Yes,Yes
49,222428,850,906715,24,0.32,Self-Employed,2,1,27591,No,Yes
50,128205,475,939128,30,0.41,Contract,1,3,306829,Yes,Yes
32,36170,824,120774,12,0.64,Self-Employed,2,0,696130,No,Yes
55,34259,614,839266,26,0.14,Self-Employed,0,4,668139,Yes,No
31,40099,366,360347,9,0.2,Contract,3,4,937745,Yes,No
41,158721,483,357820,20,0.65,Contract,5,2,416604,Yes,Yes
41,147394,334,600518,21,0.08,Self-Employed,4,0,406258,No,Yes
25,244863,804,909084,0,0.48,Contract,1,0,603374,Yes,Yes
40,77258,375,380608,20,0.47,Salaried,4,3,276638,Yes,Yes
57,190109,771,565329,28,0.3,Contract,5,1,251476,No,Yes
23,29805,822,143715,0,0.35,Self-Employed,3,1,535350,No,Yes
64,61147,582,465350,40,0.61,Contract,4,0,899377,No,No
53,92280,835,281048,30,0.16,Business,1,4,608757,Yes,Yes
29,195125,573,844622,2,0.2,Contract,4,2,263610,No,Yes
29,124777,838,139364,2,0.38,Salaried,2,3,131082,Yes,Yes
24,115841,353,709710,0,0.32,Business,2,0,221009,Yes,Yes
55,240465,354,870487,33,0.42,Salaried,3,2,421052,Yes,Yes
37,142726,576,749046,10,0.65,Salaried,2,0,420976,No,Yes
54,146359,742,918004,34,0.65,Business,4,2,288910,Yes,Yes
44,94215,717,209772,21,0.2,Salaried,0,2,957226,No,Yes
52,130909,524,122146,28,0.25,Business,4,1,141138,No,Yes
21,113365,554,157554,0,0.16,Salaried,0,3,262605,Yes,Yes
28,28985,475,996924,4,0.65,Self-Employed,4,3,554575,No,No
65,242895,445,833653,40,0.31,Salaried,0,1,350467,No,Yes
43,30391,684,337321,19,0.34,Business,0,4,511633,No,Yes
60,22861,561,929818,32,0.57,Self-Employed,1,3,96770,Yes,No
32,212654,830,482867,3,0.38,Self-Employed,1,1,928939,No,Yes
32,201000,670,257778,3,0.13,Contract,5,2,372101,Yes,Yes
35,52364,496,104339,13,0.33,Contract,4,2,614125,No,Yes
61,100399,583,885714,40,0.46,Contract,2,3,573880,Yes,No
39,246107,601,811708,10,0.52,Self-Employed,1,2,556161,Yes,Yes
46,242402,431,222142,25,0.47,Contract,0,3,199014,Yes,Yes
49,60923,419,929115,22,0.13,Self-Employed,4,0,150896,Yes,Yes
42,156991,435,241775,18,0.25,Contract,2,1,462019,Yes,Yes
60,204968,828,413182,36,0.53,Salaried,4,4,626205,No,Yes
41,103818,333,730766,16,0.62,Contract,0,3,214860,Yes,Yes
58,196468,831,894441,30,0.08,Business,1,4,48961,Yes,Yes
40,183912,507,575354,14,0.08,Contract,1,1,144668,Yes,Yes
49,191327,598,251578,25,0.47,Self-Employed,3,1,80851,Yes,Yes
24,89160,821,365084,0,0.41,Business,3,0,853121,Yes,Yes
27,146165,393,311803,0,0.15,Business,5,1,379938,No,Yes
48,248314,713,624757,20,0.41,Self-Employed,5,2,28647,Yes,Yes
48,157248,670,951404,20,0.68,Business,5,4,97331,Yes,Yes
24,51529,708,728710,3,0.46,Business,4,1,103509,Yes,Yes
42,205478,682,275843,16,0.34,Business,4,1,992795,Yes,Yes
32,162013,740,447330,3,0.59,Contract,2,4,251480,No,Yes
65,19669,746,947570,40,0.19,Business,5,4,413980,No,Yes
23,234854,370,754559,0,0.32,Salaried,1,0,885031,Yes,Yes
42,135373,383,174648,21,0.39,Salaried,5,1,976829,Yes,Yes
64,62859,508,285514,35,0.38,Contract,1,2,194078,No,Yes
22,73786,558,639421,0,0.65,Contract,5,2,126141,No,No
44,200155,538,71245,19,0.24,Salaried,3,0,938625,Yes,Yes
54,189148,601,561163,31,0.09,Business,0,1,217453,Yes,Yes
47,38323,531,158574,25,0.65,Salaried,0,4,76143,Yes,No
61,248502,581,93266,38,0.19,Self-Employed,5,2,679663,No,Yes
21,24021,693,926194,0,0.3,Business,3,1,497458,Yes,Yes
28,57807,717,807079,4,0.4,Salaried,4,0,492193,Yes,Yes
43,146305,505,980099,15,0.68,Salaried,5,0,722658,Yes,Yes
58,68355,563,143254,33,0.4,Business,5,4,200193,Yes,Yes
26,131415,610,613506,5,0.34,Business,1,0,886238,No,Yes
42,193804,378,468359,17,0.43,Business,1,0,785829,Yes,Yes
45,26711,641,751538,17,0.68,Contract,5,0,913960,No,No
38,212151,394,252772,15,0.58,Self-Employed,1,2,750119,No,Yes
37,25904,650,541392,17,0.16,Contract,0,4,475797,Yes,Yes
32,82033,361,582075,11,0.57,Salaried,4,4,709555,Yes,Yes
26,249659,441,524676,2,0.6,Self-Employed,5,4,814233,Yes,No
46,104478,410,619574,17,0.5,Contract,0,0,332827,No,Yes
47,138035,826,312225,21,0.48,Salaried,4,0,664660,Yes,Yes
28,238859,456,577293,1,0.34,Business,3,2,481443,Yes,Yes
39,204168,838,123944,17,0.47,Salaried,4,0,439092,No,Yes
62,239666,308,181406,34,0.53,Business,0,2,466175,No,Yes
21,249853,575,173438,0,0.13,Contract,1,4,919841,No,Yes
49,21093,526,126639,26,0.22,Salaried,0,2,779134,No,Yes
65,42918,485,108217,40,0.18,Self-Employed,3,1,706807,No,No
55,221815,515,681536,30,0.6,Salaried,1,3,696304,Yes,Yes
60,211708,732,684545,31,0.49,Business,0,0,191544,Yes,Yes
34,207878,655,599457,9,0.34,Contract,1,4,370203,No,Yes
55,158466,691,277102,33,0.59,Self-Employed,3,3,648816,Yes,Yes
65,142501,574,159247,37,0.52,Self-Employed,4,3,751704,No,No
40,110510,793,204524,16,0.64,Contract,4,4,763760,No,Yes
33,111708,750,993758,12,0.1,Contract,2,3,943311,Yes,Yes
58,115819,719,250505,33,0.38,Salaried,1,2,433069,Yes,Yes
28,162352,463,893542,6,0.51,Salaried,5,4,855293,Yes,Yes
63,54303,482,631541,36,0.18,Self-Employed,3,4,244512,No,No
40,45453,609,513400,18,0.26,Salaried,0,2,146738,Yes,No
53,126886,316,649498,29,0.32,Business,5,1,458847,Yes,Yes
46,78695,745,919134,23,0.57,Business,0,1,936119,No,Yes
59,217521,469,142246,36,0.37,Salaried,2,3,549026,Yes,Yes
41,174837,579,725330,20,0.37,Self-Employed,0,4,159307,No,Yes
62,151412,639,447010,35,0.33,Salaried,3,2,274061,No,Yes
63,240787,818,603472,40,0.2,Contract,3,4,842385,Yes,Yes
61,242481,310,272167,38,0.65,Contract,4,2,242133,Yes,Yes
29,56057,823,423322,4,0.26,Self-Employed,1,1,496313,No,Yes
44,149669,432,612653,16,0.42,Self-Employed,1,1,926084,No,Yes
57,207060,447,605505,34,0.15,Contract,0,3,29948,No,Yes
61,112655,378,579339,39,0.33,Contract,1,2,392702,No,Yes
37,33025,645,132662,13,0.64,Business,2,1,980762,No,No
44,25145,548,718235,16,0.7,Salaried,1,0,166488,Yes,No
41,119206,841,906323,21,0.29,Self-Employed,5,1,162090,Yes,Yes
59,204869,323,463208,35,0.15,Contract,0,4,287773,No,Yes
61,59723,770,692247,38,0.25,Self-Employed,1,2,355698,No,Yes
59,91230,500,232734,35,0.26,Contract,5,0,534413,No,Yes
33,153902,430,307962,7,0.47,Self-Employed,3,1,239075,No,No
31,173002,655,418733,5,0.37,Self-Employed,3,1,72394,No,Yes
39,172824,449,297135,13,0.55,Business,4,2,622473,Yes,Yes
31,126138,825,108475,11,0.51,Business,4,0,862319,Yes,Yes
33,225097,603,343218,5,0.21,Business,4,2,182399,Yes,Yes
65,247300,840,642340,39,0.56,Business,4,1,723095,Yes,Yes
21,230376,349,596910,0,0.6,Business,1,3,516954,Yes,Yes
60,80040,763,292531,37,0.44,Contract,5,2,927953,Yes,Yes
64,126668,539,951210,40,0.65,Salaried,0,1,541460,Yes,Yes
39,216768,781,687995,14,0.56,Contract,1,2,78604,Yes,Yes
32,213720,754,248087,3,0.44,Salaried,0,1,809901,Yes,Yes
28,73030,582,788234,6,0.64,Business,0,2,255995,Yes,No
28,74815,634,142543,8,0.44,Self-Employed,0,1,115960,No,Yes
65,234741,651,615270,40,0.39,Self-Employed,0,0,720858,No,Yes
32,130789,626,240141,7,0.28,Salaried,3,4,410079,No,Yes
53,184762,635,750438,29,0.62,Salaried,5,4,427560,Yes,Yes
65,237478,380,692281,40,0.13,Contract,0,2,948345,No,Yes
46,239104,386,494089,17,0.36,Salaried,1,1,633384,No,Yes
59,75923,557,900230,32,0.4,Contract,0,4,864346,Yes,Yes
48,185644,484,764144,19,0.41,Business,3,4,328013,No,No
25,203102,422,202908,5,0.47,Self-Employed,1,2,839760,Yes,Yes
28,85904,395,800142,1,0.38,Self-Employed,5,2,15856,Yes,No
45,178275,814,568246,19,0.22,Contract,2,2,243728,Yes,Yes
47,95088,742,642371,27,0.61,Salaried,1,3,61575,No,Yes
43,23608,813,153227,15,0.48,Contract,3,0,262531,Yes,Yes
50,63667,670,864562,27,0.61,Salaried,5,0,940990,No,Yes
65,73547,604,820236,39,0.23,Salaried,3,0,503896,No,No
43,171557,656,902427,21,0.46,Salaried,4,1,769066,Yes,Yes
40,158934,447,379916,13,0.51,Contract,2,1,544821,Yes,Yes
38,146391,584,464046,15,0.3,Business,0,0,823458,No,Yes
38,93948,561,902548,17,0.58,Self-Employed,3,2,528951,Yes,No
22,235962,790,195511,1,0.05,Contract,4,3,47584,Yes,Yes
24,89880,330,185787,0,0.44,Business,4,0,58779,Yes,No
50,75560,567,731467,23,0.45,Self-Employed,5,2,108881,Yes,No
53,133063,311,796840,33,0.4,Contract,0,4,15319,Yes,Yes
56,232601,490,93394,31,0.46,Contract,5,3,643888,Yes,Yes
38,112218,699,929535,10,0.16,Business,1,1,642315,No,Yes
57,132462,836,350809,29,0.5,Contract,2,4,979868,Yes,Yes
39,177487,390,298662,18,0.27,Self-Employed,0,4,325434,No,Yes
48,213595,800,571424,21,0.34,Business,5,4,914852,Yes,Yes
60,168395,600,213497,33,0.27,Contract,0,2,569826,Yes,Yes
40,202286,410,503090,17,0.36,Self-Employed,1,0,98481,Yes,Yes
53,35997,379,484648,30,0.45,Contract,1,4,293421,Yes,No
32,139266,732,705041,8,0.59,Business,3,0,373601,Yes,Yes
35,206075,716,788138,6,0.36,Contract,1,4,662500,Yes,Yes
61,21679,513,920792,35,0.26,Self-Employed,1,2,245127,Yes,No
59,244097,746,520650,39,0.37,Salaried,2,0,920243,Yes,Yes
22,58308,317,805376,0,0.5,Contract,5,1,375318,No,No
49,224096,353,558419,27,0.28,Contract,5,3,336852,No,Yes
61,188914,539,548875,38,0.32,Self-Employed,2,4,578072,No,Yes
30,214480,717,945321,4,0.42,Self-Employed,2,4,467726,Yes,Yes
22,218604,785,264367,0,0.24,Business,0,2,880444,Yes,Yes
31,203010,743,400748,7,0.19,Salaried,2,3,529697,No,Yes
33,23695,422,446885,13,0.14,Business,2,0,203838,No,No
30,244812,719,129918,9,0.28,Self-Employed,4,4,674177,No,Yes
34,76499,515,982940,10,0.08,Self-Employed,2,1,906512,Yes,Yes
38,41382,719,789670,17,0.43,Self-Employed,0,1,118515,Yes,Yes
29,32235,850,741390,9,0.16,Self-Employed,5,2,122364,No,Yes
59,211295,527,578926,30,0.3,Business,4,4,552541,Yes,Yes
48,151438,536,249474,26,0.22,Salaried,0,2,697431,No,Yes
23,176539,629,107000,3,0.46,Self-Employed,0,3,679732,Yes,Yes
40,208388,768,59251,11,0.6,Business,4,1,906019,No,Yes
26,130468,786,452164,0,0.46,Business,4,1,709742,Yes,Yes
47,24764,848,364791,20,0.4,Business,4,2,896726,No,Yes
22,239968,714,924846,0,0.48,Business,4,3,161737,No,Yes
49,131831,518,508939,23,0.07,Business,0,0,110983,Yes,Yes
58,79836,680,541022,32,0.13,Self-Employed,4,3,809784,Yes,Yes
23,49923,386,289949,2,0.11,Self-Employed,1,2,287413,Yes,Yes
36,113711,760,276519,8,0.11,Salaried,5,2,18491,Yes,Yes
50,34292,710,833517,24,0.22,Salaried,2,3,532616,Yes,Yes
60,142913,824,369389,36,0.4,Salaried,2,2,878586,No,Yes
22,150686,746,462314,0,0.12,Salaried,5,1,673438,No,Yes
37,38939,599,450624,10,0.66,Contract,1,2,172686,No,No
61,36800,707,525431,37,0.61,Business,5,0,484530,Yes,No
32,74440,674,381213,7,0.68,Business,0,1,650080,Yes,Yes
55,172318,532,643964,32,0.08,Business,0,4,610090,Yes,Yes
63,145521,348,900414,40,0.6,Contract,2,1,776996,No,Yes
21,201877,485,414490,0,0.57,Business,3,1,966711,Yes,No
65,139327,504,404298,40,0.64,Business,5,1,633349,Yes,Yes
35,67648,377,922622,9,0.39,Business,1,3,939323,Yes,Yes
46,133192,780,626491,20,0.56,Business,1,4,522876,Yes,Yes
57,205923,685,628905,37,0.08,Business,2,0,37481,Yes,Yes
41,180760,493,408455,12,0.1,Salaried,4,1,832443,No,Yes
51,111498,402,942469,22,0.13,Contract,5,3,461332,No,No
45,47764,675,654500,23,0.64,Self-Employed,3,2,769648,Yes,No
43,50470,586,305752,21,0.09,Salaried,0,4,959168,No,Yes
44,187573,781,842437,19,0.12,Contract,0,0,493012,No,Yes
58,75207,549,252478,36,0.65,Business,0,4,252395,No,Yes
48,80157,500,229307,20,0.12,Contract,0,0,234404,Yes,Yes
41,152288,835,848405,17,0.62,Business,1,0,57623,No,Yes
63,171144,760,883408,38,0.56,Business,1,2,931409,No,Yes
38,111778,599,511013,13,0.08,Contract,4,0,150150,No,Yes
56,148016,777,67804,29,0.06,Self-Employed,1,2,58292,No,Yes
55,142288,382,138613,26,0.4,Business,4,1,479901,Yes,Yes
65,186204,757,359420,40,0.7,Business,4,4,970929,No,Yes
29,128573,597,74680,1,0.62,Salaried,0,0,946308,No,No
58,138730,663,373111,32,0.25,Contract,0,2,672635,Yes,Yes
50,166933,339,66862,25,0.3,Contract,1,1,207624,Yes,Yes
64,82186,639,661726,40,0.3,Contract,1,4,11339,No,No
54,22960,815,285953,31,0.53,Salaried,4,1,529612,No,No
52,36781,407,220625,28,0.27,Contract,2,3,62653,Yes,Yes
23,49126,615,976388,2,0.15,Contract,0,4,545012,Yes,No
23,171650,413,249646,3,0.54,Business,3,2,118180,No,No
48,124034,466,110313,27,0.35,Self-Employed,2,0,411626,No,Yes
64,35883,560,214033,37,0.1,Self-Employed,0,2,281857,Yes,Yes
35,47782,523,867994,6,0.56,Salaried,0,2,917512,No,No
61,74387,561,731425,36,0.43,Contract,1,2,757793,Yes,No
43,166051,550,737444,14,0.37,Salaried,3,4,41087,Yes,Yes
60,51746,825,426890,39,0.49,Self-Employed,5,4,666188,No,Yes
31,84266,425,363182,3,0.38,Salaried,3,3,317396,No,Yes
52,18056,505,988461,25,0.47,Business,0,1,171441,Yes,No
56,49457,439,300982,33,0.61,Business,5,2,476769,No,No
53,151315,361,642404,24,0.45,Business,5,3,712389,No,No
44,204103,582,142080,18,0.48,Contract,4,3,472329,No,No
59,150773,353,554399,37,0.45,Business,3,4,815474,Yes,Yes
54,205453,645,636566,29,0.4,Salaried,2,1,991593,No,Yes
48,199510,823,684837,26,0.16,Business,4,3,715180,Yes,Yes
57,91839,435,999958,28,0.27,Contract,1,0,270008,No,Yes
27,98636,629,161937,5,0.5,Business,0,3,34411,No,Yes
24,125697,443,890228,0,0.33,Business,0,4,997845,No,Yes
57,84483,735,716637,32,0.31,Contract,2,2,481129,Yes,Yes
21,38505,581,286999,0,0.54,Contract,2,4,402505,No,No
21,155625,435,934956,0,0.05,Business,5,4,983472,Yes,Yes
40,51525,788,640699,17,0.49,Self-Employed,1,1,101070,Yes,Yes
39,229474,700,258262,12,0.37,Business,1,0,105327,No,Yes
49,114008,748,241141,23,0.29,Salaried,5,0,570113,No,Yes
30,62348,569,641020,6,0.27,Contract,5,1,626153,Yes,Yes
38,220259,316,232933,17,0.16,Business,3,1,843237,No,Yes
48,25273,568,560635,23,0.27,Self-Employed,4,3,573489,No,No
55,82236,781,835488,35,0.3,Business,0,0,404358,No,Yes
63,224641,518,492703,37,0.33,Salaried,3,4,447878,Yes,Yes
51,152607,618,484400,23,0.49,Contract,1,3,247616,No,Yes
47,167749,537,859830,23,0.34,Salaried,2,0,581915,No,Yes
31,232096,844,654194,7,0.57,Self-Employed,3,2,270349,No,Yes
58,125157,584,78517,32,0.47,Salaried,2,4,475045,No,Yes
25,18908,336,406539,1,0.17,Salaried,5,4,185572,No,No
28,219225,402,247855,0,0.23,Contract,4,3,783783,Yes,Yes
54,126352,729,860996,31,0.1,Salaried,2,0,665671,Yes,Yes
32,113967,538,962002,12,0.66,Self-Employed,0,1,809384,No,No
58,106989,424,824005,33,0.63,Self-Employed,4,2,742609,Yes,Yes
21,53079,487,947986,0,0.11,Contract,2,4,149258,No,No
51,230628,555,581399,28,0.42,Self-Employed,3,1,101776,Yes,Yes
24,129889,829,988477,0,0.67,Self-Employed,0,1,554969,No,Yes
65,67323,691,674478,40,0.54,Self-Employed,0,1,836741,Yes,Yes
25,194392,767,181382,1,0.37,Self-Employed,1,1,581041,No,Yes
50,241170,552,723348,25,0.21,Self-Employed,1,3,480404,Yes,Yes
44,107909,475,203115,22,0.23,Self-Employed,3,4,805408,Yes,Yes
23,64105,765,402624,0,0.53,Self-Employed,5,1,842128,Yes,Yes
31,179236,588,151850,11,0.56,Business,1,1,403677,No,Yes
65,150957,349,443018,40,0.39,Self-Employed,2,0,913572,No,Yes
24,206891,303,809015,0,0.13,Contract,5,4,748309,No,Yes
46,19049,799,139937,19,0.66,Business,1,2,49754,No,Yes
47,71281,522,722741,23,0.6,Self-Employed,0,1,966454,Yes,No
63,61271,561,869696,35,0.14,Self-Employed,3,3,41674,Yes,No
47,84697,834,727429,19,0.09,Contract,2,1,223651,Yes,Yes
62,215423,675,558867,40,0.4,Self-Employed,0,1,377443,No,Yes
26,54534,360,224036,2,0.23,Business,0,1,566991,Yes,Yes
35,111034,655,772094,9,0.23,Business,4,4,345477,No,Yes
50,76097,323,683129,29,0.11,Contract,1,4,179000,No,Yes
62,202885,592,318054,36,0.67,Self-Employed,5,1,643974,Yes,Yes
57,43037,655,121020,29,0.59,Contract,2,3,273769,Yes,Yes
57,185079,328,489381,30,0.12,Self-Employed,3,2,612434,Yes,Yes
62,228550,656,247184,33,0.62,Business,3,0,156213,Yes,Yes
57,45278,664,298920,29,0.49,Self-Employed,3,2,160760,No,Yes
55,157344,708,869253,32,0.26,Self-Employed,4,3,78645,No,Yes
43,206255,565,426437,16,0.62,Business,2,3,375851,No,Yes
26,117173,590,491819,0,0.44,Business,0,2,781322,No,No
24,56294,452,705353,0,0.6,Business,5,2,168871,Yes,No
38,91277,518,345140,17,0.36,Self-Employed,4,1,106061,Yes,Yes
29,211581,472,403034,0,0.38,Contract,5,2,777591,Yes,Yes
49,22694,311,670053,27,0.24,Business,5,2,556483,Yes,No
33,244914,815,312069,13,0.3,Self-Employed,1,1,86143,No,Yes
37,76150,661,258630,17,0.42,Contract,0,3,934742,No,Yes
65,85470,776,771880,36,0.67,Salaried,3,4,791526,No,Yes
52,39556,381,521412,27,0.44,Salaried,1,1,600038,Yes,No
42,213543,639,599332,22,0.15,Self-Employed,2,2,402087,Yes,Yes
24,198927,740,527603,0,0.05,Self-Employed,2,0,183918,Yes,Yes
25,67086,525,879241,0,0.6,Business,5,2,850561,Yes,No
57,167979,670,738659,29,0.29,Self-Employed,4,0,835595,No,Yes
61,220767,327,915679,36,0.25,Contract,2,1,62273,Yes,Yes
33,197559,315,257835,10,0.57,Self-Employed,3,4,441854,No,No
54,178230,576,243719,34,0.66,Contract,4,4,726757,No,No
65,169365,632,254636,40,0.54,Contract,4,0,325098,No,No
42,194833,782,394625,16,0.16,Business,3,3,935605,Yes,Yes
43,117468,587,345001,19,0.3,Contract,2,0,598612,Yes,Yes
23,51387,413,88503,0,0.54,Self-Employed,1,0,444065,Yes,Yes
62,189822,337,246289,33,0.64,Contract,4,1,560855,Yes,Yes
54,86602,753,731342,27,0.7,Salaried,1,2,751730,Yes,Yes
52,170328,465,308416,32,0.38,Contract,1,3,540415,Yes,Yes
65,249713,504,937881,38,0.58,Self-Employed,1,0,125376,Yes,Yes
41,154666,544,510044,20,0.08,Business,5,1,168667,Yes,Yes
64,20460,632,365406,40,0.24,Self-Employed,1,3,93318,Yes,No
41,90356,695,991384,14,0.29,Self-Employed,3,4,418806,Yes,Yes
64,72698,806,934506,40,0.68,Self-Employed,0,4,232805,Yes,Yes
31,119746,420,843991,4,0.05,Salaried,2,1,568965,No,Yes
59,34191,558,610837,35,0.25,Business,0,3,93764,No,No
24,102631,709,693043,0,0.65,Salaried,5,2,421643,Yes,Yes
21,28529,609,954625,0,0.25,Contract,0,1,286357,Yes,No
48,50175,367,347303,21,0.2,Contract,4,2,588397,No,Yes
44,35675,413,755730,16,0.52,Salaried,0,0,243153,Yes,No
55,192230,519,633577,29,0.53,Business,0,2,539028,No,Yes
33,64798,519,792435,6,0.36,Contract,3,1,211601,No,No
54,88910,772,128740,29,0.67,Business,1,3,752077,Yes,Yes
31,148400,685,314396,3,0.18,Salaried,0,2,350066,No,Yes
56,175048,597,807555,35,0.64,Contract,0,0,254126,Yes,Yes
37,212188,552,715226,15,0.54,Salaried,5,3,480096,Yes,Yes
55,96678,704,951895,34,0.29,Contract,4,4,142798,No,Yes
38,80821,791,833416,13,0.57,Self-Employed,2,4,863978,Yes,Yes
60,30204,656,219069,38,0.14,Business,4,3,323566,Yes,Yes
42,204737,727,177661,22,0.14,Salaried,2,1,680450,No,Yes
44,25394,514,831807,21,0.65,Self-Employed,2,2,685145,Yes,No
39,82814,679,699933,15,0.11,Salaried,2,2,973915,No,Yes
57,51593,513,57553,34,0.05,Salaried,3,3,107397,No,Yes
59,191036,397,738191,34,0.3,Business,3,2,433441,Yes,Yes
41,226260,827,117323,19,0.12,Salaried,1,4,651138,Yes,Yes
28,133064,827,827139,0,0.61,Business,2,3,950236,No,Yes
48,248348,834,431888,23,0.65,Salaried,3,2,569544,No,Yes
25,71365,848,94810,0,0.36,Contract,3,0,676311,No,Yes
37,149515,627,418517,17,0.33,Self-Employed,5,1,179826,Yes,Yes
57,238511,464,108719,32,0.4,Contract,5,0,86150,Yes,Yes
56,248130,415,979230,29,0.2,Business,5,0,388859,No,Yes
39,177252,449,512667,10,0.24,Business,0,2,768526,No,Yes
47,197863,817,490639,20,0.12,Self-Employed,2,3,508051,Yes,Yes
54,235727,331,292020,34,0.34,Business,4,4,699085,No,Yes
31,224971,592,443308,5,0.45,Contract,5,3,593981,Yes,Yes
65,192737,476,781830,36,0.65,Self-Employed,0,2,719446,Yes,Yes
32,121700,360,866427,3,0.53,Business,3,2,248484,Yes,Yes
41,115077,715,803365,18,0.52,Business,3,4,195004,Yes,Yes
31,152537,682,768317,6,0.25,Business,3,0,964219,Yes,Yes
59,86247,306,707037,34,0.63,Business,3,0,712542,Yes,No
48,200631,384,930210,24,0.67,Salaried,4,3,18673,No,No
25,174270,697,858324,0,0.66,Salaried,1,1,704933,No,Yes
37,72740,692,989618,9,0.08,Salaried,1,2,516048,Yes,Yes
40,171560,346,77057,11,0.44,Business,2,4,845845,Yes,Yes
61,187587,640,243637,34,0.47,Salaried,5,3,377186,No,No
32,238216,797,824984,7,0.24,Business,3,4,702095,Yes,Yes
26,45898,777,690377,3,0.7,Contract,2,0,64170,No,No
37,150991,725,559510,14,0.24,Business,4,0,192153,Yes,Yes
39,199142,725,946884,11,0.19,Self-Employed,2,3,794510,Yes,Yes
46,80613,814,110753,23,0.36,Self-Employed,1,1,68550,Yes,Yes
64,114707,428,749391,38,0.26,Self-Employed,1,0,677085,Yes,Yes
64,129777,548,372419,39,0.65,Business,5,4,133553,No,No
52,235207,430,228953,31,0.34,Self-Employed,1,2,222520,No,Yes
26,231573,622,546107,2,0.32,Self-Employed,2,2,807855,Yes,Yes
56,65003,842,233937,34,0.46,Business,3,1,241874,No,Yes
58,66478,365,167819,30,0.1,Business,0,3,671042,Yes,Yes
31,163506,400,278140,2,0.54,Salaried,1,1,600957,Yes,Yes
53,195318,330,231756,33,0.55,Business,2,4,632671,Yes,Yes
44,185721,490,498903,15,0.36,Salaried,0,1,720054,No,Yes
43,77030,714,649993,20,0.67,Business,1,2,467952,No,Yes
35,202133,799,630726,12,0.43,Contract,1,0,705812,Yes,Yes
47,151071,345,936534,19,0.5,Self-Employed,4,0,440905,Yes,Yes
31,163921,388,631602,11,0.65,Contract,1,3,795634,No,Yes
37,225511,674,555302,16,0.48,Business,0,4,310944,Yes,Yes
34,70800,545,493719,14,0.33,Contract,0,3,129190,Yes,Yes
47,23445,556,342884,27,0.07,Salaried,3,1,512233,Yes,No
38,167112,651,489392,18,0.52,Business,0,1,859069,No,Yes
48,213387,404,977534,26,0.68,Business,2,1,974207,Yes,Yes
24,18246,636,781648,1,0.36,Contract,2,4,204950,Yes,No
27,49153,825,450267,0,0.27,Self-Employed,5,0,230264,Yes,Yes
65,23212,600,106010,40,0.39,Business,5,2,438093,Yes,Yes
55,152411,376,700159,35,0.52,Self-Employed,5,2,818966,Yes,Yes
29,237750,810,158159,5,0.05,Contract,1,1,794910,Yes,Yes
28,74238,529,847021,3,0.63,Contract,3,1,802700,No,No
65,168466,331,847827,40,0.63,Contract,1,1,724653,No,Yes
37,71871,357,193905,15,0.4,Salaried,3,4,834851,No,Yes
37,118672,403,378278,8,0.13,Business,4,2,941778,No,Yes
53,226794,611,260975,31,0.49,Contract,3,3,703615,No,No
52,52607,366,723788,31,0.14,Contract,4,0,467013,No,No
28,70055,673,984146,5,0.38,Salaried,5,3,974017,Yes,Yes
39,122509,534,136491,15,0.11,Business,4,0,808534,No,Yes
58,153467,411,483987,31,0.43,Self-Employed,1,4,119150,No,Yes
23,145378,688,695944,0,0.26,Business,2,0,497856,No,Yes
25,164362,707,977601,0,0.59,Contract,3,4,196104,Yes,Yes
33,105687,353,306971,11,0.57,Self-Employed,1,2,852545,Yes,Yes
51,83078,538,521959,22,0.7,Salaried,4,0,157714,Yes,Yes
36,152763,594,924528,8,0.22,Salaried,4,1,30341,No,Yes
52,156542,411,859858,29,0.09,Contract,0,1,720250,Yes,Yes
42,152913,387,435411,15,0.34,Self-Employed,0,4,41167,Yes,Yes
49,120652,775,569965,20,0.1,Business,3,2,980998,Yes,Yes
42,81197,603,305813,16,0.17,Contract,2,4,342333,Yes,Yes
63,73773,604,684416,37,0.44,Self-Employed,0,3,48736,Yes,No
23,166848,589,771693,0,0.43,Self-Employed,5,3,492162,No,No
30,220668,507,355607,1,0.08,Self-Employed,5,3,237221,Yes,Yes
62,136943,669,383393,40,0.34,Self-Employed,4,1,554179,Yes,Yes
41,45584,519,90079,17,0.39,Salaried,1,3,385844,No,Yes
36,153372,530,201476,14,0.22,Self-Employed,2,0,886156,No,Yes
32,21338,648,699093,6,0.62,Self-Employed,3,3,387915,No,No
22,80601,554,907879,0,0.15,Contract,1,1,181970,No,No
61,154559,751,185026,37,0.22,Salaried,3,0,936127,Yes,Yes
44,54282,441,944555,20,0.15,Salaried,1,2,315565,No,Yes
55,244137,368,965679,34,0.13,Salaried,1,4,265191,No,Yes
50,133447,388,513064,30,0.62,Business,2,4,347504,Yes,Yes
50,113798,435,670699,25,0.23,Business,3,0,633402,No,Yes
55,148963,822,812644,35,0.52,Salaried,0,0,868249,Yes,Yes
39,225888,741,825687,11,0.33,Contract,1,4,349270,Yes,Yes
28,126611,337,891763,0,0.46,Self-Employed,5,4,381663,No,No
46,177876,507,592728,22,0.65,Self-Employed,1,0,771695,No,Yes
60,158987,509,108407,40,0.6,Salaried,5,4,861527,Yes,Yes
27,29158,812,262436,0,0.09,Salaried,0,2,34526,No,Yes
50,223229,659,343042,30,0.6,Business,2,3,232703,No,Yes
27,28547,300,752080,4,0.34,Salaried,2,3,88658,Yes,No
23,106713,680,286478,0,0.28,Business,2,2,695523,Yes,Yes
21,20459,836,433476,0,0.49,Salaried,4,3,406513,No,No
56,177840,693,95428,32,0.67,Self-Employed,4,3,279550,No,Yes
45,81146,349,851859,19,0.11,Salaried,2,3,83901,Yes,Yes
57,121577,695,538393,34,0.55,Self-Employed,2,1,588932,No,Yes
21,199942,331,727529,0,0.18,Salaried,0,2,41912,Yes,Yes
35,125761,844,936183,9,0.3,Business,4,4,842515,Yes,Yes
57,121727,533,558418,37,0.62,Salaried,5,0,522598,No,No
33,68460,325,619707,11,0.4,Contract,3,2,746647,No,No
60,100970,733,494281,40,0.09,Self-Employed,2,2,429337,Yes,Yes
28,209889,360,818776,6,0.38,Self-Employed,2,1,594191,Yes,Yes
25,187319,740,772847,4,0.56,Self-Employed,2,1,123776,No,Yes
29,33419,429,923922,5,0.39,Salaried,1,3,181109,Yes,No
21,249625,653,391507,0,0.16,Contract,4,1,635156,Yes,Yes
56,53577,497,386645,32,0.34,Contract,3,4,499545,No,Yes
55,20921,670,148632,26,0.65,Business,1,4,772457,No,Yes
22,153748,446,845417,0,0.48,Business,1,3,779136,Yes,Yes
60,235033,797,213713,33,0.52,Business,3,1,437087,Yes,Yes
43,249793,347,567057,21,0.56,Contract,3,3,847240,Yes,Yes
29,198756,471,203969,9,0.11,Self-Employed,3,0,366794,No,Yes
54,162535,614,226724,30,0.43,Self-Employed,3,1,446665,Yes,Yes
34,174546,675,711333,12,0.29,Business,5,1,518310,Yes,Yes
24,58935,832,378817,0,0.14,Business,3,1,19104,No,Yes
50,143534,719,497525,22,0.18,Salaried,5,1,472107,No,Yes
51,216077,695,559472,31,0.56,Salaried,2,4,692129,Yes,Yes
58,207668,821,152776,38,0.15,Contract,5,3,635459,No,Yes
31,90828,486,631006,3,0.25,Salaried,5,4,280905,Yes,Yes
55,141649,332,151578,33,0.24,Business,3,3,299448,No,Yes
28,240017,368,118809,0,0.08,Business,3,0,501210,Yes,Yes
23,107062,490,334771,0,0.35,Business,4,1,763377,No,Yes
34,73152,400,626909,6,0.55,Self-Employed,2,2,114941,Yes,No
33,238073,784,409873,9,0.06,Business,1,4,936286,Yes,Yes
65,114491,584,236156,40,0.12,Salaried,2,2,438800,No,Yes
52,241393,689,589439,24,0.52,Contract,0,0,970864,No,Yes
54,104569,459,649979,28,0.44,Salaried,3,2,942936,Yes,Yes
65,90467,346,469957,39,0.51,Self-Employed,1,0,304507,Yes,Yes
39,201648,458,924916,12,0.2,Salaried,0,4,962976,No,Yes
58,215699,745,644460,34,0.57,Salaried,5,0,473310,Yes,Yes
36,174844,822,284722,15,0.36,Self-Employed,1,4,955411,Yes,Yes
22,165435,454,764579,0,0.45,Salaried,2,4,500596,No,No
60,177562,638,821284,38,0.11,Self-Employed,5,2,917565,No,Yes
37,208076,664,671473,16,0.18,Salaried,0,3,498261,No,Yes
54,140537,447,683530,25,0.55,Self-Employed,5,3,587029,Yes,Yes
62,71806,443,545728,33,0.2,Contract,5,3,987234,Yes,Yes
36,149332,402,611524,12,0.11,Contract,5,1,667814,Yes,Yes
58,93992,392,773242,31,0.44,Self-Employed,3,2,175469,No,No
22,40320,585,981488,0,0.41,Business,3,0,61319,No,No
22,96971,723,313186,0,0.45,Self-Employed,0,3,42128,Yes,Yes
46,191217,418,980567,18,0.45,Salaried,2,2,34060,No,No
33,212760,328,234990,12,0.38,Business,0,1,332248,No,Yes
51,66581,810,201562,24,0.37,Business,2,2,684492,Yes,Yes
54,241633,329,499688,25,0.65,Business,1,0,642725,No,Yes
59,111645,665,831936,33,0.4,Self-Employed,2,3,633808,No,Yes
23,38754,437,938467,1,0.45,Self-Employed,0,0,565898,Yes,No
28,87837,774,944501,8,0.22,Business,0,1,757320,Yes,Yes
43,156279,691,909270,18,0.62,Self-Employed,1,0,465075,Yes,Yes
34,176992,734,465092,13,0.07,Contract,5,1,658719,No,Yes
47,236811,533,165148,25,0.41,Salaried,0,0,338601,No,Yes
49,141746,354,787190,25,0.3,Salaried,4,1,893419,Yes,Yes
59,132780,591,372794,32,0.44,Salaried,5,2,682260,No,No
59,105081,611,183374,38,0.28,Self-Employed,0,2,882303,No,Yes
21,42016,847,986521,0,0.52,Salaried,4,2,431013,No,No
37,245706,388,92311,17,0.06,Contract,0,2,717341,No,Yes
61,78522,511,967865,35,0.31,Salaried,0,0,781533,No,Yes
50,138896,617,874693,27,0.59,Contract,1,4,991583,Yes,Yes
33,223164,764,696122,13,0.21,Self-Employed,5,1,770446,Yes,Yes
41,203140,386,67171,13,0.08,Self-Employed,4,1,649965,Yes,Yes
39,130099,708,558112,11,0.37,Salaried,1,4,760303,Yes,Yes
39,169174,539,353370,17,0.68,Business,4,1,217685,Yes,Yes
45,122429,356,865759,20,0.09,Contract,4,1,146448,Yes,Yes
42,19924,412,907060,16,0.1,Business,3,2,870305,No,No
51,103015,369,656761,28,0.44,Contract,4,1,357722,No,No
37,122987,483,638511,12,0.21,Self-Employed,1,1,701210,No,Yes
43,72333,575,287401,15,0.32,Self-Employed,1,3,176491,Yes,Yes
52,233530,532,260425,23,0.59,Contract,2,1,115227,Yes,Yes
30,233268,353,125315,5,0.18,Contract,5,4,61361,No,Yes
30,195171,556,513268,4,0.52,Self-Employed,5,1,629087,No,No
56,206418,389,679043,31,0.38,Contract,5,4,836357,Yes,Yes
28,144372,734,375768,2,0.64,Contract,0,1,515545,No,Yes
40,224553,707,407794,20,0.68,Business,3,4,700937,Yes,Yes
52,199134,568,982034,27,0.37,Salaried,0,1,61956,No,Yes
34,149378,665,452526,6,0.43,Business,1,1,153213,Yes,Yes
48,106495,650,84281,26,0.53,Self-Employed,3,3,158733,Yes,Yes
44,87767,598,371414,19,0.26,Business,4,3,952983,Yes,Yes
35,122332,458,401489,12,0.2,Self-Employed,5,1,641785,No,Yes
42,161279,786,227176,16,0.68,Contract,1,3,826937,Yes,Yes
50,57426,825,71735,24,0.33,Salaried,1,0,795129,No,Yes
24,24336,654,946331,0,0.05,Self-Employed,1,0,708509,Yes,Yes
33,130200,700,515501,10,0.59,Salaried,1,2,856770,Yes,Yes
43,224238,704,667461,16,0.44,Salaried,3,2,462848,Yes,Yes
28,35256,395,712365,1,0.16,Business,0,0,814946,Yes,No
38,248517,691,893996,11,0.07,Self-Employed,0,2,668785,No,Yes
32,198889,651,887928,5,0.24,Business,5,1,713342,Yes,Yes
51,51719,587,342042,26,0.65,Contract,4,1,939189,No,No
34,60017,822,428803,7,0.66,Contract,1,2,585615,Yes,Yes
54,63704,461,677030,29,0.25,Self-Employed,5,0,648876,Yes,Yes
38,48013,481,161184,9,0.59,Self-Employed,1,4,86572,Yes,No
54,97991,848,464924,33,0.34,Contract,5,1,856875,Yes,Yes
31,88258,381,881456,9,0.48,Self-Employed,0,3,85503,Yes,No
61,96348,823,813840,36,0.27,Business,5,4,103424,Yes,Yes
32,244884,303,295735,6,0.39,Business,4,3,672871,No,Yes
35,185848,794,719772,12,0.24,Self-Employed,5,1,336747,No,Yes
51,28060,350,498037,31,0.09,Business,2,2,210809,No,No
49,227664,560,865810,26,0.14,Self-Employed,3,3,429563,Yes,Yes
46,155727,433,949023,21,0.24,Business,5,0,183177,Yes,Yes
38,237182,661,694137,11,0.68,Business,5,3,131931,Yes,Yes
52,67923,516,143638,29,0.68,Salaried,0,0,530530,Yes,Yes
42,96563,367,915012,13,0.59,Business,3,4,761877,Yes,No
58,153102,442,305170,38,0.2,Self-Employed,0,4,870929,No,Yes
37,107779,645,736669,13,0.34,Business,4,2,262468,Yes,Yes
43,182361,493,526991,17,0.34,Business,1,0,391183,No,Yes
44,168811,545,559903,19,0.3,Contract,2,2,445057,No,Yes
28,117704,613,707795,6,0.08,Self-Employed,3,3,569462,Yes,Yes
61,147157,683,159470,35,0.4,Business,2,2,78894,No,Yes
26,128234,576,531916,3,0.1,Salaried,1,3,913204,No,Yes
25,79687,371,310236,1,0.57,Contract,0,4,604615,No,No
64,54491,428,282474,38,0.5,Salaried,4,2,466309,Yes,Yes
49,244621,657,184458,28,0.28,Salaried,1,4,595180,Yes,Yes
48,90115,824,252048,25,0.47,Contract,2,3,475575,Yes,Yes
31,135935,519,95503,8,0.2,Salaried,2,0,478619,Yes,Yes
21,101778,305,682600,0,0.22,Self-Employed,2,1,483848,Yes,Yes
63,153853,527,690753,37,0.25,Self-Employed,0,3,194886,Yes,Yes
39,38448,316,647227,16,0.57,Salaried,5,3,757232,No,No
29,69550,311,531994,0,0.19,Self-Employed,2,1,302536,No,Yes
47,67294,798,224536,27,0.42,Business,0,1,551038,No,Yes
54,39446,801,380619,34,0.18,Business,2,4,741820,No,Yes
64,94579,369,132758,40,0.24,Business,3,3,603944,Yes,Yes
24,234461,407,208349,4,0.2,Salaried,5,3,530873,Yes,Yes
56,132679,500,956845,34,0.47,Salaried,3,2,228257,No,No
38,103615,351,923111,10,0.39,Self-Employed,5,1,567725,No,No
35,35101,848,104012,13,0.52,Self-Employed,1,0,602657,Yes,Yes
33,215250,558,708498,11,0.19,Self-Employed,1,3,535958,Yes,Yes
39,46016,781,492543,11,0.06,Salaried,5,2,101726,No,Yes
26,168004,563,529741,2,0.49,Self-Employed,4,0,392237,No,No
32,193725,602,307638,5,0.12,Business,2,4,343188,Yes,Yes
57,108481,424,774058,28,0.21,Business,2,2,522196,Yes,Yes
37,70802,569,577040,9,0.25,Contract,0,0,61616,Yes,Yes
43,25549,779,600053,18,0.54,Contract,5,3,526101,No,No
46,228005,431,161193,20,0.46,Contract,1,2,373823,No,Yes
49,174434,301,50837,23,0.17,Business,5,1,342163,No,Yes
53,65842,414,668298,27,0.44,Salaried,3,0,574876,Yes,No
47,64539,780,702265,24,0.51,Self-Employed,0,3,875266,Yes,Yes
45,51717,300,520795,24,0.3,Self-Employed,3,2,367993,No,No
30,203668,630,293762,9,0.21,Salaried,0,0,141865,Yes,Yes
43,172088,690,631285,17,0.49,Contract,1,4,255680,Yes,Yes
41,204272,442,740861,12,0.45,Salaried,2,4,875811,Yes,Yes
41,229340,627,487986,15,0.1,Business,5,1,203183,No,Yes
63,209359,676,293977,34,0.48,Salaried,2,2,570351,No,Yes
33,133042,389,926040,7,0.37,Business,1,2,803201,Yes,Yes
57,145922,341,677798,30,0.54,Business,5,1,685300,No,No
53,110447,334,249261,31,0.17,Contract,3,2,595323,Yes,Yes
44,101402,793,696195,20,0.22,Self-Employed,4,4,454665,Yes,Yes
64,60607,423,110594,39,0.4,Contract,4,4,622288,Yes,Yes
31,176693,356,135269,4,0.36,Business,1,1,797416,No,Yes
37,30823,755,938046,10,0.3,Contract,0,3,238824,Yes,Yes
24,47986,534,87448,0,0.53,Self-Employed,2,1,913232,No,No
45,139682,691,265378,23,0.42,Contract,3,4,636306,Yes,Yes
50,82325,791,743319,27,0.51,Business,4,1,525942,Yes,Yes
29,145925,642,492741,4,0.15,Self-Employed,2,4,216228,Yes,Yes
41,75771,475,939411,18,0.52,Contract,1,3,188474,No,No
40,72973,351,652628,11,0.35,Salaried,2,4,297512,No,Yes
39,163762,849,393890,16,0.07,Self-Employed,5,2,744707,No,Yes
39,57107,777,254241,15,0.2,Contract,4,0,261732,Yes,Yes
32,75888,788,189384,3,0.07,Salaried,3,3,228478,Yes,Yes
57,28956,304,481516,31,0.35,Self-Employed,0,0,912082,Yes,No
62,104839,508,367138,40,0.26,Salaried,0,3,871671,No,Yes
37,205299,516,660053,16,0.69,Contract,5,3,641516,Yes,Yes
57,185605,835,839316,28,0.61,Salaried,5,3,616114,No,Yes
59,244282,641,421257,31,0.59,Salaried,2,3,530789,No,Yes
48,205306,700,594810,25,0.38,Business,0,4,200614,No,Yes
61,119131,761,55623,37,0.57,Salaried,4,2,466460,Yes,Yes
55,85594,510,323604,33,0.22,Self-Employed,3,4,204017,Yes,Yes
38,205973,325,60234,17,0.41,Salaried,0,4,859942,Yes,Yes
34,29519,551,244650,5,0.31,Salaried,0,2,867150,Yes,No
55,180187,302,270708,28,0.16,Self-Employed,1,3,760178,Yes,Yes
64,215338,301,883337,40,0.1,Contract,0,2,935266,Yes,Yes
61,19832,301,210492,40,0.41,Contract,0,0,594206,Yes,No
27,190440,449,216885,2,0.11,Salaried,4,2,744324,No,Yes
61,237497,303,967886,36,0.52,Self-Employed,0,4,808158,No,Yes
33,131922,796,689780,12,0.65,Salaried,1,3,271363,No,Yes
38,123474,849,88353,17,0.16,Self-Employed,1,4,214569,Yes,Yes
57,87715,767,976873,30,0.36,Self-Employed,5,0,999030,Yes,Yes
33,89835,369,609273,7,0.53,Contract,1,3,609490,Yes,Yes
56,91366,500,354399,35,0.24,Salaried,0,1,616712,No,Yes
51,55570,607,925629,22,0.65,Salaried,5,4,37984,No,No
22,237049,551,111590,2,0.63,Salaried,2,4,428397,No,No
36,155687,586,488702,9,0.12,Salaried,2,2,261452,Yes,Yes
29,221370,591,171282,0,0.07,Salaried,4,3,126379,Yes,Yes
29,56311,453,360027,8,0.68,Salaried,2,4,100401,Yes,Yes
58,108245,432,760678,34,0.67,Business,4,0,396703,Yes,Yes
31,121187,573,625854,6,0.32,Salaried,4,3,309240,No,Yes
42,41434,808,574938,13,0.08,Business,5,3,369050,No,Yes
53,104879,652,222009,33,0.45,Business,1,2,775591,Yes,Yes
56,33739,304,71299,35,0.24,Business,3,4,799974,No,No
65,84202,592,76862,36,0.66,Salaried,4,4,822440,No,No
43,116580,659,539905,20,0.57,Self-Employed,0,1,180212,Yes,Yes
65,242491,513,328456,40,0.47,Contract,1,1,385372,Yes,Yes
65,97599,705,323087,40,0.23,Self-Employed,0,3,964258,No,Yes
54,182721,735,380878,31,0.51,Self-Employed,0,4,432892,No,Yes
29,249436,314,984829,7,0.24,Salaried,2,2,954417,No,Yes
44,196517,572,517484,19,0.07,Self-Employed,0,4,545925,No,Yes
28,134770,344,699848,0,0.38,Self-Employed,5,2,640780,Yes,Yes
27,57470,711,102879,0,0.37,Salaried,4,1,105431,No,Yes
56,92965,486,772098,35,0.55,Salaried,0,0,416660,Yes,No
38,143332,469,693940,16,0.61,Contract,0,4,815185,Yes,Yes
23,197693,700,769370,2,0.28,Contract,2,1,542325,No,Yes
48,147681,545,525786,19,0.34,Business,0,0,597517,Yes,Yes
26,181998,342,446222,0,0.36,Contract,4,0,389871,Yes,Yes
64,132300,478,898308,36,0.26,Salaried,4,1,251431,Yes,Yes
64,55997,756,506444,40,0.53,Self-Employed,0,1,719195,No,Yes
41,209012,834,495272,19,0.39,Salaried,4,1,733685,Yes,Yes
48,189796,543,320649,23,0.64,Salaried,5,2,45151,Yes,Yes
60,115805,316,332642,37,0.47,Self-Employed,5,3,34754,Yes,Yes
21,180776,411,681967,0,0.19,Contract,4,3,725185,Yes,Yes
56,140202,846,554625,27,0.16,Self-Employed,2,3,248440,Yes,Yes
41,177463,329,721865,21,0.29,Salaried,1,2,301253,Yes,Yes
63,212363,491,834455,35,0.28,Contract,5,1,270880,Yes,Yes
55,238795,736,243590,29,0.31,Salaried,1,3,266479,Yes,Yes
33,20526,478,974107,7,0.17,Salaried,3,2,880867,No,No
30,173758,773,861176,10,0.69,Contract,1,2,691456,No,Yes
64,91339,433,512434,36,0.14,Self-Employed,5,1,979122,No,Yes
30,247276,611,456676,3,0.47,Business,5,0,104749,No,No
33,24574,324,365417,4,0.06,Contract,0,2,624574,No,No
57,26733,670,391239,33,0.31,Salaried,4,4,242745,Yes,Yes
58,68290,824,602832,35,0.25,Salaried,1,2,712741,No,Yes
44,90793,618,581152,24,0.3,Contract,2,0,925486,Yes,Yes
22,54051,529,401458,0,0.37,Salaried,3,0,829250,Yes,Yes
42,33909,401,391914,15,0.44,Business,0,4,609716,No,No
37,238754,749,602881,16,0.43,Contract,1,3,314087,No,Yes
56,95338,677,838161,33,0.46,Salaried,4,2,167580,Yes,Yes
34,91432,502,618803,11,0.6,Business,2,1,315752,No,Yes
30,46133,566,559022,4,0.63,Salaried,5,1,719243,Yes,No
55,200643,761,871368,33,0.53,Contract,1,4,321454,No,Yes
45,97062,664,586701,18,0.1,Self-Employed,4,0,922483,No,Yes
23,199980,403,359796,0,0.67,Business,1,3,508829,No,No
58,160350,410,79764,29,0.67,Contract,0,2,632708,Yes,Yes
37,129546,727,113784,14,0.51,Contract,3,2,445667,No,Yes
32,69458,768,751101,4,0.39,Contract,4,2,53046,Yes,Yes
44,213337,549,254276,19,0.21,Self-Employed,3,1,872555,Yes,Yes
49,205854,781,915228,27,0.54,Salaried,3,3,158440,No,Yes
63,73415,630,126844,37,0.62,Self-Employed,5,4,29621,Yes,Yes
45,240159,500,701898,20,0.48,Contract,2,1,336762,Yes,Yes
56,72160,753,765133,29,0.46,Business,4,0,139866,No,Yes
46,72399,803,174887,22,0.18,Salaried,2,3,821793,Yes,Yes
58,43298,845,558954,33,0.28,Self-Employed,5,0,509238,Yes,Yes
21,249946,410,648720,1,0.52,Business,3,2,855394,Yes,No
40,171263,843,417088,13,0.06,Contract,0,1,404743,Yes,Yes
48,206036,508,724643,28,0.47,Business,0,3,146514,No,Yes
36,182164,332,790487,14,0.55,Business,1,1,470584,No,Yes
37,107407,406,599570,16,0.27,Contract,1,3,659005,No,Yes
60,224329,564,522671,35,0.1,Self-Employed,4,2,853696,No,Yes
48,80513,525,909642,21,0.58,Contract,0,3,990469,No,No
32,69097,786,539451,5,0.14,Business,3,2,187306,No,Yes
47,179351,478,801736,21,0.29,Contract,0,1,906022,No,Yes
62,163476,521,365128,36,0.51,Salaried,4,1,433970,No,No
50,219094,669,985896,23,0.58,Salaried,1,1,699381,Yes,Yes
61,53198,466,933928,37,0.61,Business,5,2,958714,No,No
54,243295,599,841153,32,0.39,Contract,1,0,962460,Yes,Yes
57,67997,680,865629,36,0.36,Business,5,0,461965,Yes,Yes
26,227764,334,731533,4,0.6,Contract,2,3,56361,Yes,Yes
27,149639,706,313210,5,0.42,Salaried,5,1,366557,No,Yes
52,210104,801,420586,26,0.43,Salaried,1,0,76722,No,Yes
52,20179,613,828335,32,0.33,Business,3,4,314552,Yes,No
45,20019,400,109418,19,0.29,Salaried,4,1,366485,No,No
53,99455,514,833171,28,0.36,Business,1,4,264954,Yes,Yes
27,234311,361,117454,0,0.29,Self-Employed,1,0,889175,Yes,Yes
32,167776,668,388406,11,0.27,Business,5,2,717123,No,Yes
36,167102,667,195354,7,0.7,Contract,3,4,804087,No,Yes
36,144883,393,730175,16,0.27,Contract,1,4,941380,No,Yes
63,87445,768,297087,35,0.22,Contract,3,1,580862,No,Yes
56,91551,325,990098,35,0.28,Business,1,3,822494,Yes,Yes
33,21420,734,778344,10,0.43,Self-Employed,3,2,62103,No,No
27,77875,420,237583,0,0.64,Business,1,1,919292,Yes,Yes
56,196725,349,378822,28,0.56,Business,4,1,58814,No,No
29,34740,335,692199,9,0.6,Self-Employed,2,0,221023,Yes,No
52,83263,709,660056,31,0.61,Salaried,2,3,615276,Yes,Yes
31,123789,588,379095,10,0.65,Salaried,0,3,782159,Yes,Yes
28,244936,678,580662,7,0.2,Salaried,2,2,460081,No,Yes
53,213631,399,601262,26,0.35,Salaried,3,2,364813,Yes,Yes
43,37465,623,804424,16,0.3,Salaried,3,3,824364,No,No
45,200504,628,774538,16,0.3,Self-Employed,5,4,375986,No,Yes
28,22131,520,788832,1,0.47,Self-Employed,2,4,590399,Yes,No
65,28652,409,606202,40,0.31,Business,5,1,166361,No,No
42,214045,448,624302,15,0.45,Salaried,3,3,21891,No,No
24,236115,705,583635,0,0.3,Contract,4,1,208848,Yes,Yes
60,196219,709,926900,33,0.25,Self-Employed,3,4,770260,Yes,Yes
23,65671,428,240087,3,0.28,Self-Employed,5,2,339154,No,Yes
49,107342,783,401273,27,0.57,Salaried,4,3,939126,No,Yes
61,37171,407,772224,32,0.44,Contract,4,0,895759,No,No
49,235201,688,493397,24,0.68,Contract,4,1,47873,Yes,Yes
54,204764,724,199832,34,0.59,Self-Employed,1,3,92317,Yes,Yes
54,76541,746,266233,31,0.37,Business,0,0,966589,Yes,Yes
48,27470,367,666391,20,0.21,Contract,5,1,23338,No,No
33,210416,365,127599,7,0.49,Business,3,4,931517,Yes,Yes
35,62308,803,278238,15,0.52,Salaried,1,1,467116,No,Yes
43,199711,803,535713,18,0.35,Salaried,5,2,193552,Yes,Yes
64,170398,620,967206,39,0.2,Salaried,0,1,650849,No,Yes
46,153669,746,970644,25,0.41,Business,1,1,334226,No,Yes
24,120840,509,788161,0,0.21,Self-Employed,3,3,686377,Yes,Yes
46,179860,669,124266,17,0.66,Business,5,3,327045,Yes,Yes
60,214092,757,505392,39,0.46,Salaried,4,4,99879,Yes,Yes
29,67477,462,699025,2,0.24,Contract,1,2,751676,Yes,Yes
25,126261,631,309578,0,0.19,Self-Employed,0,2,330115,Yes,Yes
52,120466,649,326201,27,0.52,Business,0,4,848382,Yes,Yes
40,51071,767,865546,11,0.51,Contract,0,0,213475,Yes,Yes
31,219675,725,521963,6,0.44,Contract,5,1,644268,Yes,Yes
35,210995,626,761575,7,0.45,Salaried,1,3,762657,No,Yes
52,88560,405,293762,24,0.44,Salaried,0,4,806290,No,Yes
48,222323,554,68580,19,0.28,Contract,2,4,830146,Yes,Yes
42,206564,657,789230,13,0.66,Self-Employed,5,3,757391,No,Yes
61,180842,743,59802,40,0.36,Business,0,3,403838,Yes,Yes
37,94762,412,924289,15,0.06,Self-Employed,0,0,20367,Yes,Yes
46,184471,329,151467,17,0.28,Self-Employed,1,2,913281,Yes,Yes
64,228020,823,414911,38,0.13,Business,3,3,11760,No,Yes
27,206511,345,512759,0,0.29,Business,1,4,360353,No,Yes
62,193487,470,710035,34,0.45,Business,1,1,750260,No,Yes
46,161641,429,195130,21,0.06,Self-Employed,2,0,23175,Yes,Yes
45,20369,652,230073,25,0.62,Self-Employed,3,1,175054,Yes,No
30,127963,502,742879,4,0.45,Business,1,1,140004,Yes,Yes
65,246629,525,252827,40,0.24,Contract,2,2,518523,No,Yes
39,18528,379,720805,15,0.25,Contract,1,1,701730,Yes,No
31,126806,609,517170,3,0.35,Business,2,4,951206,Yes,Yes
33,179386,334,925882,4,0.21,Self-Employed,5,4,626275,No,Yes
28,120979,460,800526,0,0.05,Business,4,3,997927,Yes,Yes
60,167119,734,680327,32,0.07,Salaried,0,2,729314,Yes,Yes
24,37748,837,812447,4,0.28,Contract,0,3,866217,No,Yes
51,53109,524,865127,26,0.13,Contract,1,1,430064,No,Yes
48,31919,745,932402,26,0.06,Contract,2,4,835311,Yes,Yes
31,65498,616,232299,3,0.61,Business,4,3,807175,Yes,Yes
63,73808,713,785352,40,0.23,Salaried,0,4,110917,Yes,Yes
21,229864,394,342329,0,0.38,Contract,1,3,707954,No,Yes
58,88441,524,926124,31,0.17,Salaried,5,0,394600,Yes,Yes
44,131843,365,882340,22,0.08,Self-Employed,1,2,571824,Yes,Yes
51,92420,696,224703,27,0.53,Self-Employed,2,3,227047,No,Yes
61,177978,509,953142,36,0.13,Contract,3,1,664392,No,Yes
46,125447,773,52078,17,0.07,Self-Employed,5,4,353673,No,Yes
25,220558,789,932318,0,0.43,Business,1,4,50816,Yes,Yes
40,84896,479,815806,20,0.06,Self-Employed,4,2,20632,Yes,No
61,121431,823,520825,35,0.33,Business,4,2,485236,No,Yes
31,171018,758,204850,5,0.24,Self-Employed,3,0,974415,Yes,Yes
53,65020,367,728757,29,0.26,Salaried,4,3,867828,No,No
58,223338,628,512073,30,0.05,Self-Employed,2,0,824676,Yes,Yes
47,40161,501,717697,26,0.68,Salaried,1,3,433994,Yes,No
54,45738,774,294437,30,0.39,Business,2,3,279520,Yes,Yes
35,152997,817,318155,14,0.42,Self-Employed,3,2,859935,Yes,Yes
52,157535,314,429268,31,0.48,Self-Employed,3,2,991892,Yes,Yes
41,75153,341,745215,13,0.57,Salaried,2,3,730427,Yes,No
25,232020,842,387676,0,0.45,Self-Employed,5,2,259389,Yes,Yes
26,79009,588,281106,3,0.55,Business,0,3,649741,No,Yes
58,105938,832,96845,31,0.34,Salaried,3,2,262809,No,Yes
42,117546,543,201118,19,0.29,Business,1,1,898140,No,Yes
38,240325,473,923462,18,0.59,Contract,5,3,898302,No,No
34,190624,833,580906,5,0.61,Business,3,4,16725,Yes,Yes
30,74271,808,384579,8,0.14,Salaried,2,1,383476,No,Yes
33,27797,543,474538,4,0.4,Business,2,0,195663,Yes,No
51,104130,359,569069,31,0.49,Self-Employed,4,2,783327,No,No
50,89942,403,477013,29,0.1,Business,5,0,957013,Yes,Yes
23,136065,602,458344,2,0.65,Self-Employed,0,4,133612,No,No
50,31965,376,214251,24,0.39,Salaried,2,2,558411,No,Yes
26,31733,317,248589,3,0.47,Self-Employed,4,0,439910,Yes,No
49,202295,833,304613,20,0.17,Business,4,1,879724,Yes,Yes
28,145182,483,813203,0,0.22,Contract,1,0,332388,No,Yes
64,175998,849,692446,40,0.13,Self-Employed,4,2,231502,Yes,Yes
65,177855,580,477289,37,0.22,Contract,0,1,920207,Yes,Yes
63,101360,587,652302,38,0.37,Contract,1,4,184745,No,Yes
64,185466,824,962145,35,0.59,Contract,2,0,107320,No,Yes
53,126378,773,562584,26,0.4,Contract,5,3,692292,No,Yes
37,213868,566,685838,11,0.21,Business,2,2,314100,No,Yes
31,46287,656,404109,4,0.08,Self-Employed,4,3,213466,Yes,Yes
33,100104,300,218435,5,0.45,Salaried,3,3,966133,No,No
31,179508,326,832915,4,0.32,Salaried,0,0,843687,Yes,Yes
51,104916,847,165503,26,0.69,Self-Employed,0,3,580192,Yes,Yes
48,239404,459,192769,21,0.56,Salaried,4,1,373976,No,No
64,222639,698,720782,37,0.58,Self-Employed,0,4,442583,Yes,Yes
26,236555,842,551188,5,0.06,Business,1,4,634733,Yes,Yes
61,21188,426,874812,40,0.56,Self-Employed,4,3,308374,Yes,No
36,109205,509,408021,16,0.18,Business,3,2,743823,No,Yes
24,115349,449,635145,0,0.43,Self-Employed,2,3,338932,No,No
55,155837,330,772933,34,0.34,Contract,0,2,535808,Yes,Yes
46,200698,601,780418,20,0.42,Contract,5,4,531686,No,No
32,237779,556,857691,10,0.14,Business,2,1,380770,Yes,Yes
31,159879,356,520750,8,0.35,Salaried,3,2,22011,No,Yes
57,28204,308,646910,34,0.07,Contract,3,4,507855,No,No
45,241674,304,444365,22,0.08,Self-Employed,1,0,614615,No,Yes
38,207016,413,597080,17,0.48,Salaried,3,3,748159,Yes,Yes
39,60120,504,197462,14,0.67,Salaried,3,2,679741,Yes,Yes
43,120903,323,215276,23,0.56,Business,0,1,682205,No,Yes
58,171730,792,573469,34,0.35,Salaried,2,3,144706,Yes,Yes
38,55081,705,479234,17,0.09,Business,5,4,661995,Yes,Yes
46,52986,402,930083,18,0.08,Contract,0,4,410326,No,Yes
26,97322,359,401727,5,0.15,Contract,0,4,822933,No,Yes
24,112819,385,919046,0,0.68,Salaried,4,2,49709,Yes,No
64,148015,671,726831,40,0.31,Salaried,5,0,401268,Yes,Yes
49,68304,501,833802,24,0.6,Self-Employed,4,0,119199,No,No
54,83592,388,326407,33,0.51,Self-Employed,1,4,382970,Yes,Yes
37,76548,736,372453,16,0.44,Business,5,3,351878,No,Yes
63,116447,419,888883,37,0.67,Salaried,1,1,355400,Yes,Yes
63,57986,455,906811,40,0.2,Salaried,3,3,830160,No,No
36,92095,698,127969,14,0.35,Self-Employed,1,2,773241,Yes,Yes
22,109594,487,434569,0,0.61,Business,1,0,606796,Yes,Yes
54,106281,351,716919,27,0.41,Self-Employed,3,1,613920,Yes,Yes
28,84151,830,900160,2,0.21,Salaried,2,4,178894,Yes,Yes
33,91598,779,54952,11,0.19,Business,3,4,360452,Yes,Yes
62,46214,529,373870,40,0.54,Contract,3,2,552967,No,No
28,56745,780,956167,2,0.06,Salaried,2,2,662278,Yes,Yes
50,191620,429,352754,28,0.64,Self-Employed,3,2,382998,Yes,Yes
52,159753,354,803689,31,0.06,Business,4,2,410546,No,Yes
56,156056,570,136467,30,0.46,Self-Employed,1,4,656776,No,Yes
50,176651,399,183225,28,0.44,Contract,3,4,488404,Yes,Yes
21,108810,368,668735,0,0.43,Salaried,0,2,677482,Yes,Yes
63,204005,598,451235,37,0.36,Salaried,1,4,320813,No,Yes
59,176471,828,418971,38,0.6,Self-Employed,4,2,520635,No,Yes
37,180553,653,147167,10,0.48,Salaried,4,1,162169,Yes,Yes
40,18944,451,965322,19,0.56,Self-Employed,3,2,608498,No,No
44,111993,629,874361,21,0.13,Self-Employed,2,2,110559,Yes,Yes
42,27114,415,984532,19,0.08,Business,0,1,951957,No,No
49,57846,841,346764,22,0.07,Contract,3,0,99655,Yes,Yes
42,232738,622,811387,22,0.15,Salaried,2,3,407447,No,Yes
64,226920,528,168818,36,0.48,Salaried,4,2,161774,No,No
29,50596,659,175803,4,0.37,Self-Employed,1,1,250659,No,Yes
57,122087,304,491690,34,0.54,Contract,4,1,609496,No,No
30,224359,327,60623,5,0.17,Business,3,4,975053,No,Yes
56,24907,663,135504,31,0.29,Self-Employed,2,2,652380,No,Yes
57,177186,761,53809,29,0.63,Contract,3,1,148265,No,Yes
48,43009,530,173690,25,0.66,Salaried,4,0,443729,Yes,No
48,102846,694,667195,21,0.65,Business,0,0,893260,Yes,Yes
62,68241,570,756406,40,0.58,Business,4,3,528120,No,No
63,184797,603,159502,38,0.5,Self-Employed,3,4,425164,No,No
41,36996,682,374640,17,0.64,Self-Employed,2,4,745788,Yes,Yes
44,155119,327,285614,22,0.51,Business,3,4,227901,No,No
62,46767,818,737099,39,0.67,Salaried,1,2,481831,Yes,Yes
60,34347,498,254396,33,0.07,Salaried,1,0,30812,No,Yes
22,120063,381,974481,0,0.65,Business,2,2,520066,Yes,No
28,42102,387,826221,7,0.41,Self-Employed,4,1,242463,Yes,No
47,22263,689,810073,20,0.12,Self-Employed,3,3,875617,Yes,Yes
42,126585,750,215910,16,0.19,Salaried,5,3,227231,Yes,Yes
57,85438,732,709494,37,0.6,Contract,5,2,135761,Yes,Yes
47,114359,673,234492,26,0.38,Contract,1,3,192857,Yes,Yes
49,179612,734,341575,23,0.69,Contract,0,2,386344,No,Yes
23,148251,486,301770,1,0.13,Salaried,1,4,195357,Yes,Yes
64,249943,689,250092,40,0.32,Business,4,1,393184,No,Yes
33,224798,517,623853,13,0.27,Contract,2,4,770785,No,Yes
65,212841,407,500209,39,0.39,Salaried,0,3,647574,No,Yes
30,189915,849,501251,8,0.46,Salaried,3,1,906020,No,Yes
56,45690,648,552374,31,0.48,Self-Employed,3,0,644716,No,No
29,20994,821,359456,0,0.05,Self-Employed,5,2,719722,No,No
47,121533,325,160613,20,0.11,Salaried,2,1,341312,No,Yes
54,85546,347,875348,29,0.07,Self-Employed,0,2,791187,Yes,Yes
21,156449,669,536026,0,0.61,Self-Employed,0,1,746779,No,Yes
52,96572,313,726053,27,0.25,Self-Employed,0,3,576293,Yes,Yes
45,44467,486,743919,19,0.29,Salaried,2,4,247415,Yes,No
49,149120,823,919271,25,0.34,Contract,2,3,683441,Yes,Yes
27,186050,578,362202,0,0.6,Self-Employed,3,0,469161,Yes,No
23,65606,640,790490,1,0.06,Salaried,1,3,439211,Yes,Yes
40,230646,627,569824,15,0.13,Salaried,4,1,256674,No,Yes
40,116112,324,789999,12,0.5,Business,3,0,215982,No,No
50,91414,828,979362,30,0.68,Business,5,1,886630,No,Yes
55,111145,725,523754,31,0.47,Contract,5,4,255072,Yes,Yes
55,198294,328,513647,32,0.22,Business,5,2,919718,No,Yes
59,66115,622,617612,31,0.39,Salaried,0,4,973280,Yes,Yes
47,107606,612,664975,27,0.68,Business,1,4,964887,Yes,Yes
46,58647,569,518671,23,0.39,Self-Employed,4,4,732953,Yes,Yes
34,72607,594,225259,14,0.29,Business,0,1,663341,No,Yes
37,206482,522,530679,15,0.3,Salaried,2,2,565782,Yes,Yes
38,39996,374,602435,15,0.68,Contract,1,1,623633,No,No
65,203993,401,652202,40,0.52,Contract,2,0,923390,No,Yes
49,101697,831,545245,25,0.5,Contract,4,1,847909,Yes,Yes
40,64022,472,959311,15,0.2,Contract,5,4,340884,Yes,Yes
47,58148,303,530297,27,0.41,Self-Employed,4,3,691922,No,No
38,85764,778,833096,9,0.28,Self-Employed,0,3,920792,No,Yes
24,109901,694,553078,0,0.21,Self-Employed,2,1,220116,No,Yes
21,108724,466,390737,0,0.63,Business,3,4,227655,Yes,No
21,142766,599,444576,0,0.3,Business,5,4,772131,Yes,Yes
46,26888,417,576336,26,0.23,Business,3,3,274389,Yes,No
65,237738,811,482236,40,0.66,Contract,2,2,492627,No,Yes
40,188231,474,93935,11,0.18,Contract,4,2,12531,Yes,Yes
43,191269,458,727842,19,0.53,Business,5,4,342984,No,No
30,233398,683,692172,9,0.47,Self-Employed,1,0,818468,Yes,Yes
31,239432,526,927631,9,0.65,Salaried,5,0,400160,Yes,Yes
61,116941,337,738333,33,0.59,Business,2,0,874334,Yes,Yes
61,173546,762,684270,37,0.51,Salaried,0,0,436010,Yes,Yes
25,35333,730,458401,5,0.25,Self-Employed,3,0,644534,No,Yes
21,54355,403,987203,0,0.37,Salaried,5,3,869474,Yes,No
37,248487,492,630173,15,0.66,Contract,0,4,317946,No,Yes
42,147686,549,854493,22,0.07,Salaried,1,1,483026,Yes,Yes
54,222975,312,651303,32,0.57,Business,3,3,917374,No,No
65,215330,687,683796,40,0.21,Business,3,3,697829,No,Yes
61,180217,370,691988,32,0.17,Self-Employed,3,4,583810,No,Yes
49,121170,737,749957,25,0.2,Business,5,2,36992,No,Yes
24,93675,343,191964,4,0.09,Salaried,0,3,622037,Yes,Yes
25,198926,571,336075,4,0.69,Contract,4,3,435438,Yes,Yes
31,85664,313,150175,7,0.62,Salaried,0,1,989652,Yes,Yes
41,104153,670,861086,13,0.39,Salaried,4,0,757532,No,Yes
55,111616,411,138478,31,0.51,Salaried,5,3,33152,No,No
32,53285,678,239892,8,0.41,Business,2,0,88433,No,Yes
46,166605,613,833508,26,0.58,Self-Employed,3,4,953921,Yes,Yes
39,181696,714,103886,15,0.6,Business,0,3,937369,No,Yes
65,64996,784,432621,38,0.2,Salaried,1,1,532807,No,Yes
27,64947,468,908902,0,0.35,Self-Employed,1,1,906103,Yes,Yes
27,177028,545,538485,0,0.46,Self-Employed,4,4,598007,Yes,No
46,69030,565,790508,24,0.69,Salaried,4,0,263937,Yes,No
60,207669,542,543855,37,0.49,Salaried,3,2,954299,No,No
25,60443,599,540607,0,0.63,Business,4,4,136491,Yes,No
41,146344,626,936461,15,0.6,Self-Employed,1,2,213220,Yes,Yes
34,247685,829,255914,14,0.43,Contract,0,1,548404,No,Yes
24,83464,641,285361,0,0.63,Self-Employed,0,1,965683,No,No
43,146019,548,901756,15,0.3,Business,4,3,249607,No,Yes
62,153024,679,941952,38,0.3,Salaried,4,1,980679,Yes,Yes
40,205952,831,115027,13,0.56,Self-Employed,5,0,273771,Yes,Yes
35,201273,680,51425,6,0.14,Contract,1,1,742364,No,Yes
65,138454,341,182805,37,0.25,Business,2,3,973107,No,Yes
49,142444,644,750735,20,0.45,Self-Employed,0,4,608144,Yes,Yes
28,130175,560,638699,0,0.32,Business,4,3,361402,Yes,Yes
61,60460,605,847035,39,0.66,Self-Employed,5,4,152216,No,No
39,171868,539,848584,19,0.67,Salaried,5,3,628992,Yes,Yes
59,180818,612,983305,38,0.38,Contract,5,1,939747,No,Yes
48,235857,740,368462,24,0.4,Salaried,5,2,20602,Yes,Yes
47,18015,432,538189,18,0.52,Self-Employed,3,0,33401,Yes,No
24,67757,350,984489,0,0.35,Contract,4,2,582368,Yes,No
35,175029,691,273543,10,0.17,Self-Employed,4,0,509906,Yes,Yes
55,99541,822,158051,32,0.54,Self-Employed,5,1,349826,No,Yes
57,39292,807,857500,29,0.53,Contract,0,3,219439,No,No
21,140694,653,849963,0,0.21,Contract,4,3,134534,No,Yes
23,180948,694,948721,1,0.59,Business,3,4,612491,Yes,Yes
44,209799,395,870720,20,0.45,Contract,3,2,404821,Yes,Yes
47,65046,405,150694,24,0.2,Salaried,5,0,158793,Yes,Yes
60,32817,812,272089,39,0.47,Contract,3,3,31939,No,No
56,240078,541,403906,34,0.2,Contract,1,1,18389,Yes,Yes
54,27759,787,509869,28,0.22,Business,3,3,339048,Yes,Yes
49,197504,814,672485,28,0.6,Salaried,5,4,471083,Yes,Yes
44,24412,360,483284,24,0.65,Salaried,5,3,38902,No,No
44,206829,715,813380,23,0.22,Contract,5,1,744912,Yes,Yes
62,38504,593,717819,35,0.65,Contract,0,3,788919,Yes,No
24,126500,601,792001,0,0.21,Business,2,0,708831,Yes,Yes
23,26507,469,154445,0,0.13,Salaried,4,0,494243,No,No
54,39050,340,528216,33,0.09,Salaried,4,3,859495,No,No
43,153892,530,475770,18,0.21,Self-Employed,4,1,148190,Yes,Yes
43,156907,708,156243,17,0.3,Business,3,1,491394,No,Yes
65,242239,596,644601,40,0.65,Business,3,3,800153,Yes,Yes
25,118153,754,833680,0,0.21,Contract,3,1,137051,No,Yes
51,31587,356,827313,24,0.29,Salaried,2,0,470221,Yes,No
61,249329,539,258040,33,0.53,Contract,2,0,147508,Yes,Yes
26,75732,475,981775,0,0.25,Business,2,0,370162,Yes,Yes
57,69921,362,439430,35,0.49,Salaried,2,4,413259,Yes,Yes
30,194571,850,840233,3,0.33,Salaried,2,2,154986,Yes,Yes
60,135734,437,384737,38,0.18,Business,4,0,249692,No,Yes
27,148104,753,469727,2,0.53,Salaried,4,3,121986,Yes,Yes
59,155912,748,254118,36,0.07,Self-Employed,2,4,567378,Yes,Yes
58,214149,525,910067,32,0.24,Business,4,3,619459,No,Yes
41,49440,742,130729,14,0.28,Business,2,1,642226,Yes,Yes
40,53183,505,367377,11,0.35,Salaried,2,2,456831,Yes,Yes
23,114172,326,332155,0,0.49,Business,2,4,822733,Yes,Yes
42,151461,756,244035,13,0.35,Contract,4,1,630939,No,Yes
24,204148,406,361044,1,0.44,Business,1,1,821761,Yes,Yes
48,132515,743,988268,21,0.44,Contract,1,0,362796,No,Yes
32,141183,335,569805,6,0.29,Self-Employed,5,3,933933,No,Yes
58,84299,454,825427,29,0.66,Self-Employed,5,1,97701,Yes,No
56,238533,468,757054,29,0.67,Contract,1,1,957536,Yes,Yes
61,241157,571,130085,32,0.43,Business,0,1,325700,No,Yes
25,133503,846,450176,0,0.1,Contract,1,2,167914,Yes,Yes
33,57023,719,66583,11,0.37,Salaried,1,4,930341,Yes,Yes
43,199101,483,704571,21,0.17,Contract,1,0,377547,No,Yes
50,57941,536,908964,22,0.36,Self-Employed,3,4,490048,No,No
57,238065,808,265175,31,0.17,Self-Employed,2,1,148160,No,Yes
45,203022,740,326345,25,0.51,Contract,5,2,542870,No,Yes
47,139677,421,251651,25,0.1,Self-Employed,4,1,454461,No,Yes
34,236031,716,896451,14,0.67,Salaried,3,3,65306,Yes,Yes
56,94054,834,856852,31,0.18,Business,2,4,798495,No,Yes
59,83363,674,562916,38,0.48,Business,1,0,541637,No,Yes
36,79742,625,614890,10,0.65,Contract,1,2,495048,Yes,Yes
42,246968,779,495861,15,0.21,Self-Employed,3,4,756019,Yes,Yes
41,63215,449,758484,16,0.66,Business,4,1,830274,Yes,No
41,65857,789,150156,17,0.3,Self-Employed,3,0,604069,No,Yes
28,73476,452,361175,0,0.67,Contract,3,2,240887,Yes,No
36,177245,316,849061,13,0.68,Self-Employed,5,1,481460,Yes,Yes
51,158467,850,500947,23,0.17,Salaried,2,1,969746,Yes,Yes
62,77768,647,78675,35,0.59,Salaried,0,4,443442,Yes,Yes
30,233815,758,439796,6,0.18,Self-Employed,5,1,731520,Yes,Yes
52,121591,501,707022,32,0.2,Salaried,4,1,294453,No,Yes
54,64229,722,392414,27,0.1,Contract,4,2,689273,Yes,Yes
29,175711,579,581877,2,0.15,Salaried,3,1,320838,No,Yes
37,129706,721,945386,11,0.46,Salaried,3,3,409784,No,Yes
31,80583,764,492580,5,0.34,Business,1,3,770101,No,Yes
52,177996,654,54655,25,0.56,Business,3,0,685543,Yes,Yes
30,144011,677,910717,10,0.27,Contract,2,3,940677,No,Yes
42,222041,423,191869,20,0.68,Salaried,1,3,100273,No,Yes
37,48104,379,561023,14,0.08,Business,0,4,91890,Yes,No
24,55594,532,278538,0,0.09,Self-Employed,2,3,944410,Yes,Yes
45,21664,779,580933,16,0.51,Self-Employed,4,1,560094,Yes,No
41,28528,453,429523,12,0.63,Salaried,4,4,938013,Yes,No
57,177262,708,359778,29,0.57,Contract,2,3,668412,No,Yes
58,215105,330,202504,35,0.37,Salaried,5,1,905312,Yes,Yes
21,210233,802,525610,0,0.23,Business,3,0,574756,No,Yes
45,222249,670,516985,17,0.06,Salaried,3,4,969899,Yes,Yes
56,146404,622,748971,28,0.38,Salaried,3,1,181626,No,Yes
37,219251,631,994175,12,0.36,Self-Employed,4,4,78709,No,Yes
61,219664,542,611048,37,0.27,Self-Employed,2,0,304741,No,Yes
44,50899,729,799337,22,0.43,Business,3,0,275212,Yes,Yes
22,88979,481,602521,0,0.52,Contract,5,4,315723,Yes,No
60,35241,772,480807,38,0.51,Contract,1,1,796977,No,No
35,64211,675,807181,11,0.22,Business,4,2,99152,No,Yes
52,81472,380,248876,23,0.43,Business,5,4,676838,No,No
59,223320,849,819670,30,0.15,Salaried,2,2,734959,Yes,Yes
26,222829,719,362235,6,0.13,Salaried,5,1,591379,Yes,Yes
21,49346,766,185510,0,0.56,Contract,2,3,32888,Yes,Yes
43,99196,727,815165,17,0.5,Salaried,2,4,455162,No,Yes
59,122451,356,416746,38,0.55,Salaried,2,0,658503,No,Yes
37,226196,621,397049,15,0.15,Self-Employed,0,3,181077,No,Yes
54,120908,841,226968,25,0.64,Business,1,1,892511,No,Yes
61,191292,794,404283,33,0.14,Business,5,0,838425,Yes,Yes
49,167014,565,585607,22,0.62,Self-Employed,0,4,468530,Yes,Yes
29,67167,526,916690,6,0.28,Self-Employed,5,1,14311,Yes,No
33,54373,353,415437,6,0.12,Salaried,3,4,116235,No,Yes
26,85143,303,449244,0,0.24,Business,5,3,116377,Yes,Yes
26,138623,738,573973,1,0.17,Contract,0,4,789083,No,Yes
40,128013,609,686218,20,0.37,Business,0,0,352206,No,Yes
23,20016,388,684917,2,0.67,Contract,4,4,755056,No,No
37,87110,619,75940,14,0.26,Self-Employed,2,3,581610,No,Yes
32,195381,674,304802,9,0.45,Business,0,3,634024,No,Yes
65,25274,800,802344,40,0.63,Self-Employed,2,0,525273,Yes,Yes
21,33748,533,975926,0,0.46,Business,1,2,23692,Yes,No
37,169247,636,363795,16,0.29,Contract,0,2,306152,Yes,Yes
23,29826,484,303380,0,0.69,Self-Employed,4,4,175663,No,No
46,101008,737,748801,22,0.17,Salaried,4,3,874361,Yes,Yes
35,147288,479,70688,12,0.39,Business,3,1,62377,Yes,Yes
56,183201,375,588760,31,0.57,Contract,0,1,742227,Yes,Yes
52,219081,571,130436,29,0.05,Salaried,1,3,947416,Yes,Yes
52,172562,354,609959,24,0.51,Self-Employed,2,1,722602,No,Yes
24,123623,376,241881,0,0.22,Business,5,0,755160,No,Yes
38,190507,595,385443,12,0.16,Business,5,4,363771,Yes,Yes
39,224089,518,323104,17,0.23,Salaried,5,3,334185,Yes,Yes
63,157592,576,257692,34,0.68,Salaried,5,4,723738,No,No
55,241023,565,959084,32,0.63,Self-Employed,0,0,463044,Yes,Yes
60,101106,342,698406,40,0.19,Salaried,3,1,822645,Yes,Yes
34,210949,660,445290,9,0.13,Business,4,3,594479,No,Yes
53,168870,527,254433,32,0.29,Business,5,0,180682,Yes,Yes
34,72638,526,346977,11,0.44,Business,0,0,784557,Yes,Yes
54,87072,362,796101,30,0.61,Business,3,4,350198,Yes,No
24,85309,470,85976,0,0.68,Salaried,1,3,712600,Yes,Yes
44,178966,606,775570,22,0.54,Salaried,5,4,720154,No,No
49,212035,333,288470,24,0.44,Contract,2,4,513638,Yes,Yes
39,142724,429,556830,19,0.14,Self-Employed,1,0,61600,No,Yes
26,203639,693,157549,0,0.1,Salaried,1,4,700954,No,Yes
53,145843,450,180120,33,0.44,Self-Employed,5,1,80200,Yes,Yes
60,53326,683,115658,39,0.4,Salaried,2,1,682725,Yes,Yes
39,204131,316,624396,19,0.6,Contract,0,0,952073,Yes,Yes
21,23079,313,202552,0,0.26,Salaried,2,4,383215,Yes,No
25,174910,380,362282,2,0.08,Business,3,1,209504,No,Yes
47,139412,506,59443,26,0.33,Salaried,1,2,439108,Yes,Yes
36,105340,503,906401,10,0.68,Self-Employed,5,2,850280,Yes,No
26,196181,678,706350,0,0.57,Business,2,4,755679,No,Yes
60,103211,843,568416,32,0.07,Salaried,4,0,160240,No,Yes
33,174666,322,303685,9,0.62,Business,2,1,425169,No,Yes
55,60749,461,514308,33,0.36,Business,2,3,964538,Yes,Yes
39,185364,443,960213,19,0.29,Business,3,3,680502,No,Yes
32,136192,403,928630,5,0.28,Contract,5,1,326457,Yes,Yes
36,92534,681,373480,11,0.44,Self-Employed,1,4,444891,No,Yes
63,97233,754,302585,39,0.39,Self-Employed,3,2,62202,Yes,Yes
30,69818,716,341241,4,0.48,Salaried,3,2,88753,No,Yes
45,129910,623,775605,21,0.42,Business,4,1,505256,No,No
40,31429,470,462402,17,0.14,Salaried,3,2,747869,Yes,No
51,75748,573,363500,27,0.22,Self-Employed,5,1,307864,No,Yes
24,66807,751,921176,0,0.6,Business,3,0,429194,Yes,Yes
64,25140,424,818256,39,0.48,Self-Employed,4,2,200173,Yes,No
43,81226,682,138015,14,0.34,Business,0,4,296204,No,Yes
22,163973,616,834229,0,0.17,Business,3,2,362139,Yes,Yes
42,106815,406,274086,14,0.05,Contract,2,1,406041,No,Yes
57,46525,762,456138,28,0.25,Business,3,3,665575,No,Yes
28,38491,729,273687,7,0.09,Salaried,1,2,284081,No,Yes
27,217888,636,736126,1,0.36,Self-Employed,2,1,272731,Yes,Yes
34,184052,795,200859,14,0.58,Self-Employed,2,2,930089,No,Yes
23,244597,661,990041,0,0.24,Self-Employed,0,2,208623,No,Yes
36,26078,731,388063,13,0.6,Business,1,2,121138,Yes,Yes
39,109654,819,940286,12,0.51,Salaried,1,3,372572,No,Yes
38,147101,705,627322,11,0.13,Contract,1,1,727522,No,Yes
36,238593,676,671719,13,0.47,Contract,3,0,894663,Yes,Yes
28,197776,451,446423,5,0.15,Salaried,3,4,128732,Yes,Yes
53,34997,621,340378,29,0.48,Salaried,2,3,214599,Yes,No
32,228882,513,604856,6,0.14,Salaried,0,4,946917,No,Yes
31,149940,364,642921,6,0.31,Business,3,4,867135,Yes,Yes
25,175470,569,954198,5,0.42,Business,5,0,897830,No,No
47,230650,836,159582,22,0.08,Contract,5,2,798544,Yes,Yes
32,115356,399,891135,10,0.15,Salaried,3,0,792855,Yes,Yes
37,131711,404,691922,9,0.26,Salaried,0,4,860412,No,Yes
26,39246,430,758814,4,0.35,Self-Employed,1,3,692726,Yes,No
53,169633,688,412072,25,0.61,Contract,2,4,709892,Yes,Yes
25,165326,620,786864,1,0.17,Business,3,4,361604,No,Yes
48,52512,737,519901,19,0.28,Salaried,0,0,374257,No,Yes
34,249632,318,241703,7,0.36,Business,0,1,376732,Yes,Yes
25,238604,524,911685,0,0.24,Self-Employed,1,4,833019,Yes,Yes
53,243226,759,166170,25,0.46,Salaried,4,1,361998,No,Yes
61,226467,693,66642,35,0.22,Business,4,2,654200,No,Yes
39,75865,525,653464,10,0.55,Business,4,4,85401,No,No
42,172652,659,132373,22,0.38,Contract,4,0,750482,Yes,Yes
25,220031,729,321134,0,0.11,Business,3,2,531242,No,Yes
22,121393,314,757023,0,0.46,Business,5,3,470116,No,No
50,90144,845,54170,27,0.42,Business,5,4,589082,No,Yes
59,191557,713,205889,34,0.27,Business,0,0,580583,No,Yes
24,199693,654,972640,0,0.06,Self-Employed,5,4,838427,Yes,Yes
53,135363,756,707072,32,0.18,Business,5,0,205590,No,Yes
33,68665,830,303186,10,0.31,Contract,2,0,534278,No,Yes
40,219484,495,910119,13,0.18,Self-Employed,5,1,933305,Yes,Yes
27,199675,414,757839,4,0.43,Self-Employed,5,4,29295,No,No
35,170110,716,453689,6,0.51,Business,5,0,132761,No,Yes
43,111542,651,786199,20,0.61,Salaried,3,0,731724,No,Yes
34,119311,374,959808,11,0.47,Business,4,2,644431,No,No
43,245418,335,828083,14,0.5,Self-Employed,2,4,380971,No,Yes
39,32325,541,397175,11,0.45,Business,2,2,700585,Yes,No
49,184964,362,71625,28,0.69,Contract,5,1,971372,Yes,Yes
40,150825,808,194833,14,0.22,Contract,5,1,461418,Yes,Yes
49,244139,487,910886,27,0.22,Contract,4,0,307651,Yes,Yes
44,167068,392,838253,21,0.13,Business,2,0,319705,No,Yes
38,86811,304,674408,18,0.37,Business,3,0,617107,Yes,Yes
30,223355,737,229718,8,0.11,Self-Employed,1,4,663417,Yes,Yes
61,194283,465,295851,40,0.23,Self-Employed,3,4,310181,Yes,Yes
28,134737,745,610488,0,0.36,Self-Employed,3,3,954393,Yes,Yes
46,211892,324,920321,20,0.67,Salaried,1,0,869011,No,Yes
49,18824,807,229322,24,0.68,Contract,4,2,887190,Yes,No
30,162952,397,396448,10,0.53,Salaried,4,3,65486,No,No
37,135718,567,348591,10,0.3,Salaried,1,4,556033,No,Yes
22,84617,692,734544,0,0.61,Contract,5,4,390502,Yes,Yes
26,29517,584,492970,6,0.62,Salaried,3,0,601042,Yes,No
25,170755,408,460027,1,0.64,Business,0,2,182119,No,No
48,165948,326,207667,22,0.47,Contract,2,2,29822,No,Yes
61,121068,354,665856,40,0.18,Salaried,2,1,744692,No,Yes
25,205426,432,942934,0,0.11,Salaried,2,0,757421,Yes,Yes
38,222874,351,678855,11,0.64,Salaried,0,4,714872,No,Yes
46,225791,792,560338,19,0.09,Business,3,0,190339,No,Yes
40,235674,597,854189,11,0.24,Salaried,4,0,139867,No,Yes
61,133016,698,157136,32,0.37,Salaried,5,1,393764,Yes,Yes
47,227485,317,979458,20,0.06,Salaried,1,1,160959,Yes,Yes
32,27982,545,276401,7,0.64,Self-Employed,2,3,250106,No,No
27,223576,802,242421,2,0.24,Contract,5,0,399904,No,Yes
23,175670,388,743290,1,0.07,Salaried,0,4,303826,Yes,Yes
30,163711,502,666630,9,0.7,Salaried,5,1,859358,No,No
54,88210,539,138760,30,0.25,Contract,1,3,908403,Yes,Yes
45,87852,789,537988,17,0.62,Salaried,3,3,190703,No,Yes
55,131618,312,184883,32,0.34,Business,0,3,779544,No,Yes
36,27695,614,735728,12,0.48,Salaried,5,4,816311,Yes,No
22,66582,497,451853,0,0.21,Salaried,0,1,957953,Yes,Yes
44,49094,542,848565,19,0.38,Self-Employed,1,2,615567,Yes,No
30,209707,806,621274,7,0.22,Self-Employed,1,4,949221,Yes,Yes
58,40187,342,472087,35,0.67,Business,2,0,35571,Yes,No
42,136013,629,798467,15,0.09,Contract,3,2,554479,No,Yes
46,146721,728,557405,22,0.23,Business,1,4,161226,No,Yes
63,124683,461,501549,39,0.63,Contract,2,1,321108,Yes,Yes
59,19214,734,105508,31,0.36,Salaried,5,3,330633,Yes,Yes
47,41940,532,313545,24,0.44,Self-Employed,2,4,990975,Yes,No
49,62406,410,715364,23,0.47,Business,1,0,178643,No,No
58,240293,531,279921,34,0.1,Business,0,0,965311,No,Yes
40,192553,572,216373,12,0.06,Self-Employed,5,0,864716,Yes,Yes
47,165049,340,936745,20,0.66,Contract,0,2,86036,Yes,Yes
61,193911,765,536760,34,0.23,Salaried,0,3,75542,No,Yes
40,206946,376,186973,11,0.3,Contract,2,4,270554,No,Yes
64,76414,789,906053,35,0.49,Self-Employed,0,2,383606,No,Yes
39,119440,416,431817,17,0.2,Salaried,3,4,716437,Yes,Yes
40,174610,733,833266,12,0.53,Contract,0,1,524716,Yes,Yes
55,121569,318,754169,28,0.35,Salaried,5,1,745154,Yes,Yes
22,205313,495,700833,0,0.61,Self-Employed,5,4,943840,No,No
50,222573,750,917731,21,0.23,Salaried,0,2,798507,Yes,Yes
54,224205,724,632459,34,0.18,Business,2,0,735816,Yes,Yes
42,78481,693,322498,18,0.59,Self-Employed,5,2,388686,Yes,Yes
23,45740,583,280651,0,0.26,Business,4,2,858293,Yes,No
26,81328,333,633148,0,0.32,Salaried,3,4,942400,Yes,Yes
35,221177,594,845936,10,0.57,Contract,2,2,415995,No,Yes
47,199715,550,235392,18,0.46,Salaried,3,1,421403,No,No
30,29881,638,184595,6,0.34,Self-Employed,3,4,466364,No,No
29,54996,739,910675,1,0.21,Self-Employed,0,4,455797,Yes,Yes
53,181249,479,965322,28,0.55,Salaried,3,4,610786,No,No
52,140196,527,398847,30,0.17,Contract,0,2,570608,No,Yes
26,55177,322,477003,1,0.65,Self-Employed,3,3,825404,Yes,No
61,84126,626,927839,38,0.15,Salaried,5,0,570516,Yes,Yes
56,74531,453,598270,32,0.57,Contract,4,0,137040,Yes,No
22,44119,445,313193,0,0.33,Business,3,1,492210,Yes,No
49,135744,551,325525,21,0.17,Self-Employed,1,4,964530,Yes,Yes
24,134894,601,565477,2,0.31,Business,0,0,169598,No,Yes
21,176987,369,813113,1,0.19,Self-Employed,4,2,211838,Yes,Yes
39,151780,842,298038,18,0.14,Business,0,2,207877,Yes,Yes
46,187821,392,622678,19,0.21,Salaried,4,2,294451,No,Yes
45,62989,462,806649,22,0.61,Contract,0,1,411831,Yes,No
30,40106,380,324205,4,0.12,Salaried,1,4,258418,Yes,No
35,35131,362,121241,14,0.68,Salaried,5,0,229559,Yes,No
42,64553,735,886728,13,0.05,Salaried,1,4,471500,Yes,Yes
41,207216,347,467230,14,0.48,Self-Employed,4,4,400667,Yes,Yes
42,24553,744,832853,13,0.61,Business,2,2,967686,No,No
56,35881,373,638823,28,0.66,Self-Employed,0,0,850401,No,No
54,19379,841,411153,28,0.14,Self-Employed,2,1,750059,Yes,Yes
50,108791,456,901623,21,0.5,Contract,3,4,747036,No,No
45,123664,786,101576,25,0.12,Salaried,1,3,317613,Yes,Yes
65,87306,565,602435,40,0.28,Self-Employed,0,2,158007,Yes,Yes
48,168798,555,166622,20,0.53,Business,1,3,92832,Yes,Yes
21,158160,338,904452,0,0.27,Self-Employed,3,1,366424,No,Yes
65,183386,354,444961,39,0.25,Contract,5,1,322678,No,Yes
24,204113,327,465364,2,0.13,Contract,4,1,34981,No,No
27,122512,417,983720,3,0.09,Business,0,1,886087,Yes,Yes
29,34350,669,279155,9,0.12,Contract,0,0,229965,Yes,Yes
56,117599,508,91929,27,0.62,Salaried,0,3,911688,Yes,Yes
39,99397,615,112637,17,0.06,Salaried,4,2,485790,Yes,Yes
21,97509,692,555494,0,0.5,Contract,1,3,650348,Yes,Yes
30,35769,743,503207,7,0.55,Self-Employed,4,0,183431,No,No
56,196321,558,967292,30,0.42,Contract,5,4,93509,Yes,No
29,231934,497,203084,5,0.53,Business,1,1,500127,Yes,Yes
65,119584,744,902745,37,0.47,Salaried,5,4,675299,Yes,Yes
62,64365,604,59525,36,0.35,Salaried,0,1,276200,Yes,Yes
52,68185,638,551829,31,0.3,Self-Employed,4,2,462327,Yes,Yes
52,151858,828,179228,25,0.66,Business,5,1,727207,Yes,Yes
26,249609,353,617636,5,0.68,Salaried,3,1,334175,No,No
58,144525,411,110447,32,0.47,Salaried,4,4,496258,Yes,Yes
37,150692,718,160709,13,0.18,Business,1,4,168415,No,Yes
30,54303,604,806600,1,0.34,Self-Employed,0,4,730761,Yes,Yes
47,37589,737,136030,22,0.37,Contract,1,0,441512,Yes,Yes
55,20882,384,772241,32,0.54,Self-Employed,2,1,154510,No,No
41,211320,823,969545,17,0.48,Salaried,0,4,215741,No,Yes
45,198394,551,654154,21,0.38,Salaried,3,0,528838,Yes,Yes
48,147236,425,626114,22,0.49,Self-Employed,3,2,333439,Yes,Yes
35,173596,704,417952,12,0.07,Self-Employed,2,2,36496,Yes,Yes
24,27745,603,256355,0,0.55,Salaried,1,1,561345,Yes,No
49,33861,327,984577,26,0.19,Business,3,4,826250,No,No
29,109707,565,439893,6,0.48,Business,1,1,619457,Yes,Yes
47,240807,351,145822,20,0.12,Contract,0,1,329392,Yes,Yes
46,72261,810,340172,22,0.12,Salaried,4,1,554496,Yes,Yes
39,151909,506,466656,11,0.07,Salaried,0,0,864854,No,Yes
48,92135,810,607175,24,0.64,Contract,1,1,683509,Yes,Yes
37,230519,500,482153,10,0.44,Salaried,5,2,397564,No,No
63,72380,583,639333,40,0.29,Salaried,2,4,244331,No,Yes
61,104089,656,678424,35,0.56,Self-Employed,5,3,765686,Yes,Yes
62,123025,346,832795,40,0.46,Business,0,3,804267,Yes,Yes
40,198903,436,309797,16,0.45,Business,3,3,936879,Yes,Yes
65,238421,429,520998,40,0.37,Business,0,4,659815,No,Yes
60,187327,494,77428,33,0.06,Contract,0,1,226583,No,Yes
59,178592,663,182685,34,0.22,Self-Employed,0,4,41531,Yes,Yes
43,178613,731,884775,19,0.12,Salaried,2,4,440175,No,Yes
52,214844,368,647447,30,0.48,Business,1,0,383787,Yes,Yes
53,176422,757,151337,33,0.21,Business,2,4,981899,Yes,Yes
25,62397,839,503343,0,0.34,Self-Employed,3,0,891519,Yes,Yes
63,95085,634,364232,34,0.28,Salaried,1,2,706002,No,Yes
54,81865,825,252267,25,0.14,Contract,3,0,587158,No,Yes
60,73956,315,226095,31,0.67,Salaried,1,3,133903,No,Yes
31,176525,755,603941,4,0.66,Contract,1,0,965525,Yes,Yes
23,211417,809,520832,0,0.1,Contract,5,2,536812,Yes,Yes
53,118727,508,127512,25,0.59,Salaried,0,4,254268,Yes,Yes
31,161978,457,683410,5,0.37,Contract,0,3,913181,Yes,Yes
36,32988,636,307496,16,0.55,Business,2,0,602044,Yes,No
38,176795,540,590006,18,0.15,Self-Employed,1,1,318922,No,Yes
50,51800,357,649165,24,0.14,Business,3,4,379575,Yes,Yes
30,188179,604,628507,4,0.63,Contract,0,3,386402,Yes,Yes
38,176502,644,425644,10,0.63,Contract,5,3,250301,Yes,Yes
58,181607,313,235026,37,0.35,Self-Employed,3,0,362570,No,Yes
39,217548,658,983800,13,0.62,Self-Employed,5,4,235112,Yes,Yes
56,105329,676,600573,35,0.48,Business,0,4,998964,No,Yes
33,226870,542,364454,4,0.17,Self-Employed,1,1,293729,No,Yes
23,70284,444,436390,0,0.26,Self-Employed,3,1,687827,Yes,Yes
30,74232,714,981638,9,0.14,Contract,2,3,196358,Yes,Yes
58,62420,693,684833,34,0.55,Self-Employed,2,3,431440,No,Yes
21,55710,657,496858,0,0.69,Contract,2,2,107632,Yes,Yes
47,221569,457,832819,19,0.41,Salaried,0,3,556715,No,Yes
28,110035,317,931305,0,0.48,Salaried,0,1,912184,Yes,No
62,189570,646,705815,40,0.53,Salaried,2,0,671330,Yes,Yes
37,49283,357,647467,11,0.2,Contract,3,2,209776,Yes,No
29,215241,454,701473,0,0.27,Salaried,0,3,414238,Yes,Yes
26,221430,786,775516,0,0.32,Business,2,1,490492,Yes,Yes
63,211529,830,845299,40,0.44,Contract,0,2,798822,No,Yes
45,43968,786,862009,16,0.6,Business,4,0,129772,No,No
59,80508,450,734007,30,0.22,Contract,3,0,986550,Yes,Yes
48,212292,658,141007,28,0.36,Business,1,1,501981,No,Yes
53,131435,667,251707,32,0.54,Salaried,3,4,922349,Yes,Yes
57,103366,346,194959,32,0.11,Business,1,1,243665,Yes,Yes
29,23738,506,93314,0,0.38,Salaried,2,1,678647,Yes,Yes
38,21098,749,229275,17,0.14,Contract,0,1,820267,No,Yes
41,113424,782,50059,20,0.4,Salaried,2,4,686491,Yes,Yes
22,222705,442,455889,0,0.55,Self-Employed,5,3,864284,No,No
63,96672,699,498567,40,0.2,Self-Employed,1,3,71954,Yes,Yes
58,56244,396,138231,31,0.6,Salaried,4,0,614734,Yes,Yes
60,157325,346,514283,33,0.27,Self-Employed,1,3,767106,Yes,Yes
56,72333,490,249372,31,0.17,Self-Employed,0,1,287567,No,Yes
63,143349,439,433840,40,0.35,Self-Employed,4,3,533357,Yes,Yes
57,68969,530,838226,31,0.62,Self-Employed,0,4,492635,Yes,No
35,108744,639,312141,7,0.09,Business,4,3,960100,Yes,Yes
48,219495,790,962574,27,0.26,Self-Employed,0,1,717709,Yes,Yes
38,135286,348,322865,13,0.47,Contract,1,3,40529,Yes,Yes
54,193483,752,764646,28,0.28,Salaried,1,0,257473,No,Yes
42,93028,615,842118,22,0.1,Contract,1,3,506847,No,Yes
31,53421,621,931435,6,0.27,Self-Employed,1,0,560239,No,Yes
33,150526,386,808651,6,0.58,Contract,4,2,528875,No,No
24,166594,773,769623,0,0.68,Self-Employed,3,4,304856,Yes,Yes
42,56575,581,112722,21,0.08,Business,3,0,262405,Yes,Yes
27,21192,373,757933,6,0.42,Business,2,2,837024,No,No
63,129116,752,193960,40,0.12,Business,3,2,332680,No,Yes
44,204340,346,875780,20,0.49,Self-Employed,2,1,937799,Yes,Yes
24,145874,395,325677,0,0.06,Salaried,1,2,556929,Yes,Yes
48,99311,330,202988,27,0.06,Business,0,4,223714,No,Yes
35,159474,833,111422,9,0.55,Self-Employed,3,4,356630,Yes,Yes
21,227682,316,493741,0,0.1,Self-Employed,3,4,291507,Yes,Yes
23,98781,511,446769,2,0.25,Contract,1,4,558135,No,Yes
34,54527,534,954792,11,0.67,Self-Employed,1,1,250896,Yes,No
58,70181,691,844576,36,0.69,Contract,3,3,666553,No,Yes
21,109472,653,419722,0,0.15,Business,1,0,554931,Yes,Yes
58,176074,604,816103,34,0.41,Contract,3,1,590464,Yes,Yes
58,99219,849,141045,33,0.41,Self-Employed,0,1,48694,Yes,Yes
41,161532,839,769072,20,0.34,Contract,5,0,980616,No,Yes
49,137783,808,972941,20,0.65,Business,0,0,769936,Yes,Yes
25,179554,694,926515,0,0.54,Self-Employed,2,3,358911,No,Yes
30,165519,730,834946,2,0.55,Salaried,3,3,48615,No,Yes
48,197300,476,213590,21,0.23,Salaried,5,4,923598,No,Yes
41,101265,705,73830,21,0.33,Self-Employed,0,3,365913,Yes,Yes
27,68126,600,947013,0,0.37,Business,5,3,668250,Yes,No
23,38545,744,910717,0,0.24,Self-Employed,0,0,628341,No,Yes
65,73114,426,358697,40,0.11,Salaried,4,2,716389,Yes,Yes
40,111740,648,793245,20,0.13,Self-Employed,5,4,418375,Yes,Yes
39,224422,320,538041,14,0.17,Contract,0,4,24750,No,Yes
55,206873,719,973419,35,0.18,Contract,2,1,680976,Yes,Yes
24,31890,451,865127,0,0.21,Business,0,3,506168,No,No
25,139284,459,518486,4,0.22,Business,1,3,268309,No,Yes
21,70482,779,851135,0,0.35,Business,4,0,879298,Yes,Yes
24,212469,742,202550,0,0.38,Business,3,3,985039,No,Yes
32,150812,395,117918,9,0.25,Contract,2,1,705532,No,Yes
47,179193,651,342272,26,0.64,Salaried,5,0,595424,No,Yes
62,160290,374,627538,36,0.41,Business,5,4,794461,No,No
43,89591,658,272191,23,0.56,Business,0,3,170095,Yes,Yes
45,106241,432,682065,24,0.65,Salaried,3,3,395022,No,No
41,52722,699,349270,20,0.16,Business,0,1,909475,Yes,Yes
44,67431,438,680904,24,0.33,Salaried,4,1,943748,No,No
45,200615,545,621087,17,0.33,Business,3,0,828947,Yes,Yes
65,60000,590,275300,40,0.28,Business,1,4,463370,No,Yes
52,89975,411,501464,30,0.06,Business,5,1,526006,Yes,Yes
52,48921,469,345051,27,0.58,Contract,1,1,502590,Yes,No
25,117265,539,57644,0,0.12,Contract,5,4,645797,No,Yes
56,106747,636,346727,34,0.7,Contract,3,2,884844,No,No
62,179686,437,104560,39,0.55,Business,1,0,275001,Yes,Yes
62,210261,535,545821,33,0.43,Contract,2,2,523636,Yes,Yes
59,35601,302,422778,39,0.15,Contract,5,4,783580,Yes,No
36,111332,415,982689,11,0.39,Contract,4,3,735966,No,No
53,141254,771,679877,28,0.22,Self-Employed,2,0,922162,Yes,Yes
41,220615,430,354132,13,0.21,Contract,3,4,370600,No,Yes
29,169586,782,453662,8,0.59,Self-Employed,2,4,241026,No,Yes
26,232384,700,335306,2,0.3,Contract,5,0,489106,Yes,Yes
65,216684,500,195222,40,0.34,Business,4,2,896066,Yes,Yes
55,239958,591,145373,29,0.6,Business,4,3,319515,Yes,Yes
59,137004,641,560323,35,0.11,Business,5,2,523677,Yes,Yes
42,165364,515,569399,13,0.44,Self-Employed,3,1,727735,Yes,Yes
61,180582,665,610291,38,0.43,Business,5,2,367663,Yes,Yes
25,46000,768,101746,0,0.33,Salaried,2,1,36929,No,Yes
62,148439,717,116923,40,0.59,Contract,5,0,168787,Yes,Yes
43,137277,326,520961,16,0.66,Self-Employed,4,1,501804,No,No
37,48383,754,706343,13,0.35,Self-Employed,3,4,160046,Yes,Yes
32,160857,313,439454,9,0.35,Self-Employed,5,1,736495,Yes,Yes
43,58910,397,97114,15,0.38,Business,4,4,38695,Yes,Yes
36,188100,578,671975,15,0.52,Salaried,5,4,447258,Yes,Yes
23,173927,789,101274,1,0.48,Self-Employed,0,2,409998,No,Yes
50,42281,506,268411,23,0.19,Contract,0,3,431149,No,Yes
42,131838,532,855810,19,0.09,Contract,4,2,299776,Yes,Yes
29,22841,538,302816,1,0.67,Salaried,3,2,490018,No,No
49,115204,549,319692,20,0.22,Contract,0,4,243123,Yes,Yes
57,78155,605,613909,28,0.47,Salaried,4,3,743957,No,No
43,175990,762,822948,14,0.59,Contract,5,4,327569,No,Yes
33,74313,535,771671,4,0.25,Salaried,1,3,47606,No,No
52,129688,590,307870,24,0.46,Business,5,1,530571,No,No
43,166515,338,661189,14,0.12,Contract,2,4,343586,No,Yes
65,181322,482,801603,37,0.68,Contract,4,2,898237,Yes,Yes
37,150994,329,689711,17,0.09,Contract,0,4,886783,No,Yes
60,49976,687,826825,35,0.33,Business,4,0,804151,Yes,Yes
41,161063,442,139673,12,0.4,Business,5,0,34721,No,Yes
22,122405,718,989035,0,0.56,Self-Employed,3,0,788088,No,No
57,71744,373,330014,30,0.13,Self-Employed,0,2,543795,Yes,Yes
26,171805,354,95738,0,0.34,Salaried,3,2,245437,Yes,Yes
64,20473,323,117537,38,0.24,Self-Employed,3,0,40007,No,No
38,157180,321,291015,17,0.25,Contract,5,2,583747,No,Yes
50,46715,727,457972,27,0.56,Business,3,2,853573,No,No
42,181282,331,369851,22,0.05,Business,4,2,793159,Yes,Yes
53,55317,638,798759,27,0.54,Business,0,0,846468,No,No
50,83516,814,191118,27,0.58,Business,3,1,804229,Yes,Yes
37,182434,811,204724,9,0.64,Salaried,1,1,870785,Yes,Yes
63,72604,369,367173,38,0.46,Self-Employed,2,3,332067,Yes,Yes
52,22889,387,349100,27,0.27,Business,4,4,495604,Yes,No
62,238629,518,326030,34,0.33,Salaried,1,1,385296,Yes,Yes
34,91748,569,398425,7,0.68,Contract,0,3,243238,Yes,Yes
30,49971,377,416797,5,0.62,Self-Employed,2,1,328245,Yes,No
56,68551,309,999327,31,0.35,Salaried,3,0,64291,No,No
54,152273,767,220020,29,0.66,Business,1,3,618515,No,Yes
29,126957,635,980826,6,0.58,Business,1,0,138754,No,Yes
62,107882,485,778690,38,0.64,Business,3,0,738048,No,No
48,55958,845,685993,26,0.49,Contract,5,3,88437,Yes,Yes
31,228323,420,165431,3,0.61,Self-Employed,5,3,454612,No,No
34,23681,573,842594,13,0.63,Business,3,1,178325,No,No
59,119982,709,426371,33,0.11,Self-Employed,1,1,199118,No,Yes
39,64870,657,132293,19,0.68,Contract,0,4,591977,No,Yes
35,146396,397,711265,6,0.27,Salaried,4,1,889232,Yes,Yes
48,231328,540,537517,22,0.34,Self-Employed,0,3,181135,No,Yes
44,85203,413,430959,23,0.56,Salaried,0,1,475009,Yes,Yes
28,177224,786,700902,4,0.48,Self-Employed,4,3,832206,Yes,Yes
63,68061,540,160580,40,0.63,Business,0,4,488414,Yes,Yes
29,206691,455,369627,5,0.31,Business,2,3,12895,No,Yes
53,76235,651,612745,30,0.29,Salaried,3,4,296550,Yes,Yes
53,222812,343,659228,33,0.07,Self-Employed,1,4,435064,Yes,Yes
39,55890,611,982884,19,0.35,Contract,4,4,983525,Yes,Yes
23,108073,437,458724,0,0.52,Self-Employed,0,0,583365,Yes,Yes
30,79401,735,593964,8,0.25,Salaried,1,2,747988,No,Yes
60,29217,442,400940,31,0.35,Self-Employed,5,3,764858,Yes,No
62,66351,598,646721,34,0.19,Self-Employed,2,1,288788,Yes,Yes
21,51741,561,432170,0,0.55,Salaried,0,2,118485,Yes,No
49,169726,811,444780,20,0.09,Salaried,0,2,787537,Yes,Yes
54,210386,361,557854,26,0.51,Salaried,0,0,316953,Yes,Yes
33,19408,722,719230,13,0.3,Self-Employed,2,3,233093,Yes,Yes
21,60903,695,326363,0,0.08,Salaried,3,3,619443,Yes,Yes
54,233280,330,263049,34,0.6,Salaried,1,1,117757,Yes,Yes
49,125042,629,463096,29,0.37,Contract,0,0,35250,No,Yes
33,150290,468,170082,5,0.44,Contract,5,2,262844,No,No
49,199644,565,453595,25,0.53,Contract,0,3,140582,No,Yes
59,207870,607,759654,39,0.48,Salaried,2,0,775629,Yes,Yes
44,140189,758,52948,22,0.53,Salaried,2,4,199742,Yes,Yes
46,127268,484,562377,20,0.55,Contract,1,3,459423,No,Yes
37,48105,633,610190,16,0.43,Business,1,2,565172,Yes,No
27,87634,814,264579,4,0.29,Business,5,4,526514,Yes,Yes
33,135426,740,58969,12,0.21,Contract,0,4,696631,No,Yes
25,214135,690,637093,0,0.64,Contract,5,4,633882,No,Yes
46,156691,553,332790,18,0.68,Business,5,2,600898,Yes,Yes
23,161011,634,241638,0,0.28,Contract,5,0,245228,No,Yes
27,36226,699,105818,1,0.12,Salaried,0,3,296063,Yes,Yes
59,43322,465,506667,38,0.19,Contract,0,0,881789,Yes,No
21,135504,559,577966,0,0.49,Self-Employed,0,2,271578,No,No
37,76215,303,570775,10,0.16,Business,0,1,985085,No,Yes
63,165950,418,814404,40,0.56,Salaried,5,3,840799,No,No
45,155632,769,667343,18,0.65,Business,2,3,138344,No,Yes
23,187350,769,689974,0,0.68,Contract,3,1,502465,No,Yes
35,185284,792,173439,12,0.06,Business,1,4,262226,No,Yes
49,112835,799,966827,20,0.67,Contract,2,3,100818,No,Yes
63,91079,369,168189,40,0.53,Salaried,4,3,854864,Yes,Yes
52,41946,669,840446,30,0.1,Salaried,4,3,132891,Yes,Yes
46,180812,480,710467,17,0.32,Business,4,2,373434,Yes,Yes
36,128733,304,553390,15,0.51,Salaried,1,1,770812,Yes,Yes
45,25253,496,939064,22,0.67,Business,0,3,550461,No,No
48,97311,346,611711,26,0.16,Business,4,1,687215,Yes,Yes
29,50813,439,694303,5,0.13,Business,4,4,196133,Yes,Yes
21,213403,839,172308,0,0.36,Business,3,3,89179,Yes,Yes
49,176704,726,416068,21,0.68,Self-Employed,2,0,856725,Yes,Yes
42,66365,609,157416,18,0.68,Self-Employed,5,0,140597,Yes,Yes
36,85593,573,868764,9,0.2,Contract,1,0,583606,Yes,Yes
61,182503,838,417452,40,0.26,Salaried,1,0,380405,Yes,Yes
64,186508,689,477226,39,0.64,Self-Employed,3,2,664779,Yes,Yes
61,167485,758,401079,34,0.53,Self-Employed,4,4,598392,No,Yes
27,244833,660,307572,0,0.68,Salaried,5,3,54628,Yes,Yes
34,56485,368,314805,11,0.63,Business,5,4,254925,Yes,Yes
49,217304,730,185870,26,0.19,Self-Employed,3,0,766827,No,Yes
39,129504,331,771436,13,0.54,Self-Employed,0,4,964335,Yes,Yes
39,34101,812,465545,16,0.08,Self-Employed,4,4,643498,No,Yes
22,26831,481,761420,0,0.58,Self-Employed,5,2,683584,Yes,No
61,233655,547,862282,40,0.44,Business,1,0,940672,No,Yes
65,69897,596,265777,40,0.67,Salaried,5,1,48414,Yes,Yes
35,23004,329,572845,6,0.67,Self-Employed,2,4,943664,Yes,No
23,237313,601,299246,0,0.08,Self-Employed,3,4,817007,Yes,Yes
31,63924,775,184229,2,0.15,Self-Employed,5,0,710641,No,Yes
50,170581,651,873917,21,0.36,Self-Employed,5,2,480515,No,Yes
60,55170,781,972840,39,0.62,Salaried,5,3,408965,No,Yes
38,61555,616,429075,13,0.58,Business,3,0,66518,Yes,Yes
22,163734,696,536370,0,0.68,Contract,1,3,104860,No,Yes
52,136115,388,616568,25,0.45,Salaried,5,1,805316,Yes,Yes
28,122216,533,233217,8,0.22,Self-Employed,5,3,876470,Yes,Yes
42,83930,467,953211,16,0.07,Contract,4,4,796353,Yes,Yes
26,196475,425,163032,0,0.19,Self-Employed,4,2,562901,No,Yes
32,54365,419,391434,4,0.49,Salaried,4,1,508802,Yes,Yes
60,80188,727,579497,37,0.65,Business,5,2,557720,Yes,Yes
56,225132,489,635690,30,0.26,Contract,5,2,666489,Yes,Yes
35,116633,727,261098,10,0.62,Contract,5,3,236169,Yes,Yes
48,175745,501,57645,25,0.31,Business,2,2,909075,Yes,Yes
65,81471,358,350652,36,0.25,Business,2,1,122884,Yes,Yes
38,166228,522,676746,11,0.38,Contract,4,2,857837,Yes,Yes
22,75287,791,572349,0,0.34,Contract,2,1,917099,No,Yes
33,150717,310,894254,6,0.64,Contract,3,4,722468,No,No
65,77076,811,413113,40,0.35,Contract,5,4,615323,Yes,Yes
35,243657,609,187090,12,0.23,Business,4,3,437084,No,Yes
40,134475,333,494124,18,0.6,Salaried,2,0,443021,No,Yes
49,224423,639,207446,20,0.7,Salaried,5,4,85825,Yes,Yes
62,68151,780,973217,36,0.47,Business,5,0,727452,Yes,Yes
49,85384,392,161375,23,0.21,Salaried,3,1,473539,No,Yes
23,117865,432,298880,0,0.21,Salaried,3,0,905990,Yes,Yes
39,51541,718,407752,17,0.09,Self-Employed,2,2,759018,Yes,Yes
23,90847,767,301365,0,0.1,Salaried,4,1,796779,No,Yes
34,236171,743,146856,13,0.64,Contract,4,2,643809,No,Yes
60,229811,329,536315,38,0.11,Salaried,2,0,835828,Yes,Yes
24,68955,597,425775,4,0.36,Business,2,2,190431,No,Yes
31,158362,360,265570,5,0.5,Salaried,0,1,351620,Yes,Yes
51,249426,757,837458,30,0.6,Business,3,2,713124,Yes,Yes
63,208014,603,644297,34,0.16,Contract,4,0,181190,Yes,Yes
52,231739,639,251275,25,0.33,Self-Employed,1,2,797977,Yes,Yes
47,179215,747,756466,19,0.21,Self-Employed,3,2,195293,No,Yes
50,173581,601,798785,29,0.22,Salaried,5,3,977286,No,Yes
63,105780,839,665964,38,0.25,Salaried,4,1,872299,Yes,Yes
22,185813,784,394650,2,0.43,Business,5,3,586156,No,Yes
29,175970,376,262549,2,0.06,Self-Employed,0,0,973694,Yes,Yes
48,117919,814,833954,24,0.32,Contract,3,4,774298,Yes,Yes
51,130854,848,144564,23,0.17,Business,3,0,664365,No,Yes
54,234746,391,345596,32,0.68,Salaried,5,0,447927,Yes,Yes
35,212020,765,839700,14,0.43,Self-Employed,4,0,660714,Yes,Yes
45,79768,765,655017,19,0.61,Salaried,1,0,640960,Yes,Yes
56,61262,339,143602,30,0.18,Self-Employed,2,3,730514,Yes,Yes
28,154578,628,443874,0,0.58,Business,1,0,581904,No,No
29,38605,584,84064,5,0.32,Contract,5,2,390191,No,No
57,96590,365,739653,31,0.17,Contract,0,0,249188,Yes,Yes
65,46231,408,617330,40,0.54,Contract,3,4,67473,No,No
59,97397,714,941886,31,0.55,Contract,5,1,312793,No,Yes
52,95123,391,188864,30,0.7,Contract,5,3,307617,Yes,Yes
37,31515,667,449820,14,0.56,Salaried,4,3,63382,Yes,No
55,105211,722,228893,27,0.14,Salaried,3,3,600596,Yes,Yes
57,187694,539,88557,28,0.26,Contract,2,3,227500,No,Yes
39,34600,734,57420,12,0.34,Self-Employed,1,0,304851,Yes,Yes
64,176964,511,743881,35,0.13,Business,1,4,525629,Yes,Yes
49,232351,699,305023,24,0.56,Self-Employed,0,0,877511,Yes,Yes
27,87310,825,819208,5,0.39,Self-Employed,4,1,268050,No,Yes
48,170873,767,859450,20,0.66,Contract,2,1,376732,No,Yes
29,186767,469,699488,1,0.43,Self-Employed,5,0,576338,No,No
48,177925,509,113076,23,0.39,Salaried,2,0,346967,No,Yes
26,153501,555,579396,5,0.1,Business,4,0,898497,Yes,Yes
49,153678,372,666974,23,0.15,Business,0,4,912019,No,Yes
37,153550,446,907215,9,0.6,Business,5,3,899257,No,No
36,132380,639,648225,8,0.69,Self-Employed,2,1,305499,Yes,Yes
43,232888,616,984511,21,0.32,Business,0,1,984103,No,Yes
51,189206,453,715357,30,0.58,Business,4,3,529525,No,No
23,219035,554,317405,0,0.46,Salaried,4,3,170018,Yes,No
41,129780,650,250876,12,0.67,Contract,4,1,226822,No,Yes
46,219969,846,383664,20,0.2,Contract,2,1,336755,Yes,Yes
56,174547,611,561653,34,0.4,Salaried,4,4,770802,No,Yes
62,84177,433,595214,39,0.32,Salaried,2,1,321377,No,Yes
57,170802,428,540614,28,0.4,Contract,0,0,883255,No,Yes
42,170185,735,803354,21,0.22,Self-Employed,3,0,735751,Yes,Yes
62,169083,579,246618,33,0.37,Salaried,0,3,169358,Yes,Yes
32,73746,657,460360,11,0.46,Business,2,3,320527,Yes,Yes
62,141075,551,993407,36,0.1,Salaried,1,0,487985,Yes,Yes
33,191925,434,309831,12,0.53,Self-Employed,1,3,861672,Yes,Yes
31,103195,822,706537,11,0.51,Salaried,5,0,833931,No,Yes
36,54818,618,535698,13,0.62,Business,3,4,697110,Yes,No
28,186393,379,635240,3,0.33,Salaried,4,3,184154,No,Yes
60,39309,490,452384,31,0.09,Salaried,0,2,996661,Yes,No
60,167760,752,953612,31,0.35,Salaried,0,1,453282,Yes,Yes
65,46176,643,969893,40,0.14,Contract,2,0,388594,Yes,No
22,86879,329,842796,2,0.47,Contract,5,1,147004,No,No
50,85592,713,703421,30,0.08,Self-Employed,3,1,839075,No,Yes
50,102728,667,601321,22,0.29,Contract,4,3,86250,No,Yes
32,238084,801,98545,12,0.1,Self-Employed,3,1,708072,Yes,Yes
30,158488,320,61865,4,0.05,Contract,1,2,413319,Yes,Yes
64,189066,848,68936,38,0.67,Self-Employed,5,3,677612,No,Yes
31,215494,545,834136,11,0.7,Self-Employed,3,0,557364,No,No
35,26584,582,652151,15,0.41,Self-Employed,4,1,278318,No,No
36,142555,531,934220,11,0.21,Salaried,5,1,247806,Yes,Yes
37,111302,615,674902,10,0.64,Salaried,4,4,359737,No,No
46,140408,635,446957,20,0.65,Self-Employed,0,0,515093,Yes,Yes
22,36830,710,942021,0,0.61,Self-Employed,0,4,28029,Yes,No
32,234897,544,925969,3,0.4,Salaried,4,0,479972,Yes,Yes
46,95066,686,709199,24,0.1,Business,0,1,732912,Yes,Yes
43,21591,657,942317,17,0.11,Salaried,0,1,213465,Yes,Yes
38,111878,321,331283,13,0.63,Self-Employed,0,2,77579,Yes,Yes
52,143407,318,796294,25,0.62,Salaried,4,3,188773,No,No
58,134869,586,889181,35,0.33,Contract,0,2,657646,No,Yes
23,39395,575,337180,0,0.26,Self-Employed,1,0,76740,Yes,No
58,203254,371,939973,38,0.47,Salaried,5,0,328346,Yes,Yes
23,34738,664,226344,0,0.57,Contract,4,0,755845,No,No
50,151703,634,969244,22,0.53,Salaried,3,0,162936,Yes,Yes
21,166977,498,265116,0,0.45,Salaried,5,3,991491,No,No
50,37056,316,108788,30,0.2,Business,2,1,741365,No,Yes
65,139656,517,81611,36,0.22,Salaried,5,2,130079,Yes,Yes
52,133316,446,776187,30,0.52,Salaried,2,1,162997,No,Yes
48,238154,509,736469,22,0.57,Business,1,4,786076,Yes,Yes
41,184519,713,593769,13,0.13,Salaried,4,2,510110,Yes,Yes
33,72418,629,841679,13,0.17,Business,3,0,877345,Yes,Yes
47,55190,651,758981,22,0.49,Contract,4,0,99487,Yes,Yes
56,44014,462,550365,35,0.3,Business,3,4,79800,Yes,No
27,222071,400,988887,3,0.42,Contract,3,2,535361,Yes,Yes
42,199350,626,337463,16,0.45,Business,4,3,843641,Yes,Yes
30,143563,626,744694,4,0.55,Contract,5,3,783227,No,No
59,19780,454,73728,30,0.57,Salaried,0,0,776148,No,No
35,240715,309,935588,9,0.23,Contract,2,0,619498,Yes,Yes
35,208330,652,473658,12,0.4,Contract,0,0,17873,No,Yes
24,246195,482,661134,0,0.13,Self-Employed,2,4,665400,Yes,Yes
52,60192,754,878953,23,0.6,Contract,0,4,214145,Yes,Yes
43,208372,305,376921,18,0.6,Salaried,4,1,535943,No,No
26,122875,632,193209,0,0.24,Self-Employed,4,4,457002,No,Yes
44,239576,632,748996,16,0.15,Self-Employed,3,2,807370,No,Yes
40,117129,557,458121,15,0.1,Business,1,4,191568,No,Yes
57,61923,510,661597,28,0.42,Contract,4,2,254094,Yes,No
40,107196,350,866456,20,0.11,Business,2,3,593821,No,Yes
32,20395,744,508182,5,0.49,Business,3,1,797362,No,No
53,120449,676,854134,32,0.49,Contract,2,4,417830,No,Yes
48,139747,785,197577,26,0.45,Business,0,3,560378,Yes,Yes
28,246456,350,775150,4,0.62,Salaried,1,2,888106,No,Yes
21,164851,453,180225,0,0.3,Salaried,4,1,235713,No,Yes
57,89028,609,897503,31,0.64,Contract,0,3,261928,Yes,No
42,178794,698,835735,19,0.07,Contract,3,2,52849,No,Yes
26,156183,433,295615,4,0.12,Self-Employed,2,1,126917,No,Yes
41,159056,519,189570,13,0.32,Contract,5,0,68032,Yes,Yes
52,246624,462,127710,29,0.44,Contract,1,4,480874,No,Yes
55,111176,801,108456,27,0.07,Salaried,4,0,280306,No,Yes
35,221400,414,276030,7,0.42,Salaried,2,0,78948,Yes,Yes
25,44924,798,210805,3,0.25,Contract,4,0,946038,No,Yes
26,201775,771,292254,4,0.63,Self-Employed,4,3,838290,No,Yes
45,50577,448,678568,18,0.4,Salaried,2,0,512254,Yes,Yes
60,156783,540,893590,40,0.43,Salaried,4,0,231507,Yes,Yes
49,103548,422,959657,24,0.66,Business,3,3,114248,Yes,No
27,248941,368,966731,2,0.55,Contract,1,4,594462,Yes,Yes
60,143093,362,578199,32,0.33,Business,0,1,865746,No,Yes
33,153168,315,230177,12,0.36,Contract,1,1,261995,No,Yes
58,84555,689,123876,31,0.47,Self-Employed,0,4,278802,Yes,Yes
38,107848,557,788319,12,0.18,Business,3,3,139148,Yes,Yes
22,224084,516,217744,1,0.11,Salaried,1,0,932611,Yes,Yes
28,26254,778,906844,8,0.25,Contract,3,1,189729,Yes,Yes
31,143410,413,247311,8,0.56,Contract,2,4,862845,Yes,Yes
53,247027,679,375948,32,0.22,Business,0,4,278980,No,Yes
58,226192,536,636015,36,0.13,Business,2,0,626712,No,Yes
47,155037,775,546990,26,0.19,Self-Employed,2,4,652686,Yes,Yes
40,226072,428,318584,12,0.49,Salaried,1,3,780382,Yes,Yes
32,227047,809,802833,9,0.45,Self-Employed,4,3,425847,Yes,Yes
63,207059,464,510776,40,0.5,Salaried,4,1,503383,Yes,Yes
51,121025,576,983255,24,0.26,Salaried,3,2,671415,Yes,Yes
47,148509,556,193802,24,0.64,Contract,1,4,671943,No,Yes
52,50963,431,114792,23,0.34,Salaried,2,3,917021,Yes,Yes
30,243048,556,726740,3,0.38,Business,5,0,915573,No,Yes
23,21273,440,865404,0,0.67,Contract,3,0,509388,No,No
65,33330,508,900817,37,0.69,Self-Employed,2,2,726556,No,No
47,170566,818,695545,18,0.48,Salaried,3,2,263926,No,Yes
55,94422,350,742473,29,0.66,Contract,5,2,63166,No,No
51,140089,802,191221,28,0.4,Business,0,0,500825,Yes,Yes
35,21212,558,629302,14,0.25,Self-Employed,3,4,305531,Yes,No
36,232513,477,88402,11,0.25,Contract,3,3,378349,No,Yes
33,105594,842,833021,10,0.41,Contract,2,0,150676,Yes,Yes
55,150152,655,962111,30,0.44,Business,4,3,605285,Yes,Yes
31,50675,617,657205,4,0.34,Business,2,2,252530,No,Yes
41,40007,663,492773,19,0.62,Salaried,1,1,682004,Yes,Yes
31,131805,354,410039,11,0.33,Self-Employed,2,4,628233,No,Yes
50,100641,455,290416,26,0.23,Contract,5,2,741531,Yes,Yes
55,113815,343,705603,33,0.06,Business,4,2,976562,Yes,Yes
42,64815,841,696943,17,0.68,Business,1,3,12644,No,Yes
58,101482,621,183486,36,0.59,Contract,5,0,489641,Yes,Yes
51,18639,313,184928,31,0.45,Business,4,1,48272,Yes,No
34,81593,656,646087,6,0.59,Business,1,4,685568,No,Yes
44,96038,782,294561,20,0.58,Salaried,2,1,229273,No,Yes
52,111899,658,524551,31,0.66,Contract,4,2,138254,Yes,Yes
56,21736,617,696914,35,0.3,Salaried,5,1,22709,No,No
52,34473,374,704839,24,0.41,Self-Employed,5,4,993191,Yes,No
35,146771,493,633237,15,0.11,Business,4,2,377731,No,Yes
63,143801,662,615680,34,0.68,Salaried,5,4,344558,Yes,Yes
55,183091,395,193542,33,0.69,Contract,5,1,343548,No,No
23,125598,339,719132,0,0.56,Self-Employed,0,2,181862,Yes,Yes
36,104623,696,732742,10,0.35,Self-Employed,0,2,345700,Yes,Yes
25,243097,406,542661,5,0.37,Salaried,3,4,873489,Yes,Yes
41,54820,316,397088,20,0.33,Salaried,0,0,935044,Yes,Yes
30,233933,826,698340,5,0.24,Business,4,2,642414,No,Yes
39,75589,798,523615,11,0.39,Salaried,3,4,844939,Yes,Yes
45,214879,824,718944,17,0.08,Salaried,2,4,773521,Yes,Yes
24,36414,342,728751,0,0.69,Salaried,3,4,193453,Yes,No
49,145378,649,397520,27,0.33,Self-Employed,5,0,865192,Yes,Yes
39,42220,329,534423,18,0.65,Contract,1,3,295040,No,No
63,78531,740,940560,40,0.52,Salaried,3,2,245090,Yes,Yes
22,128002,841,62097,0,0.24,Self-Employed,0,1,311245,No,Yes
30,191497,754,429684,6,0.19,Self-Employed,2,4,815629,Yes,Yes
63,27387,393,199911,40,0.7,Salaried,1,1,805904,Yes,No
45,94815,594,172202,16,0.55,Self-Employed,3,4,664180,Yes,Yes
40,45584,848,553635,11,0.21,Business,2,4,816363,Yes,Yes
39,62783,388,264382,15,0.09,Contract,0,2,347086,No,Yes
43,188881,802,874125,21,0.5,Business,2,0,450275,Yes,Yes
44,203399,513,364132,16,0.25,Contract,2,0,502730,No,Yes
31,142494,721,99769,11,0.19,Self-Employed,1,1,748927,Yes,Yes
54,133814,825,699764,34,0.53,Salaried,4,3,95301,No,Yes
48,148752,491,701554,26,0.49,Salaried,0,0,467668,No,Yes
25,159929,523,183541,0,0.36,Self-Employed,1,0,291014,Yes,Yes
25,191333,686,455684,4,0.66,Salaried,1,3,193901,Yes,Yes
41,91588,773,544222,21,0.49,Self-Employed,1,0,607974,Yes,Yes
32,166067,502,744385,5,0.63,Business,4,2,388153,Yes,Yes
24,31580,746,178237,0,0.17,Self-Employed,4,2,703210,No,Yes
62,36240,367,446381,34,0.24,Self-Employed,3,1,737860,No,No
40,101446,391,894035,11,0.12,Business,3,1,10233,No,No
58,224824,477,257978,38,0.25,Business,0,1,963408,Yes,Yes
45,122533,302,93251,23,0.68,Self-Employed,5,2,652696,No,No
34,195183,402,359670,10,0.68,Business,0,1,122753,Yes,Yes
31,239519,572,677022,5,0.54,Contract,4,1,267222,Yes,Yes
52,183938,833,943974,23,0.39,Business,4,2,823106,No,Yes
31,98974,415,285368,8,0.56,Salaried,4,3,699369,Yes,Yes
38,91401,763,603230,13,0.41,Business,1,1,350341,No,Yes
47,231165,403,619305,27,0.05,Business,4,0,881439,Yes,Yes
38,161283,558,110555,15,0.38,Self-Employed,1,2,926916,No,Yes
43,208057,607,737569,16,0.44,Business,1,3,149077,No,Yes
31,182340,666,351509,7,0.22,Contract,0,0,34765,Yes,Yes
41,21646,601,968911,14,0.18,Self-Employed,2,0,974329,Yes,No
64,204443,326,507297,40,0.23,Contract,3,4,171828,No,Yes
25,60816,807,75976,0,0.46,Salaried,3,3,147660,Yes,Yes
43,107460,826,91969,15,0.14,Self-Employed,0,4,551368,Yes,Yes
61,62112,664,481541,38,0.52,Self-Employed,0,2,141244,No,Yes
45,69048,597,827047,17,0.32,Salaried,4,3,644187,No,No
61,203983,660,499957,34,0.28,Salaried,4,4,916327,Yes,Yes
30,224518,803,589803,3,0.57,Contract,4,2,784781,No,Yes
42,150850,329,479390,21,0.38,Business,1,1,394784,No,Yes
39,63752,738,973204,17,0.3,Self-Employed,1,0,932877,No,Yes
21,234049,639,123663,0,0.62,Self-Employed,4,2,804488,Yes,No
27,88726,425,889811,0,0.29,Contract,1,3,284817,No,No
24,229912,665,339535,2,0.61,Self-Employed,0,0,545006,No,Yes
21,176361,742,257348,0,0.38,Salaried,4,0,504372,Yes,Yes
35,62788,562,379225,11,0.19,Self-Employed,3,2,348869,Yes,Yes
60,22747,521,794587,34,0.45,Business,3,1,63161,No,No
32,223894,301,369428,9,0.24,Salaried,5,2,413740,Yes,Yes
42,18045,693,132054,15,0.15,Contract,1,4,970320,Yes,Yes
42,244350,605,767566,19,0.11,Contract,3,4,555515,Yes,Yes
37,25758,445,937595,13,0.21,Self-Employed,4,4,59357,Yes,No
49,143076,829,405734,29,0.53,Salaried,3,3,657542,No,Yes
34,172509,827,128593,5,0.59,Salaried,0,2,932535,Yes,Yes
40,168657,607,109485,13,0.61,Salaried,1,0,898944,Yes,Yes
53,247831,639,346176,27,0.23,Self-Employed,3,3,829978,Yes,Yes
63,158926,651,592444,39,0.48,Self-Employed,1,4,217801,Yes,Yes
35,201148,508,623604,10,0.2,Contract,0,3,148463,No,Yes
32,74950,504,947348,12,0.45,Business,3,0,825379,No,No
60,166421,314,229859,33,0.63,Salaried,5,3,947665,Yes,Yes
40,245300,727,950313,12,0.08,Self-Employed,4,1,75950,No,Yes
50,170420,775,143099,26,0.69,Self-Employed,2,4,326804,Yes,Yes
58,183368,597,746939,29,0.59,Business,3,2,479343,No,No
23,37455,393,238646,0,0.55,Self-Employed,0,4,885569,Yes,No
48,227896,406,253333,19,0.5,Self-Employed,5,4,524952,No,No
46,203093,718,696729,23,0.55,Self-Employed,5,2,987960,No,Yes
50,220995,577,792578,25,0.7,Salaried,2,2,963854,Yes,Yes
33,249897,427,929695,12,0.55,Business,5,0,34073,Yes,No
33,188365,758,305329,10,0.28,Contract,3,0,970500,Yes,Yes
22,248502,337,941550,0,0.45,Business,1,1,586180,No,No
57,106552,497,109235,29,0.27,Business,0,3,326259,Yes,Yes
58,64116,656,365048,30,0.68,Contract,3,3,778176,No,Yes
22,138461,306,918153,0,0.64,Contract,0,3,164009,No,No
56,58484,631,479956,33,0.42,Self-Employed,4,4,179067,Yes,No
46,179287,818,954352,21,0.56,Self-Employed,2,4,697682,Yes,Yes
31,99638,493,647418,5,0.64,Self-Employed,2,2,773939,Yes,Yes
28,152476,615,230626,8,0.21,Salaried,4,1,794790,No,Yes
64,186332,300,712559,40,0.43,Salaried,2,1,438381,Yes,Yes
60,118647,361,482248,37,0.36,Business,2,3,258998,No,Yes
63,83642,642,524626,40,0.55,Salaried,5,2,606282,Yes,Yes
42,229803,317,971984,13,0.3,Salaried,4,3,548902,No,Yes
40,64009,670,735795,17,0.51,Contract,1,4,146106,Yes,Yes
28,241761,534,735480,0,0.31,Self-Employed,5,2,477555,Yes,Yes
49,146824,368,777515,28,0.12,Contract,2,3,234024,Yes,Yes
60,47605,746,52607,37,0.12,Self-Employed,1,1,985187,No,Yes
46,128879,307,386260,20,0.13,Business,0,0,47947,No,Yes
50,202277,761,266396,29,0.07,Contract,0,4,337781,Yes,Yes
37,186641,610,465242,10,0.4,Self-Employed,2,3,994736,No,Yes
40,138827,433,830013,11,0.49,Contract,0,2,174000,Yes,Yes
36,23580,684,329317,13,0.13,Contract,4,2,959221,No,Yes
63,132902,355,608550,35,0.45,Self-Employed,2,3,132560,No,Yes
27,23400,659,621444,7,0.44,Salaried,4,1,369214,Yes,No
36,188715,413,253318,10,0.15,Contract,1,3,356656,Yes,Yes
65,245257,387,149124,40,0.31,Business,3,4,701493,No,Yes
47,114032,437,694116,18,0.54,Salaried,3,2,609191,Yes,Yes
43,145319,407,300898,15,0.06,Contract,5,4,251096,No,Yes
44,235245,799,652052,15,0.15,Business,2,0,896110,No,Yes
29,124960,834,440999,0,0.7,Business,4,1,694901,No,Yes
55,57015,443,534807,35,0.53,Self-Employed,3,3,787008,No,No
40,89713,355,429201,18,0.35,Salaried,2,3,452331,No,Yes
57,221877,305,114314,31,0.46,Salaried,5,1,899297,No,No
62,164046,841,539904,40,0.6,Self-Employed,3,2,150345,No,Yes
37,163109,746,463665,13,0.6,Contract,5,3,583145,Yes,Yes
51,233364,684,405386,26,0.26,Contract,3,1,533123,Yes,Yes
28,165239,606,311270,6,0.37,Business,0,3,800880,Yes,Yes
35,106754,601,80466,10,0.46,Business,2,2,56010,Yes,Yes
51,239775,704,166151,28,0.1,Business,5,1,589192,No,Yes
50,61148,809,428739,25,0.66,Business,5,2,881388,No,Yes
40,221225,372,400265,15,0.33,Self-Employed,3,3,988336,No,Yes
59,170606,564,552777,36,0.29,Contract,5,1,97334,No,Yes
32,240067,526,74279,12,0.64,Business,2,0,188733,Yes,Yes
37,140790,492,323981,15,0.13,Salaried,0,3,873726,Yes,Yes
62,104078,673,598497,33,0.08,Business,2,1,807093,No,Yes
50,74879,309,586508,24,0.5,Business,0,0,52134,Yes,Yes
49,137894,601,709325,28,0.3,Contract,3,1,640809,No,Yes
39,83839,658,816702,16,0.55,Business,5,4,335424,Yes,Yes
31,47756,351,747636,6,0.09,Self-Employed,5,4,510304,No,No
54,161755,398,295941,30,0.3,Contract,3,1,925045,Yes,Yes
27,198557,312,154304,2,0.2,Contract,3,1,999804,No,Yes
64,247303,689,208302,40,0.53,Business,0,4,467342,No,Yes
54,160097,656,270237,26,0.2,Self-Employed,1,3,86394,Yes,Yes
40,235498,310,616208,19,0.35,Contract,0,4,296546,Yes,Yes
58,167787,380,770525,35,0.58,Salaried,0,4,736185,No,Yes
44,219169,560,373688,24,0.65,Business,5,4,78733,Yes,Yes
30,247455,305,702548,4,0.52,Contract,4,2,868650,Yes,Yes
52,110943,757,437678,32,0.33,Business,3,3,726929,Yes,Yes
35,236188,672,143406,10,0.42,Salaried,3,2,89475,No,Yes
57,224777,780,395053,28,0.5,Business,4,3,506775,Yes,Yes
40,166188,521,406835,11,0.62,Business,5,2,344670,No,No
23,54744,380,551437,0,0.63,Self-Employed,1,2,493708,Yes,No
57,142697,814,949390,36,0.66,Self-Employed,2,1,356252,Yes,Yes
60,236651,359,935442,40,0.58,Salaried,3,4,108394,Yes,Yes
28,134072,520,73036,0,0.15,Self-Employed,3,1,53669,No,Yes
60,151196,648,701283,38,0.54,Contract,0,1,198278,Yes,Yes
64,187123,527,377466,39,0.58,Self-Employed,1,1,65342,Yes,Yes
43,25176,589,54847,17,0.62,Contract,1,0,989246,Yes,No
60,109310,592,529466,33,0.65,Salaried,5,3,801104,No,No
31,213890,492,625060,8,0.38,Salaried,1,1,104404,No,Yes
28,167748,773,325037,1,0.48,Business,1,1,243806,Yes,Yes
49,63177,556,972153,23,0.06,Contract,4,0,89221,Yes,No
50,239368,805,473787,23,0.42,Business,0,0,365065,Yes,Yes
30,128623,687,585901,6,0.36,Business,5,4,380989,No,Yes
59,18997,697,548116,30,0.68,Business,4,1,662549,No,No
48,208402,665,628121,22,0.64,Contract,4,3,878229,Yes,Yes
56,192841,589,112423,33,0.57,Self-Employed,2,1,525670,Yes,Yes
33,138179,608,926396,13,0.09,Contract,0,4,196931,Yes,Yes
52,227725,577,168268,30,0.31,Self-Employed,1,1,82708,No,Yes
56,138403,763,424386,27,0.5,Contract,5,0,127461,No,Yes
57,160303,488,746742,29,0.07,Salaried,0,0,447800,No,Yes
46,113287,477,573453,23,0.2,Salaried,1,4,534179,Yes,Yes
42,137574,827,561919,18,0.63,Self-Employed,2,4,492707,No,Yes
24,222048,674,757708,2,0.13,Business,3,0,516534,Yes,Yes
51,139509,753,662357,26,0.08,Business,4,0,737069,No,Yes
38,103447,516,234777,15,0.43,Business,2,1,11583,No,No
58,127522,341,125642,34,0.67,Business,4,4,203232,No,No
44,205037,493,568697,18,0.59,Contract,5,1,157131,Yes,Yes
43,99144,626,267002,17,0.68,Salaried,1,0,409994,No,Yes
42,244273,672,521029,14,0.54,Contract,5,3,669606,No,Yes
22,210589,764,236889,1,0.33,Contract,1,4,550007,Yes,Yes
51,110693,462,393128,28,0.67,Contract,2,1,537291,No,Yes
31,112315,575,390813,4,0.33,Self-Employed,3,4,986561,No,Yes
48,244576,663,251254,25,0.28,Salaried,3,3,668291,Yes,Yes
52,45387,779,719068,30,0.34,Self-Employed,4,2,971548,Yes,Yes
25,22090,759,711450,0,0.58,Business,1,0,548733,Yes,No
58,138846,564,233974,33,0.65,Salaried,1,3,677619,Yes,Yes
30,174017,838,666458,8,0.28,Self-Employed,3,2,232953,Yes,Yes
60,58239,685,666045,39,0.35,Self-Employed,1,1,665305,No,Yes
44,21743,384,423232,16,0.63,Contract,5,3,72501,No,No
55,48924,615,552799,33,0.08,Self-Employed,1,2,377398,Yes,No
64,159268,542,130928,40,0.56,Self-Employed,2,3,504950,Yes,Yes
43,148160,768,486968,15,0.35,Business,3,2,654547,Yes,Yes
37,109815,641,937272,13,0.29,Business,3,1,579746,No,No
21,123312,476,987147,0,0.34,Self-Employed,5,1,152003,Yes,No
51,86860,429,220719,30,0.32,Self-Employed,5,1,518328,No,Yes
51,190472,382,770442,31,0.54,Self-Employed,0,1,458633,Yes,Yes
62,234249,659,785689,37,0.65,Contract,5,1,405290,Yes,Yes
62,242090,387,278402,38,0.37,Contract,3,2,856742,No,Yes
54,247602,831,778334,25,0.59,Contract,3,1,703630,Yes,Yes
29,98399,770,658719,4,0.53,Business,5,3,573535,Yes,Yes
42,66795,797,985978,21,0.26,Salaried,0,3,357554,No,Yes
33,69553,806,742762,7,0.43,Contract,1,1,555156,Yes,Yes
45,121976,653,263559,25,0.48,Contract,1,3,62823,No,Yes
38,173183,715,984008,11,0.07,Self-Employed,4,1,243348,Yes,Yes
32,131566,350,318912,6,0.31,Contract,1,3,575340,No,Yes
60,212155,362,517259,34,0.7,Salaried,3,4,32789,No,No
37,137968,388,950093,12,0.46,Business,4,0,669496,Yes,Yes
35,79600,489,538562,6,0.27,Contract,4,3,771640,No,Yes
62,68022,647,968124,38,0.21,Business,5,3,368069,Yes,Yes
35,152271,837,201519,7,0.19,Contract,5,0,574651,No,Yes
35,68897,475,541973,13,0.31,Business,1,4,252415,Yes,Yes
59,56038,663,593406,31,0.18,Business,4,0,962367,No,Yes
33,141323,782,437695,9,0.14,Contract,0,3,754868,No,Yes
37,204110,418,767411,10,0.29,Contract,4,1,780652,No,Yes
52,138278,468,489815,30,0.44,Business,2,4,217103,No,Yes
29,129054,446,771854,3,0.15,Salaried,0,3,847850,Yes,Yes
60,25897,736,60200,31,0.08,Salaried,3,1,224434,Yes,Yes
40,82541,738,800214,17,0.07,Salaried,1,1,241525,Yes,Yes
46,124968,488,673354,22,0.22,Salaried,1,4,425719,Yes,Yes
47,32892,459,108704,24,0.17,Contract,5,3,324735,Yes,Yes
41,157343,701,365631,13,0.4,Self-Employed,2,2,958525,No,Yes
38,42815,317,949805,12,0.35,Business,1,1,603481,No,No
33,63612,439,751825,8,0.26,Salaried,3,0,510725,No,No
36,182429,414,866272,11,0.59,Salaried,4,2,299827,No,No
29,224160,627,531656,0,0.38,Self-Employed,1,0,24214,No,Yes
32,34267,524,68435,6,0.11,Self-Employed,3,4,185388,Yes,Yes
64,36268,738,97897,40,0.24,Contract,5,1,382431,No,Yes
58,132463,849,171677,29,0.68,Business,0,1,147792,No,Yes
39,163335,685,540823,17,0.69,Business,3,4,137291,No,Yes
27,220007,820,812052,5,0.22,Self-Employed,5,1,522367,Yes,Yes
55,113347,552,507092,29,0.16,Self-Employed,2,2,832562,Yes,Yes
38,208732,397,795087,9,0.37,Self-Employed,3,2,985086,Yes,Yes
36,214599,370,230484,16,0.36,Contract,1,4,666056,Yes,Yes
59,212451,850,515498,36,0.32,Business,4,3,339756,No,Yes
24,112542,746,340628,0,0.39,Self-Employed,3,1,362037,No,Yes
45,190343,389,481874,18,0.2,Salaried,2,2,784348,No,Yes
52,84612,729,973557,29,0.12,Business,0,0,740611,Yes,Yes
60,156307,518,439213,40,0.42,Business,2,1,28663,Yes,Yes
33,106757,406,441692,9,0.66,Salaried,5,2,195227,Yes,Yes
65,165489,775,498467,40,0.14,Salaried,0,2,942694,No,Yes
37,116075,753,183617,9,0.51,Business,3,2,704893,No,Yes
57,52609,843,309249,30,0.33,Business,4,3,39263,Yes,Yes
26,120785,425,785343,0,0.24,Self-Employed,2,4,454089,Yes,Yes
39,182974,446,145495,15,0.6,Contract,4,3,142941,No,No
33,41645,579,127213,10,0.35,Contract,5,0,755807,Yes,Yes
46,211945,323,844992,20,0.43,Self-Employed,3,0,213141,Yes,Yes
34,236290,419,243447,12,0.34,Salaried,4,4,54579,Yes,Yes
51,213630,596,709022,24,0.1,Salaried,4,4,831299,No,Yes
24,80233,381,426185,0,0.44,Salaried,2,2,95847,No,No
59,129443,747,783951,35,0.32,Salaried,3,0,150658,Yes,Yes
28,172473,769,875929,8,0.11,Self-Employed,4,2,996906,Yes,Yes
45,25771,722,626894,16,0.44,Business,0,4,114984,Yes,Yes
33,190407,844,898544,6,0.06,Self-Employed,1,0,456631,Yes,Yes
52,223523,323,914766,26,0.19,Salaried,0,2,848587,No,Yes
58,228506,360,906776,38,0.56,Self-Employed,5,1,63020,Yes,No
58,216521,383,844480,35,0.07,Contract,4,1,247918,Yes,Yes
48,120601,524,390787,25,0.47,Contract,3,2,930066,Yes,Yes
50,241676,485,711880,22,0.67,Salaried,0,3,420252,Yes,Yes
23,151014,674,984432,0,0.16,Self-Employed,3,2,222291,Yes,Yes
48,169460,371,466717,27,0.32,Contract,5,0,192271,No,Yes
23,143224,373,496967,0,0.42,Business,0,4,880831,No,No
65,101251,640,479407,36,0.34,Salaried,3,2,379614,Yes,Yes
54,75042,452,865908,32,0.45,Self-Employed,4,0,84555,Yes,No
36,71740,395,300565,7,0.31,Salaried,2,0,669457,Yes,Yes
42,214945,744,994452,18,0.15,Contract,0,1,271454,No,Yes
52,65024,409,709843,26,0.11,Business,5,2,518869,No,No
58,172522,757,368267,34,0.53,Contract,3,3,487038,Yes,Yes
28,74965,350,947263,4,0.21,Salaried,0,3,677404,Yes,Yes
28,28057,676,89887,5,0.6,Business,3,4,676146,Yes,Yes
26,242321,372,264089,0,0.53,Self-Employed,3,4,883266,Yes,No
34,26983,511,830318,9,0.08,Contract,2,1,968187,Yes,No
52,148469,731,781614,23,0.18,Business,3,2,503675,Yes,Yes
55,37995,467,524125,30,0.24,Salaried,0,4,47488,Yes,No
30,132587,630,925212,5,0.44,Self-Employed,5,2,593735,Yes,Yes
23,240700,793,940171,0,0.58,Salaried,4,3,759607,No,Yes
32,226753,442,291731,12,0.09,Salaried,5,0,878856,Yes,Yes
51,56886,744,111055,26,0.21,Self-Employed,1,3,96988,No,Yes
49,107025,693,274237,26,0.29,Business,3,1,395722,No,Yes
25,245644,811,998761,4,0.17,Business,1,2,640795,No,Yes
45,113149,627,68327,20,0.4,Self-Employed,4,0,921119,Yes,Yes
61,112020,558,412167,40,0.36,Self-Employed,5,0,964292,No,Yes
51,20673,736,514520,31,0.26,Salaried,1,1,133114,No,Yes
41,183962,648,205938,17,0.39,Salaried,3,0,349571,No,Yes
40,95513,814,750009,15,0.28,Contract,0,2,822328,No,Yes
59,41466,748,452382,38,0.27,Self-Employed,5,3,509698,Yes,Yes
42,110545,698,146279,13,0.22,Contract,5,2,301731,Yes,Yes
24,68406,513,263406,0,0.4,Self-Employed,2,4,491703,No,Yes
33,152760,845,321186,10,0.34,Contract,5,0,339276,No,Yes
65,87284,588,565009,40,0.18,Salaried,3,0,442076,Yes,Yes
62,132579,558,193041,33,0.06,Salaried,3,2,251185,No,Yes
40,31665,557,757240,16,0.15,Business,2,1,798754,No,No
33,38641,687,122739,4,0.08,Contract,2,2,121788,Yes,Yes
37,181572,844,375732,14,0.33,Self-Employed,5,3,653674,Yes,Yes
56,53797,564,447857,32,0.2,Contract,2,1,213804,Yes,Yes
53,233838,612,602824,24,0.32,Salaried,2,0,508194,Yes,Yes
21,63950,339,326690,0,0.26,Business,2,0,390650,Yes,Yes
35,174118,509,951861,8,0.4,Contract,3,1,594887,No,Yes
33,147554,571,981606,8,0.52,Salaried,1,1,476458,No,Yes
37,120339,435,411039,10,0.36,Self-Employed,0,1,663953,Yes,Yes
44,131431,359,542269,20,0.09,Business,3,0,823479,Yes,Yes
28,158710,809,412667,2,0.06,Salaried,4,0,992630,No,Yes
47,235435,814,845461,18,0.19,Self-Employed,5,0,317648,Yes,Yes
65,39173,314,752905,39,0.33,Contract,3,0,670557,Yes,No
43,162294,554,978826,18,0.08,Self-Employed,5,0,586007,Yes,Yes
28,199136,834,291049,0,0.26,Self-Employed,3,2,286192,No,Yes
28,186082,534,943461,5,0.63,Self-Employed,1,2,581358,No,Yes
46,36095,430,431292,21,0.11,Business,5,2,101037,No,No
33,141554,316,324798,5,0.67,Salaried,2,1,444840,No,Yes
59,150511,484,630951,36,0.61,Salaried,5,0,696640,Yes,Yes
57,143614,690,240759,32,0.59,Self-Employed,4,2,24068,Yes,Yes
48,234622,722,712868,23,0.61,Contract,1,1,70983,Yes,Yes
45,154447,741,822701,23,0.1,Contract,0,3,258675,Yes,Yes
36,107023,311,228931,13,0.15,Salaried,4,4,532853,No,Yes
22,125181,819,281946,0,0.14,Contract,4,3,635984,Yes,Yes
38,240310,379,596420,16,0.12,Self-Employed,1,3,226350,No,Yes
37,38600,601,377944,8,0.26,Salaried,4,4,852978,Yes,No
50,20466,515,561499,27,0.59,Salaried,3,1,206923,No,No
59,194169,547,459241,36,0.21,Contract,3,4,670692,Yes,Yes
33,127934,840,948085,8,0.21,Salaried,2,1,214449,Yes,Yes
52,71276,571,691010,29,0.49,Business,1,3,265632,No,No
49,199189,432,430034,24,0.11,Self-Employed,3,4,532312,Yes,Yes
50,196043,304,287949,29,0.28,Business,4,3,897836,Yes,Yes
38,24928,841,258096,15,0.24,Salaried,4,4,918487,No,Yes
33,237088,440,813022,12,0.6,Contract,3,4,982498,Yes,Yes
63,73309,782,552190,36,0.38,Business,1,0,890110,Yes,Yes
41,223719,604,957317,13,0.47,Business,1,2,978325,Yes,Yes
50,189960,644,904039,24,0.13,Business,0,2,881767,Yes,Yes
41,244097,569,206042,16,0.65,Contract,1,3,867213,Yes,Yes
37,192904,407,359880,10,0.26,Contract,5,3,978197,Yes,Yes
60,134196,773,785350,37,0.51,Salaried,5,3,516983,Yes,Yes
39,27404,381,844272,10,0.67,Contract,5,0,395666,No,No
35,182711,383,866086,14,0.38,Business,3,0,549742,Yes,Yes
29,227190,589,389529,6,0.38,Salaried,0,3,14254,Yes,Yes
30,209670,370,495624,6,0.13,Contract,4,0,937307,Yes,Yes
64,215471,474,267011,36,0.3,Self-Employed,3,4,664003,No,Yes
51,131187,762,257039,27,0.6,Contract,2,4,817047,Yes,Yes
43,128449,694,203514,15,0.14,Contract,2,4,356346,No,Yes
50,45684,390,770603,22,0.65,Salaried,1,2,752138,Yes,No
53,86591,768,187702,26,0.48,Salaried,0,4,886825,Yes,Yes
29,137821,733,490952,5,0.32,Salaried,0,2,116894,Yes,Yes
21,226794,548,587296,0,0.41,Self-Employed,4,4,446684,No,No
64,20682,540,752847,40,0.15,Self-Employed,1,3,671687,Yes,No
55,129186,795,380539,35,0.19,Contract,0,2,129381,Yes,Yes
31,187118,639,707753,4,0.24,Contract,3,0,806793,No,Yes
54,39832,770,537896,33,0.3,Salaried,4,2,517774,Yes,Yes
36,34997,762,499187,10,0.65,Salaried,0,1,196508,Yes,Yes
29,52640,574,129627,8,0.29,Self-Employed,2,2,758077,No,Yes
52,225954,314,793351,28,0.39,Self-Employed,2,4,437189,Yes,Yes
35,58491,340,412498,6,0.16,Salaried,0,4,16920,Yes,Yes
32,81043,507,118657,6,0.53,Contract,5,4,868455,No,No
53,130175,359,911084,28,0.41,Self-Employed,5,0,197650,Yes,Yes
65,146568,664,382651,40,0.34,Salaried,2,3,479910,Yes,Yes
34,132250,539,966439,9,0.67,Salaried,3,2,767771,Yes,Yes
28,90725,459,176162,7,0.63,Salaried,4,0,618808,Yes,Yes
28,146131,696,341788,0,0.48,Self-Employed,3,1,293051,Yes,Yes
47,63520,799,532831,27,0.65,Contract,2,2,767433,No,Yes
32,80919,508,537079,12,0.42,Self-Employed,0,4,436506,No,Yes
21,127869,432,86122,0,0.59,Contract,0,0,22946,No,No
63,82442,680,545994,40,0.32,Self-Employed,4,0,803018,Yes,Yes
60,170842,732,970901,38,0.11,Salaried,2,2,472920,No,Yes
62,123246,688,235641,34,0.7,Salaried,2,0,809908,Yes,Yes
31,196570,731,954888,6,0.16,Business,2,0,54169,Yes,Yes
59,127687,573,809945,36,0.21,Salaried,1,0,615512,No,Yes
63,141447,650,652236,40,0.16,Contract,0,2,639792,No,Yes
51,79477,433,102133,25,0.27,Salaried,2,4,818652,No,Yes
37,18244,365,98519,12,0.24,Business,4,0,505763,Yes,Yes
53,181860,504,645345,32,0.44,Salaried,5,0,837307,Yes,Yes
52,244413,597,79151,24,0.7,Salaried,1,3,112730,No,Yes
49,97453,416,446688,28,0.08,Self-Employed,2,1,521720,No,Yes
41,206809,566,363913,14,0.56,Contract,0,3,467052,Yes,Yes
41,195561,448,186553,18,0.13,Business,5,4,77182,No,Yes
60,145962,493,482193,31,0.06,Self-Employed,1,3,364939,Yes,Yes
43,89303,478,987387,23,0.47,Business,3,2,541724,No,No
26,46390,447,794275,6,0.62,Salaried,4,3,226187,Yes,No
42,28247,764,74265,14,0.16,Business,0,2,803323,No,Yes
58,218123,304,364888,35,0.27,Self-Employed,3,3,952910,Yes,Yes
57,208791,825,419071,37,0.16,Salaried,0,3,965021,No,Yes
65,183750,579,957174,40,0.64,Self-Employed,4,1,579032,No,No
28,236874,798,335800,6,0.23,Contract,2,2,374597,No,Yes
61,225358,735,583592,35,0.34,Contract,3,4,639161,No,Yes
55,47583,515,398760,30,0.63,Contract,3,0,774837,No,No
31,157148,814,95911,4,0.41,Business,1,4,579426,Yes,Yes
44,167078,436,93013,18,0.66,Contract,2,3,766329,Yes,Yes
41,164123,579,652269,21,0.65,Business,4,4,122238,Yes,Yes
22,153386,431,614602,0,0.35,Business,5,3,723076,Yes,Yes
60,46670,692,859289,32,0.43,Self-Employed,1,3,298253,Yes,Yes
39,249829,780,209966,16,0.2,Salaried,3,0,16983,Yes,Yes
59,216623,812,822497,37,0.69,Salaried,0,1,543329,Yes,Yes
48,142920,718,247152,24,0.23,Self-Employed,4,1,386033,No,Yes
37,28236,501,89420,10,0.56,Contract,1,0,538675,Yes,No
26,53568,761,524804,6,0.25,Self-Employed,5,4,449304,No,Yes
39,209386,501,171015,18,0.25,Self-Employed,2,2,938463,Yes,Yes
58,125327,451,602022,32,0.12,Salaried,5,0,141844,Yes,Yes
48,128188,521,806292,28,0.41,Business,0,3,624130,Yes,Yes
22,240975,378,610507,0,0.21,Self-Employed,1,1,745886,Yes,Yes
58,34352,499,288105,29,0.15,Self-Employed,4,1,74407,Yes,No
57,143721,398,116972,30,0.2,Business,0,4,178446,Yes,Yes
24,194722,512,697063,0,0.21,Salaried,1,2,543567,Yes,Yes
42,159418,442,367957,20,0.38,Contract,1,0,393470,No,Yes
46,174228,688,454223,20,0.3,Self-Employed,5,3,150267,No,Yes
63,73904,673,209413,40,0.1,Contract,4,3,785215,No,Yes
56,163107,351,277622,32,0.4,Contract,2,2,770746,Yes,Yes
33,140141,434,544582,7,0.56,Self-Employed,0,4,793526,Yes,Yes
52,34108,710,254159,31,0.42,Contract,5,2,828840,No,Yes
37,20853,769,915081,8,0.68,Self-Employed,1,4,443871,Yes,Yes
61,102156,411,753791,38,0.11,Business,5,4,265977,Yes,Yes
56,22176,824,677003,35,0.58,Business,5,0,903269,No,No
39,118459,343,841273,13,0.38,Business,5,0,427137,No,Yes
55,174992,696,787998,33,0.39,Business,4,3,180703,No,Yes
60,203922,560,546716,32,0.39,Salaried,1,1,582640,Yes,Yes
48,155901,844,921079,23,0.26,Business,4,4,634516,Yes,Yes
21,141225,687,388773,1,0.26,Self-Employed,4,3,485579,Yes,Yes
62,249262,775,909514,33,0.46,Self-Employed,1,1,425094,Yes,Yes
38,239738,709,107804,11,0.08,Self-Employed,5,3,915478,No,Yes
60,136458,315,278407,34,0.43,Contract,5,4,237473,No,No
53,128893,401,626294,33,0.52,Self-Employed,4,1,970639,Yes,Yes
32,91927,485,464800,10,0.28,Salaried,0,2,610837,No,Yes
28,233932,324,561971,6,0.19,Salaried,5,0,201088,Yes,Yes
44,136178,371,436726,22,0.19,Salaried,4,0,436251,Yes,Yes
36,58667,317,503807,10,0.1,Salaried,2,1,435323,No,Yes
24,214914,631,835176,0,0.11,Salaried,2,1,968112,Yes,Yes
58,184915,396,986865,37,0.16,Salaried,4,4,814321,No,Yes
64,199880,311,916452,40,0.06,Business,0,1,718372,Yes,Yes
47,179615,310,753231,22,0.22,Salaried,5,0,474889,No,Yes
29,221852,462,704616,8,0.25,Contract,3,4,153033,Yes,Yes
36,24611,582,294056,16,0.7,Salaried,3,3,834529,Yes,No
32,106242,540,588389,9,0.69,Self-Employed,0,0,385757,No,Yes
51,102612,344,807144,28,0.17,Self-Employed,2,2,861497,No,Yes
44,64902,554,63261,21,0.19,Contract,4,4,54253,No,Yes
34,51043,366,194281,14,0.37,Salaried,1,2,122941,Yes,Yes
65,154343,341,602935,40,0.15,Business,4,1,945170,Yes,Yes
45,90867,683,189293,19,0.38,Business,4,3,76612,Yes,Yes
54,95089,533,491049,31,0.31,Business,3,1,465741,Yes,Yes
23,76745,784,397557,2,0.26,Business,4,0,35484,No,Yes
44,245948,338,599845,17,0.58,Salaried,3,3,523842,No,No
62,211149,310,803894,40,0.59,Contract,1,0,47348,No,No
29,208191,708,450742,1,0.69,Business,4,3,31906,No,Yes
46,160645,407,153585,22,0.2,Salaried,0,2,251082,Yes,Yes
40,170481,393,706611,19,0.63,Salaried,4,0,986189,Yes,Yes
60,103970,383,606876,37,0.4,Salaried,5,0,78004,Yes,Yes
30,42464,357,759852,8,0.43,Salaried,5,1,756188,No,No
39,191912,592,581177,13,0.63,Salaried,0,4,443550,Yes,Yes
23,197857,315,948120,0,0.66,Self-Employed,3,0,545641,No,No
44,136523,776,947422,16,0.52,Salaried,4,3,434517,Yes,Yes
25,38662,464,297723,2,0.28,Salaried,3,1,894314,Yes,No
23,36228,736,865578,1,0.37,Salaried,0,4,307739,No,Yes
47,78721,702,102318,21,0.45,Self-Employed,3,0,869631,Yes,Yes
36,198295,685,572121,11,0.59,Self-Employed,2,2,329832,No,Yes
35,156458,437,543298,11,0.48,Contract,5,1,157889,Yes,Yes
55,24862,830,516804,26,0.29,Contract,0,2,661791,Yes,Yes
32,58108,592,541300,6,0.32,Salaried,3,3,405629,No,No
61,109788,774,611926,37,0.08,Business,4,1,830623,Yes,Yes
64,224095,761,51147,36,0.65,Salaried,3,1,49106,No,Yes
46,98140,672,970351,23,0.11,Contract,1,1,82693,No,Yes
54,232035,461,571715,34,0.43,Business,0,4,796209,No,Yes
43,176273,343,660058,14,0.62,Business,3,4,379623,Yes,Yes
51,86578,382,372479,27,0.32,Contract,5,0,897017,No,Yes
40,67966,838,114347,20,0.57,Salaried,2,2,613949,No,Yes
32,203846,818,542483,12,0.57,Contract,5,0,471398,No,Yes
43,28386,710,953262,23,0.09,Business,1,2,440143,Yes,Yes
24,95228,640,993580,4,0.32,Self-Employed,0,0,375021,Yes,Yes
43,164297,388,473968,16,0.5,Salaried,1,1,897728,No,Yes
21,165765,529,503749,0,0.32,Contract,4,1,398500,Yes,Yes
45,90197,317,852435,17,0.4,Contract,2,2,161504,No,Yes
22,61021,580,254026,0,0.44,Contract,4,1,531809,No,No
50,136915,721,329854,28,0.15,Self-Employed,5,0,440318,Yes,Yes
23,167333,637,902089,0,0.32,Self-Employed,5,4,587675,No,Yes
41,176450,565,798669,18,0.07,Salaried,3,3,958175,Yes,Yes
45,135174,654,264174,19,0.15,Salaried,1,0,930101,Yes,Yes
40,104755,659,162286,18,0.38,Salaried,4,2,930909,Yes,Yes
42,161009,516,542314,18,0.42,Contract,3,1,495466,No,No
41,84330,620,289192,18,0.15,Self-Employed,2,3,136097,Yes,Yes
53,196438,511,594943,28,0.54,Salaried,5,3,265571,No,No
58,90322,502,451699,30,0.29,Self-Employed,4,1,813490,No,Yes
35,120318,452,90094,11,0.65,Business,1,0,124640,No,Yes
35,189232,728,222522,15,0.3,Salaried,4,1,243811,No,Yes
45,63313,586,822856,21,0.15,Self-Employed,2,4,496597,No,Yes
41,45032,620,168116,17,0.54,Salaried,3,2,169193,Yes,No
44,241035,735,730569,16,0.42,Self-Employed,4,1,207062,No,Yes
25,166430,795,96316,0,0.3,Self-Employed,4,0,240757,Yes,Yes
26,79710,448,823547,2,0.28,Contract,5,4,297563,Yes,No
63,113326,841,592844,39,0.15,Business,0,4,371744,No,Yes
64,104157,781,733322,40,0.27,Salaried,3,0,749220,No,Yes
43,197893,625,458854,15,0.07,Self-Employed,5,2,695556,Yes,Yes
24,46365,328,875186,1,0.38,Salaried,0,3,481109,Yes,No
47,31189,558,676499,21,0.63,Self-Employed,0,4,235070,No,No
38,225821,374,267691,9,0.57,Business,5,0,185012,No,No
41,25248,797,515833,16,0.07,Self-Employed,2,4,844520,Yes,Yes
48,22369,715,628664,24,0.62,Self-Employed,2,3,376389,No,No
55,212835,639,980857,31,0.34,Salaried,1,0,912926,Yes,Yes
42,157122,607,921820,16,0.17,Business,5,4,724634,No,Yes
60,46605,540,514512,39,0.54,Self-Employed,3,0,764696,Yes,No
43,67616,552,325915,15,0.26,Salaried,3,0,991699,Yes,Yes
23,203551,519,378170,2,0.21,Self-Employed,2,3,957202,Yes,Yes
60,121719,696,439684,32,0.15,Salaried,2,0,174108,No,Yes
30,230006,635,447479,7,0.37,Business,0,2,926831,No,Yes
45,189955,328,450985,16,0.11,Contract,2,4,234261,Yes,Yes
28,51055,793,730694,0,0.56,Business,4,1,551056,Yes,Yes
31,217803,801,526333,6,0.36,Salaried,3,2,605177,No,Yes
25,240059,453,979139,5,0.34,Business,1,2,801428,Yes,Yes
65,134680,530,377254,40,0.05,Salaried,0,0,830801,No,Yes
57,25450,401,707264,32,0.58,Salaried,4,2,690917,Yes,No
65,151997,476,120805,37,0.37,Business,2,2,479087,No,Yes
58,229123,531,80968,30,0.34,Contract,1,2,523522,No,Yes
49,68272,311,51650,21,0.54,Business,2,0,270719,No,Yes
25,23310,485,324611,3,0.09,Salaried,5,2,968588,Yes,No
29,49817,565,151495,6,0.29,Contract,4,1,894221,Yes,Yes
22,242016,434,148331,0,0.42,Salaried,5,2,766264,Yes,No
21,193600,330,227972,0,0.35,Contract,5,0,692929,No,Yes
60,204851,755,793540,39,0.17,Business,1,0,127104,Yes,Yes
50,233888,558,871950,23,0.24,Business,5,3,933654,No,Yes
31,100641,403,511631,5,0.25,Salaried,2,3,823332,No,Yes
48,233155,730,840789,20,0.69,Contract,4,1,751300,Yes,Yes
64,225382,681,930269,40,0.26,Salaried,4,4,657059,Yes,Yes
32,33457,768,323009,11,0.18,Contract,1,3,870352,Yes,Yes
59,60311,812,164559,35,0.58,Salaried,5,2,470959,No,Yes
46,153052,506,904800,25,0.32,Business,5,0,248055,No,Yes
33,169958,746,413557,9,0.34,Self-Employed,4,3,308591,Yes,Yes
28,226184,388,831836,0,0.41,Salaried,2,0,266979,Yes,Yes
48,199949,494,635327,22,0.44,Self-Employed,1,2,802009,Yes,Yes
50,141573,713,289028,24,0.43,Business,5,0,800774,No,Yes
29,115427,421,573912,9,0.07,Self-Employed,5,0,440085,No,Yes
59,54181,761,933371,31,0.58,Contract,0,3,403768,No,Yes
51,182334,415,514510,26,0.18,Self-Employed,4,0,978736,Yes,Yes
41,150019,495,446137,15,0.24,Salaried,2,2,17113,Yes,Yes
54,149094,335,411881,33,0.16,Self-Employed,1,1,269736,Yes,Yes
51,19128,366,54428,31,0.55,Contract,5,0,896039,No,No
45,97522,580,516863,22,0.43,Business,0,0,718190,Yes,Yes
32,181394,778,299296,4,0.54,Contract,0,2,261868,Yes,Yes
21,66929,310,138783,0,0.47,Salaried,3,4,54939,Yes,No
42,99696,621,821229,20,0.12,Contract,5,2,946938,Yes,Yes
60,133245,539,163823,40,0.25,Self-Employed,3,3,566964,Yes,Yes
57,27808,359,888989,36,0.38,Self-Employed,5,3,842242,Yes,No
21,113148,464,408127,0,0.25,Contract,1,1,679801,No,Yes
21,201954,488,164039,0,0.18,Self-Employed,4,0,912065,Yes,Yes
62,39725,786,455582,40,0.62,Self-Employed,5,1,228632,Yes,No
62,90534,391,883355,34,0.54,Salaried,2,1,378220,No,No
41,57950,588,735924,21,0.27,Salaried,4,0,473938,No,No
35,238026,808,430746,6,0.55,Salaried,2,0,845587,No,Yes
37,101576,374,816148,14,0.46,Business,2,2,694085,Yes,No
42,38557,727,387655,18,0.05,Business,3,1,99428,Yes,Yes
58,39825,684,692698,31,0.3,Salaried,3,1,48021,Yes,Yes
55,26998,352,816177,31,0.24,Contract,4,3,718033,Yes,No
65,54080,474,708002,40,0.19,Contract,1,1,317108,No,Yes
36,206869,773,418025,13,0.21,Contract,2,2,293603,Yes,Yes
28,164874,660,719209,0,0.66,Salaried,3,4,362300,No,Yes
37,160239,569,938447,10,0.37,Business,1,1,170992,Yes,Yes
37,249700,706,462560,9,0.6,Self-Employed,3,2,980381,Yes,Yes
46,60407,423,857646,20,0.19,Contract,2,2,488035,No,Yes
33,138283,675,743586,7,0.16,Salaried,0,4,217018,Yes,Yes
37,31338,691,272763,13,0.63,Salaried,3,2,370897,No,No
58,94289,481,559523,29,0.37,Self-Employed,1,3,755838,Yes,Yes
37,220592,335,203594,17,0.63,Business,4,4,643734,Yes,Yes
34,167967,511,306918,9,0.09,Business,4,3,10310,Yes,Yes
65,196982,433,56680,36,0.65,Salaried,2,1,965044,No,Yes
26,149029,790,980011,1,0.32,Self-Employed,5,1,155611,No,Yes
55,127367,737,167028,26,0.15,Business,0,2,451840,No,Yes
34,83898,345,124955,11,0.49,Self-Employed,3,2,883743,No,No
28,152526,700,754367,7,0.57,Self-Employed,5,4,988704,Yes,Yes
35,135486,787,690704,15,0.08,Salaried,3,1,60654,No,Yes
47,104540,731,954705,25,0.69,Self-Employed,0,0,591882,No,Yes
33,209869,727,623641,5,0.5,Self-Employed,2,2,267094,No,Yes
51,232209,816,678577,31,0.26,Self-Employed,2,4,785513,Yes,Yes
55,199709,761,793455,31,0.15,Contract,1,2,600078,Yes,Yes
26,154421,480,511912,0,0.31,Self-Employed,1,4,190737,Yes,Yes
25,143416,444,618521,0,0.19,Self-Employed,1,1,551022,No,Yes
42,57963,564,836358,14,0.37,Salaried,2,2,319331,No,Yes
43,224655,705,756225,23,0.56,Business,3,2,828532,No,Yes
45,156822,783,188944,21,0.48,Business,4,0,283530,No,Yes
54,112929,781,57839,34,0.33,Self-Employed,2,1,701872,No,Yes
46,171535,536,196724,25,0.13,Salaried,0,4,595612,No,Yes
25,92935,824,450075,4,0.67,Salaried,4,0,373826,Yes,Yes
46,207864,638,738880,22,0.23,Self-Employed,2,4,627632,No,Yes
40,31686,567,390984,11,0.23,Self-Employed,5,2,282898,Yes,No
26,81528,565,230338,3,0.47,Business,2,3,581108,Yes,Yes
26,117811,827,294433,1,0.55,Business,1,2,871755,Yes,Yes
38,40787,391,432173,14,0.69,Business,3,1,352482,Yes,No
24,163848,547,381660,3,0.68,Self-Employed,5,4,363963,Yes,Yes
37,133613,318,744453,9,0.64,Business,3,0,823433,Yes,Yes
34,244135,689,757330,5,0.33,Salaried,4,2,264055,Yes,Yes
34,206499,687,623908,7,0.16,Contract,2,4,433391,No,Yes
33,122887,394,836857,5,0.43,Contract,1,0,465812,No,Yes
27,79086,729,910109,2,0.06,Contract,5,2,84670,Yes,Yes
64,120231,336,625015,40,0.18,Salaried,0,3,31034,Yes,Yes
35,81308,692,780953,11,0.05,Contract,2,3,541246,Yes,Yes
39,33797,590,231057,18,0.17,Self-Employed,1,2,982004,No,Yes
63,23302,602,278411,40,0.36,Self-Employed,0,1,499989,No,No
64,212244,700,752444,40,0.31,Contract,0,3,293835,Yes,Yes
55,56059,643,381786,34,0.29,Contract,4,4,392371,No,Yes
37,149980,817,659911,10,0.59,Business,3,1,46772,Yes,Yes
55,209324,676,313552,32,0.49,Salaried,3,1,169692,Yes,Yes
39,229731,464,790761,16,0.66,Business,4,2,320731,No,No
40,161949,312,629625,14,0.34,Salaried,2,4,639253,No,Yes
56,32239,324,809485,33,0.23,Business,5,4,292397,No,No
55,236043,422,814026,27,0.13,Self-Employed,1,0,966516,Yes,Yes
52,45313,428,613900,24,0.49,Salaried,5,3,183949,No,No
64,249962,846,220235,40,0.6,Contract,5,3,241643,Yes,Yes
60,60103,608,702236,35,0.17,Salaried,3,1,290713,Yes,Yes
44,197480,735,852275,18,0.62,Salaried,5,1,96683,Yes,Yes
37,232323,481,754724,15,0.39,Business,4,2,339989,Yes,Yes
27,106771,342,864909,4,0.14,Contract,3,4,129368,No,No
63,144228,703,803353,40,0.47,Business,3,3,811047,Yes,Yes
21,109665,562,957531,0,0.39,Contract,3,0,68931,No,No
55,28534,369,242154,29,0.07,Business,2,3,330593,No,No
52,249182,591,208402,23,0.31,Contract,4,3,270419,Yes,Yes
56,61060,513,144747,30,0.56,Salaried,3,3,432316,Yes,Yes
33,35189,446,622402,5,0.41,Self-Employed,3,1,262409,No,No
26,146431,324,903726,1,0.23,Contract,4,4,555238,Yes,Yes
34,104067,622,769466,7,0.65,Business,0,4,935635,Yes,Yes
57,28967,408,874980,33,0.2,Salaried,5,3,588316,Yes,No
35,231063,550,899030,8,0.21,Business,2,4,51930,No,Yes
24,83563,781,406849,0,0.28,Salaried,2,2,723290,Yes,Yes
60,26660,474,716620,40,0.63,Salaried,5,1,851874,Yes,No
36,136671,646,868782,14,0.38,Contract,1,1,458672,No,Yes
48,239947,469,747101,25,0.49,Business,1,4,846301,Yes,Yes
36,147909,301,148214,8,0.68,Salaried,5,3,44060,Yes,Yes
24,188895,661,703173,0,0.56,Business,0,3,547862,No,Yes
65,204914,595,357325,38,0.16,Salaried,1,3,328623,No,Yes
46,158688,501,438454,25,0.56,Contract,3,4,852284,No,No
48,93976,588,133446,22,0.54,Self-Employed,3,3,294983,Yes,Yes
52,197810,361,181912,30,0.2,Self-Employed,5,4,38615,Yes,Yes
65,31107,801,985229,40,0.26,Self-Employed,1,0,327153,No,Yes
22,210476,425,324443,0,0.51,Self-Employed,5,4,46626,Yes,No
51,112182,348,887084,26,0.2,Contract,2,2,928627,Yes,Yes
23,109787,478,538741,0,0.19,Contract,0,3,104625,Yes,Yes
28,33954,792,795401,6,0.51,Contract,3,3,777203,No,No
44,34943,732,383239,23,0.62,Business,0,1,871374,No,No
35,58725,601,285302,12,0.1,Salaried,1,4,286549,Yes,Yes
63,63434,468,475813,34,0.34,Salaried,4,0,176650,Yes,Yes
51,103751,568,189779,30,0.44,Self-Employed,5,3,283919,Yes,Yes
29,28110,663,361087,3,0.49,Self-Employed,5,1,71308,Yes,No
59,236163,399,684246,39,0.7,Salaried,0,4,942598,No,Yes
65,34462,514,946007,40,0.49,Salaried,0,1,792645,Yes,No
22,97232,396,287051,0,0.45,Salaried,1,0,925382,No,No
28,203153,847,681931,2,0.69,Contract,1,4,224833,Yes,Yes
27,201871,636,929987,7,0.09,Contract,3,3,576080,No,Yes
64,84567,658,138377,40,0.1,Contract,4,4,540732,Yes,Yes
59,238373,589,397320,35,0.41,Self-Employed,4,3,926509,Yes,Yes
62,200296,695,150898,40,0.28,Contract,0,2,547678,No,Yes
36,145425,659,807320,10,0.11,Salaried,4,3,279128,Yes,Yes
55,74063,646,279234,32,0.25,Self-Employed,1,1,229452,Yes,Yes
50,131394,423,649564,23,0.49,Self-Employed,5,0,133100,Yes,Yes
30,73240,837,691062,10,0.62,Contract,1,4,894154,Yes,Yes
58,99352,721,446371,29,0.11,Self-Employed,1,2,448401,No,Yes
38,166940,635,860004,18,0.4,Salaried,0,2,752557,No,Yes
25,225045,802,564300,5,0.24,Self-Employed,2,2,947133,Yes,Yes
49,98989,356,378658,26,0.48,Business,1,1,636685,No,Yes
59,40222,375,781393,39,0.41,Salaried,4,3,879110,Yes,No
54,97794,765,225915,30,0.65,Salaried,4,2,948051,Yes,Yes
63,81924,584,921399,38,0.07,Contract,1,0,806818,No,Yes
65,117854,685,85357,39,0.36,Salaried,5,0,938211,Yes,Yes
43,96513,558,953126,16,0.18,Salaried,2,4,675604,Yes,Yes
25,72649,776,990671,0,0.4,Self-Employed,0,0,39256,Yes,Yes
50,120986,310,907910,29,0.6,Business,1,3,636899,Yes,Yes
26,101749,559,593271,3,0.64,Self-Employed,0,3,820552,Yes,Yes
64,159295,692,609564,38,0.31,Business,2,2,739534,Yes,Yes
24,197238,668,311728,0,0.58,Salaried,1,3,652611,Yes,Yes
49,57369,483,488495,21,0.23,Self-Employed,5,3,20608,Yes,No
43,104379,315,240555,21,0.05,Self-Employed,1,2,958282,Yes,Yes
26,87392,805,264185,0,0.61,Contract,1,4,915531,Yes,Yes
52,208598,385,383595,29,0.13,Self-Employed,3,3,272266,Yes,Yes
62,30661,309,445261,34,0.06,Business,1,3,74079,No,No
38,164663,776,926148,12,0.28,Business,1,1,686218,No,Yes
35,89718,463,418887,10,0.3,Salaried,5,4,48640,Yes,Yes
60,204307,323,354488,32,0.1,Contract,2,2,849251,Yes,Yes
52,25970,611,845996,26,0.58,Contract,2,1,118435,No,No
29,65922,537,847537,2,0.31,Self-Employed,3,1,614121,Yes,No
57,249470,761,893186,33,0.37,Salaried,1,4,856950,Yes,Yes
30,48755,761,426213,7,0.22,Business,4,3,332208,Yes,Yes
40,138926,537,594344,20,0.38,Contract,0,2,736667,No,Yes
26,37416,321,637853,0,0.55,Salaried,5,4,418468,No,No
23,31672,479,687385,0,0.64,Self-Employed,1,1,803081,Yes,No
62,232540,798,97689,39,0.68,Contract,5,0,392263,No,Yes
31,146145,774,344279,9,0.33,Self-Employed,3,2,329351,Yes,Yes
63,196068,638,286557,39,0.69,Business,4,0,33190,Yes,Yes
37,92095,830,344956,14,0.24,Business,2,3,867046,Yes,Yes
52,18064,461,691061,26,0.05,Salaried,0,4,678208,No,No
24,86835,360,465988,0,0.55,Self-Employed,3,3,549310,Yes,No
24,219457,384,393101,2,0.17,Salaried,2,4,975701,No,Yes
37,154711,846,404796,8,0.08,Business,1,1,884750,No,Yes
61,160127,789,319919,40,0.65,Contract,3,3,845884,No,Yes
39,208292,304,273554,13,0.56,Business,1,0,60678,Yes,Yes
25,105594,375,366667,1,0.12,Salaried,3,1,220123,No,Yes
52,178499,552,716067,32,0.55,Self-Employed,3,4,162738,No,No
42,134916,306,325516,22,0.6,Business,1,1,312919,No,Yes
26,138308,772,156252,1,0.64,Salaried,3,0,103047,No,Yes
55,100516,437,766886,32,0.4,Self-Employed,5,2,552071,Yes,Yes
42,82666,657,901538,15,0.51,Salaried,2,4,327594,No,Yes
21,213346,462,103475,0,0.55,Business,5,2,66783,Yes,No
40,136294,617,695602,17,0.5,Self-Employed,5,1,626750,Yes,Yes
42,28866,757,440958,15,0.47,Business,2,3,79876,No,No
31,21889,552,173502,4,0.41,Business,0,4,643119,No,No
33,136194,500,631489,9,0.36,Business,0,1,674604,No,Yes
62,142714,831,995461,40,0.7,Business,3,4,407510,Yes,Yes
23,197298,464,801174,0,0.27,Business,2,0,130783,Yes,Yes
29,49335,531,630531,7,0.11,Salaried,5,1,363372,No,No
32,68547,627,959796,11,0.55,Contract,1,3,737479,Yes,No
43,175234,537,552599,20,0.19,Contract,3,4,357352,Yes,Yes
34,238521,419,779112,6,0.4,Business,5,3,186426,No,Yes
53,173759,549,387686,28,0.11,Business,1,3,34163,Yes,Yes
38,116756,635,739353,15,0.45,Business,4,0,965503,No,No
61,28995,583,574189,40,0.66,Self-Employed,0,2,976275,Yes,No
29,205560,497,739376,3,0.52,Business,3,1,814287,Yes,Yes
43,20631,715,730714,22,0.19,Self-Employed,3,2,178918,Yes,Yes
30,184026,694,98637,5,0.68,Salaried,1,2,611750,Yes,Yes
39,155039,450,169714,10,0.25,Contract,0,0,568365,Yes,Yes
25,106294,564,700868,5,0.33,Business,1,3,728890,No,Yes
43,105278,519,940434,17,0.37,Contract,1,3,359399,Yes,Yes
50,82471,515,526718,27,0.69,Salaried,0,1,713279,Yes,Yes
45,55116,614,972352,23,0.09,Contract,4,0,834271,No,No
48,110116,515,616961,19,0.5,Salaried,2,4,957286,Yes,Yes
54,183299,634,717143,28,0.29,Business,5,3,818053,No,Yes
65,151014,658,114694,40,0.1,Salaried,2,1,284153,Yes,Yes
45,65664,460,685980,18,0.66,Business,4,4,347938,No,No
30,177141,810,806802,7,0.43,Contract,0,2,309059,No,Yes
34,105342,456,628195,12,0.54,Salaried,3,0,954878,No,No
62,32407,461,454140,36,0.21,Self-Employed,0,4,609545,Yes,No
50,131926,341,382322,24,0.55,Self-Employed,5,3,974419,Yes,Yes
61,77201,479,120732,33,0.59,Self-Employed,1,1,618760,No,Yes
45,98093,602,519907,16,0.33,Business,5,1,234389,Yes,Yes
34,203420,629,856584,8,0.42,Salaried,0,0,165387,Yes,Yes
55,231053,728,58072,30,0.68,Self-Employed,2,2,211593,Yes,Yes
54,35878,649,655789,32,0.6,Business,3,3,136162,No,No
30,101100,419,944424,7,0.34,Self-Employed,5,2,885835,Yes,Yes
55,96629,374,225759,28,0.48,Contract,4,0,467178,Yes,Yes
31,204492,422,802886,6,0.56,Contract,0,0,201987,No,Yes
31,241059,481,71942,3,0.07,Contract,3,2,868460,Yes,Yes
41,61168,556,555579,14,0.43,Self-Employed,5,4,204677,Yes,No
41,72862,568,142379,14,0.69,Business,3,4,696731,Yes,Yes
42,238694,792,317634,13,0.67,Self-Employed,2,0,245685,Yes,Yes
65,231097,479,727079,36,0.59,Business,1,4,569244,No,Yes
27,46004,448,875116,1,0.12,Self-Employed,3,4,235787,Yes,No
37,38471,817,331038,8,0.7,Business,3,1,481067,No,No
22,109820,447,474053,2,0.45,Self-Employed,0,2,21268,Yes,No
32,209239,308,826273,8,0.19,Salaried,4,1,469949,Yes,Yes
62,120229,477,421974,36,0.49,Salaried,0,1,543293,No,Yes
38,232900,694,889244,9,0.61,Business,2,0,245344,Yes,Yes
31,83308,630,772642,3,0.12,Contract,3,0,589993,No,No
36,101969,355,795967,13,0.65,Contract,1,0,793093,Yes,Yes
38,32568,506,516922,11,0.65,Contract,3,1,248653,No,No
55,27466,404,280009,35,0.06,Business,1,3,436179,Yes,No
46,240129,846,761492,23,0.64,Salaried,1,1,999767,Yes,Yes
36,75324,654,259497,13,0.67,Business,5,1,104297,Yes,Yes
26,120208,788,896593,5,0.07,Self-Employed,5,1,513392,Yes,Yes
64,164539,802,331248,40,0.24,Self-Employed,1,4,706959,No,Yes
63,246627,349,164863,40,0.29,Self-Employed,4,4,968859,Yes,Yes
62,93955,386,458356,34,0.28,Self-Employed,0,0,937180,No,Yes
32,202020,602,405416,6,0.54,Self-Employed,5,1,185572,Yes,Yes
33,165748,300,959950,12,0.28,Self-Employed,2,1,311235,No,Yes
24,112791,680,582440,0,0.67,Contract,5,0,50868,No,Yes
59,180586,661,622774,32,0.7,Contract,4,2,270760,Yes,Yes
22,126718,680,790637,0,0.26,Self-Employed,4,3,43830,Yes,Yes
46,40650,461,414840,21,0.38,Business,1,3,271826,No,No
47,106290,318,874579,26,0.41,Salaried,4,2,151894,Yes,No
47,95701,542,268962,25,0.43,Self-Employed,2,0,791776,No,Yes
35,28683,428,976170,10,0.29,Self-Employed,2,2,829276,Yes,No
28,247164,475,275011,6,0.16,Business,3,3,916007,No,Yes
27,208891,708,289214,1,0.09,Contract,4,2,190146,No,Yes
60,98978,383,346870,36,0.12,Business,5,1,94780,Yes,Yes
32,22860,675,154983,9,0.64,Salaried,3,4,447703,Yes,Yes
33,152801,521,491905,6,0.23,Salaried,5,1,58556,No,Yes
63,49351,624,155652,40,0.1,Business,2,3,471953,No,Yes
37,80744,750,645708,15,0.46,Self-Employed,4,4,294573,Yes,Yes
37,173418,715,127848,8,0.1,Contract,1,4,903250,Yes,Yes
56,138198,744,959660,33,0.1,Self-Employed,1,2,844988,No,Yes
41,92155,624,812492,12,0.45,Self-Employed,4,1,387497,Yes,No
28,139449,822,790894,3,0.43,Self-Employed,5,2,408864,Yes,Yes
25,94700,465,971324,1,0.08,Self-Employed,3,3,674101,Yes,No
46,24955,537,447538,22,0.35,Contract,3,4,505426,No,No
36,214714,312,612523,10,0.33,Business,1,2,891720,No,Yes
56,219362,556,160629,29,0.41,Salaried,3,4,545712,Yes,Yes
48,193365,813,940238,23,0.53,Salaried,1,1,278125,No,Yes
49,210408,509,634249,27,0.23,Contract,0,3,638174,No,Yes
32,39662,783,302139,9,0.33,Business,1,1,245839,Yes,Yes
57,24408,664,100356,37,0.57,Contract,0,2,527398,Yes,Yes
50,189475,524,679041,26,0.65,Self-Employed,4,2,326427,No,No
43,19225,493,568275,14,0.63,Contract,0,0,690294,Yes,No
36,161268,495,861355,9,0.36,Business,2,1,520714,No,Yes
34,218858,699,428035,12,0.39,Salaried,5,3,290559,No,Yes
30,164444,356,662766,1,0.39,Contract,3,4,816407,Yes,Yes
27,35279,512,83750,4,0.61,Salaried,0,0,140504,No,No
65,128401,578,410013,40,0.6,Salaried,2,3,534231,No,Yes
57,244801,679,550443,32,0.25,Salaried,2,1,91701,No,Yes
49,203312,416,294365,21,0.16,Business,3,4,815920,No,Yes
23,110404,750,400592,0,0.3,Self-Employed,1,3,948415,Yes,Yes
35,187259,709,302415,13,0.24,Self-Employed,2,0,881776,Yes,Yes
56,66481,666,440186,33,0.67,Business,5,4,202812,No,Yes
39,177547,412,858415,14,0.22,Self-Employed,0,1,757594,Yes,Yes
33,62552,463,948165,8,0.17,Self-Employed,3,4,665254,Yes,Yes
62,217041,303,530826,36,0.63,Self-Employed,0,1,754298,No,Yes
41,225606,322,555916,21,0.11,Contract,1,2,129026,Yes,Yes
57,245741,391,945528,29,0.22,Self-Employed,3,2,607362,No,Yes
47,248677,768,449121,26,0.34,Contract,2,1,449594,No,Yes
49,155930,454,367627,26,0.44,Salaried,0,3,444456,No,Yes
40,223558,506,861460,18,0.26,Contract,5,0,604446,Yes,Yes
45,92474,380,512825,23,0.37,Self-Employed,0,2,338201,Yes,Yes
26,43168,782,233118,2,0.18,Business,5,3,294051,Yes,Yes
56,50099,706,314378,30,0.42,Salaried,2,4,532511,Yes,Yes
22,220252,402,786169,0,0.32,Salaried,2,2,910962,No,Yes
42,79455,539,254239,16,0.6,Contract,1,3,852108,Yes,Yes
52,72240,564,367155,30,0.32,Business,1,0,611185,Yes,Yes
36,92796,332,828403,8,0.34,Self-Employed,2,4,940004,No,Yes
38,72592,334,166135,13,0.43,Contract,3,2,52808,No,No
25,140181,548,193133,0,0.13,Contract,2,2,146237,Yes,Yes
56,196530,349,99253,29,0.15,Salaried,2,0,837246,No,Yes
50,119611,579,701222,30,0.56,Contract,4,1,328075,Yes,Yes
65,76046,451,663642,40,0.23,Business,3,2,110855,Yes,Yes
39,34488,850,618955,13,0.5,Contract,3,1,807927,Yes,No
43,207913,836,370940,15,0.11,Contract,5,0,470928,No,Yes
54,136521,529,931330,32,0.58,Business,1,0,384552,No,Yes
33,149467,587,162042,8,0.69,Contract,1,3,459847,No,Yes
63,201741,694,114065,36,0.29,Self-Employed,1,2,378685,Yes,Yes
49,159917,752,388530,27,0.38,Contract,0,4,182986,No,Yes
56,185131,332,604926,31,0.34,Self-Employed,3,4,419021,Yes,Yes
42,36394,662,132455,14,0.63,Business,4,0,915660,Yes,Yes
56,111993,410,467100,28,0.06,Self-Employed,1,4,436962,No,Yes
29,194978,420,802376,4,0.47,Business,1,4,487959,No,Yes
59,77332,315,211769,35,0.47,Self-Employed,1,4,563512,Yes,Yes
39,186377,822,657908,19,0.3,Self-Employed,1,3,596894,Yes,Yes
58,60628,397,698631,36,0.19,Business,1,3,590139,Yes,Yes
26,39352,415,276909,4,0.21,Business,0,0,493153,Yes,Yes
35,235754,770,581402,12,0.57,Self-Employed,4,4,713742,No,Yes
40,100971,738,604838,16,0.09,Business,3,0,362896,Yes,Yes
29,69993,580,974973,2,0.42,Salaried,4,0,431998,No,No
52,188458,648,490987,24,0.25,Contract,2,0,393998,Yes,Yes
24,121027,531,318636,0,0.22,Self-Employed,5,3,432112,No,Yes
38,205696,410,283720,9,0.38,Salaried,3,3,811984,Yes,Yes
25,206137,651,314115,0,0.63,Salaried,1,2,838532,No,Yes
40,138212,311,227422,18,0.45,Salaried,2,4,463025,Yes,Yes
43,234576,787,715004,15,0.56,Business,5,1,272531,Yes,Yes
31,26539,832,797065,2,0.44,Contract,2,3,799328,No,No
57,150335,584,900626,37,0.5,Self-Employed,2,1,705681,No,Yes
42,162377,844,525848,14,0.33,Contract,2,4,970934,Yes,Yes
24,71817,691,938391,2,0.65,Self-Employed,1,4,226318,No,Yes
49,173470,469,950078,21,0.38,Contract,5,3,730632,Yes,Yes
64,246688,376,193606,35,0.41,Contract,2,1,953029,No,Yes
54,224873,596,718128,34,0.39,Salaried,4,0,517529,No,Yes
33,67107,629,334769,6,0.26,Business,1,0,568377,No,Yes
62,181224,362,547992,37,0.2,Self-Employed,2,3,937276,Yes,Yes
29,242332,569,865092,1,0.1,Self-Employed,2,1,97652,Yes,Yes
62,179696,515,780536,39,0.52,Self-Employed,4,3,284841,No,No
51,147240,489,70032,27,0.24,Salaried,5,0,930346,No,Yes
27,117655,374,481108,2,0.3,Salaried,0,4,849334,Yes,Yes
24,74132,809,535341,0,0.65,Salaried,0,3,240296,Yes,Yes
39,143701,392,249451,14,0.42,Salaried,4,0,821804,No,No
62,123494,352,598645,34,0.11,Salaried,5,4,802941,No,Yes
50,70979,795,525728,29,0.57,Contract,0,3,221409,Yes,Yes
51,76013,393,312641,28,0.22,Self-Employed,3,3,50469,No,Yes
55,243997,528,445350,33,0.41,Contract,5,0,986242,Yes,Yes
41,81797,549,199905,18,0.38,Salaried,3,0,724585,Yes,Yes
51,69798,690,514164,31,0.2,Business,5,4,452811,No,Yes
39,165722,481,761960,18,0.13,Salaried,3,2,436329,No,Yes
51,175086,566,381972,28,0.19,Salaried,0,4,208323,Yes,Yes
52,94421,580,405067,23,0.11,Salaried,3,3,555364,No,Yes
22,25434,382,933794,0,0.23,Self-Employed,3,3,564388,No,No
30,48028,485,181098,6,0.7,Self-Employed,0,3,191865,Yes,No
22,84558,830,848540,0,0.31,Business,4,0,666519,Yes,Yes
22,42331,647,961029,2,0.61,Self-Employed,5,3,854148,No,No
44,85573,722,588758,17,0.41,Salaried,1,3,206929,Yes,Yes
37,147473,753,341929,15,0.48,Business,3,4,71421,Yes,Yes
52,223364,566,445469,24,0.15,Business,5,0,942065,Yes,Yes
36,195398,806,508105,9,0.23,Business,0,4,847323,No,Yes
36,100979,441,856458,9,0.38,Salaried,1,2,127872,Yes,Yes
59,248800,615,496023,31,0.62,Self-Employed,1,4,77601,No,Yes
51,22123,531,225330,28,0.08,Contract,5,4,500320,Yes,No
63,34603,596,800170,39,0.38,Self-Employed,2,2,902558,Yes,No
44,83941,321,489363,18,0.08,Contract,1,4,125458,No,Yes
21,60597,683,357561,0,0.35,Salaried,3,3,361060,No,Yes
31,212310,425,944211,5,0.46,Self-Employed,4,3,543074,No,No
41,102238,402,556513,19,0.53,Salaried,5,1,539722,Yes,Yes
24,191791,409,444302,0,0.14,Salaried,3,0,853446,No,Yes
27,240858,771,991910,2,0.16,Business,2,3,18313,Yes,Yes
46,59751,364,150319,21,0.36,Self-Employed,1,0,238767,No,Yes
32,144462,771,661275,3,0.7,Business,5,4,558874,Yes,Yes
51,104978,375,125443,30,0.28,Self-Employed,2,1,311009,No,Yes
37,35693,318,686526,9,0.33,Salaried,3,3,196548,Yes,No
53,238613,683,141838,26,0.33,Business,3,4,442540,No,Yes
31,186769,489,974588,5,0.1,Salaried,3,1,626258,No,Yes
48,112524,659,960219,20,0.55,Contract,4,4,566529,Yes,Yes
52,115869,751,921815,29,0.21,Salaried,3,0,223379,Yes,Yes
21,179064,378,365637,0,0.51,Contract,3,4,403435,No,No
48,81825,471,334949,25,0.36,Contract,1,4,936856,Yes,Yes
62,158594,511,373930,33,0.45,Business,5,4,917576,Yes,Yes
27,148475,744,64248,5,0.09,Business,5,1,844725,Yes,Yes
22,63406,448,251075,1,0.63,Self-Employed,5,4,820758,Yes,No
62,161193,309,206456,40,0.21,Self-Employed,4,1,465616,Yes,Yes
44,141371,841,183968,17,0.49,Business,5,1,495794,Yes,Yes
24,163291,354,977866,0,0.57,Self-Employed,1,2,43198,Yes,No
64,19617,479,921480,39,0.4,Salaried,2,4,577329,Yes,No
39,61016,680,136175,12,0.27,Salaried,0,3,612430,No,Yes
46,199744,721,761392,20,0.69,Salaried,5,1,627736,Yes,Yes
31,42276,750,897454,5,0.23,Salaried,1,4,796265,No,Yes
60,248959,392,395398,34,0.67,Salaried,5,3,916951,Yes,Yes
63,90240,819,927061,37,0.15,Contract,4,0,481314,No,Yes
31,124292,712,794358,4,0.3,Salaried,1,3,224425,Yes,Yes
65,204807,693,788568,40,0.14,Self-Employed,0,1,560061,Yes,Yes
23,35959,630,976441,1,0.05,Business,1,1,740423,Yes,No
32,46522,732,621679,12,0.22,Business,5,1,655385,Yes,Yes
23,205159,462,161011,0,0.11,Self-Employed,5,2,725383,No,Yes
62,159025,339,275151,40,0.69,Self-Employed,0,3,96698,Yes,Yes
47,44567,384,399711,21,0.55,Self-Employed,4,4,152749,Yes,No
22,209595,390,832475,0,0.05,Business,1,4,637239,Yes,Yes
36,80708,783,481912,16,0.2,Self-Employed,4,1,235462,No,Yes
22,144206,684,497170,0,0.49,Self-Employed,4,3,43209,No,Yes
50,40560,492,525833,22,0.31,Contract,2,0,966190,No,No
40,76390,552,323370,18,0.59,Contract,2,3,529623,No,Yes
58,143772,543,66858,32,0.38,Contract,1,4,436473,No,Yes
48,217221,569,291544,25,0.47,Business,1,1,975678,No,Yes
45,185732,318,762208,25,0.44,Self-Employed,5,3,340700,Yes,Yes
52,63104,339,686781,26,0.46,Salaried,5,2,53300,Yes,No
30,75805,815,744660,10,0.2,Business,4,1,544606,Yes,Yes
62,42496,332,746830,39,0.29,Contract,2,2,97224,Yes,No
60,232373,749,730473,32,0.08,Contract,1,1,563570,Yes,Yes
53,109257,838,289828,29,0.43,Business,1,4,359058,Yes,Yes
33,21515,618,757456,7,0.35,Business,1,0,28076,Yes,No
61,22454,423,596304,35,0.54,Self-Employed,2,3,931047,Yes,No
62,40873,671,307826,40,0.18,Business,1,3,330044,Yes,Yes
57,91920,650,514136,30,0.33,Salaried,4,1,495974,No,Yes
36,31727,622,985254,16,0.17,Salaried,1,0,340056,Yes,No
65,146376,787,67445,40,0.45,Business,3,0,646924,No,Yes
42,87070,750,537656,13,0.6,Salaried,5,4,101649,No,Yes
40,117059,652,478291,17,0.55,Self-Employed,0,2,272542,No,Yes
63,142564,415,328835,40,0.66,Business,4,3,194977,Yes,Yes
47,246497,312,931042,22,0.68,Salaried,1,1,376326,Yes,Yes
61,135213,619,780084,40,0.55,Contract,3,0,685484,Yes,Yes
36,199051,464,206932,14,0.24,Self-Employed,2,3,754743,Yes,Yes
54,43465,384,997675,26,0.19,Business,4,3,401170,Yes,No
52,202972,547,734781,23,0.34,Business,4,3,904688,No,Yes
46,77799,731,878521,21,0.7,Business,1,0,15433,No,Yes
45,114129,778,213062,24,0.32,Contract,2,4,490582,No,Yes
22,170402,667,377983,0,0.18,Salaried,1,3,855149,No,Yes
32,157374,656,580774,11,0.66,Business,3,0,356330,Yes,Yes
60,227515,707,252174,34,0.3,Salaried,0,0,587180,Yes,Yes
29,239038,644,512643,9,0.5,Self-Employed,5,1,803246,Yes,Yes
32,125288,478,452262,8,0.56,Contract,5,4,994701,No,No
46,221789,724,997245,20,0.6,Contract,2,4,763344,Yes,Yes
29,30875,840,317868,7,0.58,Self-Employed,0,4,982648,Yes,Yes
30,45219,742,703567,7,0.59,Self-Employed,3,0,282682,No,No
52,54182,605,990168,28,0.48,Business,4,0,520618,No,No
54,229613,666,120886,32,0.31,Self-Employed,3,4,77738,No,Yes
40,191341,335,784921,15,0.48,Contract,5,0,601477,Yes,Yes
59,97781,762,143761,37,0.59,Salaried,0,4,758508,No,Yes
22,24457,445,714524,0,0.28,Salaried,2,1,926804,Yes,No
21,155821,445,807797,0,0.24,Salaried,1,2,862994,No,Yes
56,51064,679,688454,36,0.27,Salaried,0,2,419576,No,Yes
44,158893,467,607160,23,0.41,Salaried,2,2,80502,Yes,Yes
47,133256,574,794851,24,0.08,Salaried,0,2,77571,Yes,Yes
22,116297,386,503095,0,0.56,Contract,5,1,207260,Yes,No
51,227727,453,883469,22,0.14,Self-Employed,4,0,565872,No,Yes
34,156736,796,859417,11,0.14,Contract,5,1,854859,No,Yes
22,178353,614,662879,0,0.18,Business,4,3,837987,Yes,Yes
49,180893,573,370012,21,0.43,Salaried,1,0,67154,No,Yes
35,173719,561,550081,12,0.24,Self-Employed,4,4,56277,Yes,Yes
32,87918,786,258997,9,0.29,Self-Employed,3,3,794746,Yes,Yes
57,231057,753,593635,34,0.66,Salaried,5,3,10848,No,Yes
48,231871,742,353767,27,0.6,Self-Employed,5,1,836234,Yes,Yes
40,108179,561,66360,13,0.6,Salaried,5,3,654910,No,No
59,92944,842,558593,36,0.43,Business,1,1,354003,Yes,Yes
44,107142,404,326358,20,0.61,Salaried,5,3,164784,No,No
41,45603,649,994726,14,0.56,Business,0,1,639253,Yes,No
30,64458,737,384423,7,0.67,Self-Employed,5,0,979589,Yes,Yes
34,88605,468,281964,10,0.09,Contract,3,3,819407,No,Yes
57,37623,642,870735,33,0.07,Self-Employed,2,1,461048,No,No
38,62440,529,834772,13,0.16,Contract,0,2,646749,No,Yes
44,100427,322,64698,18,0.65,Salaried,5,2,613117,Yes,Yes
34,156776,580,543548,12,0.44,Self-Employed,5,3,500490,No,No
54,111826,818,734962,25,0.33,Self-Employed,5,1,655574,No,Yes
32,45460,552,166544,10,0.38,Business,4,0,558677,Yes,Yes
42,232117,703,327091,14,0.59,Salaried,0,3,750274,Yes,Yes
26,231877,432,102338,6,0.65,Contract,4,0,815186,No,No
56,222583,573,478753,27,0.52,Salaried,3,1,637556,Yes,Yes
65,128373,531,72469,38,0.54,Business,5,2,740517,No,No
56,155637,844,711846,27,0.26,Business,3,1,254709,Yes,Yes
42,237075,378,647065,20,0.35,Business,3,0,304343,Yes,Yes
34,22870,334,69371,10,0.63,Salaried,5,2,721447,Yes,No
36,36909,794,287511,14,0.56,Business,1,3,977884,No,Yes
56,27117,409,737884,27,0.49,Salaried,4,2,786140,No,No
45,85474,620,293549,25,0.09,Business,0,3,714832,No,Yes
52,111926,627,702241,23,0.08,Self-Employed,5,3,783874,Yes,Yes
53,193394,683,901533,29,0.13,Contract,0,2,271300,Yes,Yes
65,145463,663,334618,38,0.43,Salaried,0,2,547727,No,Yes
56,119536,531,390347,32,0.4,Contract,1,0,60088,Yes,Yes
40,38128,713,260409,17,0.66,Salaried,1,2,77683,Yes,Yes
38,246389,593,157644,10,0.5,Salaried,4,4,623151,Yes,Yes
58,87001,846,228213,38,0.24,Self-Employed,1,2,527700,No,Yes
23,18440,473,165468,0,0.15,Self-Employed,5,0,356096,No,No
43,210027,691,578693,23,0.6,Salaried,3,4,456790,No,Yes
52,198685,401,314297,27,0.35,Business,0,4,534529,Yes,Yes
65,141491,592,861563,36,0.47,Salaried,3,1,134972,Yes,Yes
36,220021,384,856112,8,0.42,Salaried,1,4,572207,Yes,Yes
25,160735,500,266305,4,0.12,Self-Employed,0,3,360747,Yes,Yes
24,168619,840,234716,1,0.09,Self-Employed,2,0,133629,Yes,Yes
41,99662,596,547816,14,0.3,Contract,3,1,844317,Yes,Yes
60,18005,355,150887,38,0.29,Contract,2,2,147868,Yes,No
34,25038,771,471499,8,0.49,Business,4,4,95980,Yes,No
59,24414,315,151347,33,0.46,Contract,5,1,68801,Yes,No
51,236731,365,896789,30,0.68,Contract,3,3,86967,No,No
34,87506,771,793259,5,0.61,Contract,0,1,794256,Yes,Yes
26,94586,322,952289,3,0.37,Business,0,3,238782,Yes,Yes
32,151678,785,593934,12,0.38,Salaried,5,1,298880,No,Yes
36,34482,714,66036,9,0.49,Salaried,2,1,119168,Yes,Yes
37,247901,604,581014,8,0.12,Business,0,2,778474,Yes,Yes
65,220945,476,152326,36,0.7,Salaried,5,2,93229,No,No
43,51948,494,484376,15,0.39,Contract,3,2,953649,No,No
34,107987,312,985778,14,0.64,Contract,1,1,296253,Yes,No
27,240873,465,926555,1,0.68,Contract,1,4,45840,Yes,No
52,240322,449,268163,32,0.43,Contract,5,1,61617,Yes,Yes
35,38875,640,977672,15,0.12,Salaried,0,2,587722,Yes,No
64,31057,473,851535,36,0.42,Business,4,1,765590,No,No
37,50400,466,403581,8,0.44,Business,3,4,342224,Yes,No
61,220530,396,211639,32,0.56,Business,4,3,755442,Yes,Yes
64,86607,703,700539,39,0.08,Self-Employed,2,0,14849,No,Yes
54,105561,376,553782,34,0.35,Business,5,2,195228,No,Yes
25,45503,536,154968,0,0.65,Self-Employed,0,1,247590,Yes,No
65,172837,590,335835,40,0.69,Business,5,4,70481,Yes,Yes
47,119096,435,170931,18,0.17,Contract,2,2,664722,No,Yes
43,64612,666,905524,20,0.62,Business,4,2,224101,No,Yes
60,116318,847,890550,37,0.15,Self-Employed,3,3,12979,No,Yes
34,102335,547,869565,7,0.6,Contract,4,0,22208,Yes,No
35,118989,513,852325,15,0.23,Self-Employed,1,1,303575,Yes,Yes
63,111012,369,655690,36,0.67,Salaried,4,1,858982,Yes,Yes
53,99748,628,968160,25,0.5,Salaried,4,2,831176,Yes,No
51,158500,315,877552,25,0.31,Salaried,4,4,983656,No,Yes
55,180491,786,130632,35,0.23,Contract,4,2,50674,Yes,Yes
37,83195,473,893950,11,0.2,Contract,3,3,512719,Yes,Yes
48,222767,573,262055,23,0.49,Self-Employed,0,0,515454,Yes,Yes
39,107846,823,69854,15,0.63,Contract,3,3,674714,No,Yes
43,120404,518,792879,19,0.54,Business,5,4,493112,Yes,Yes
52,57142,812,361840,32,0.59,Self-Employed,2,1,700410,Yes,Yes
60,89540,698,389726,35,0.56,Business,1,4,698901,No,Yes
33,187361,410,416874,10,0.69,Contract,0,3,166521,Yes,Yes
40,94948,763,936497,20,0.54,Business,5,1,553721,No,Yes
55,76951,392,247564,28,0.19,Contract,5,0,802364,No,Yes
25,29755,750,632083,0,0.56,Contract,1,2,44512,No,No
29,135985,695,336704,6,0.26,Business,1,0,323571,No,Yes
49,102553,850,663999,23,0.7,Salaried,0,2,658888,No,Yes
26,152962,778,680865,4,0.29,Contract,5,0,755553,No,Yes
45,112376,615,690212,18,0.24,Self-Employed,5,1,993712,Yes,Yes
51,35175,652,792191,25,0.21,Self-Employed,0,1,167884,Yes,Yes
42,223799,538,392535,18,0.48,Salaried,5,1,620321,No,No
22,83687,403,170965,0,0.12,Business,2,2,895766,No,Yes
65,102983,328,427278,37,0.67,Salaried,3,1,957484,No,No
25,237359,388,756677,0,0.24,Business,0,4,584660,Yes,Yes
47,243783,674,264611,22,0.24,Salaried,5,2,907423,No,Yes
45,173360,696,821841,24,0.08,Contract,2,1,398036,Yes,Yes
28,64629,663,962626,4,0.21,Self-Employed,4,1,878425,No,Yes
21,134779,446,944101,0,0.32,Salaried,0,0,677646,Yes,Yes
40,196872,613,809669,11,0.29,Self-Employed,3,4,837804,Yes,Yes
64,186439,847,391524,40,0.23,Business,4,4,198828,No,Yes
43,226882,751,837077,15,0.08,Salaried,4,2,318239,Yes,Yes
52,226826,805,83146,26,0.25,Salaried,4,4,34835,No,Yes
31,238400,785,822703,8,0.56,Salaried,4,1,43856,No,Yes
59,86513,400,483093,31,0.34,Salaried,1,2,654167,Yes,Yes
44,100762,406,965980,16,0.24,Self-Employed,3,3,830187,Yes,Yes
31,178094,590,487909,5,0.25,Contract,2,0,678288,Yes,Yes
49,218401,648,657348,25,0.41,Self-Employed,0,0,940297,Yes,Yes
46,208486,526,201191,18,0.25,Contract,2,3,294379,No,Yes
36,150731,349,359823,10,0.46,Salaried,1,2,117650,Yes,Yes
55,75941,457,571128,27,0.69,Contract,4,3,569857,No,No
40,187002,627,535341,18,0.08,Self-Employed,5,4,485201,Yes,Yes
23,61473,376,919013,0,0.16,Salaried,0,1,654696,No,No
21,204670,753,956556,1,0.17,Self-Employed,3,3,98888,No,Yes
21,34040,609,587451,0,0.34,Self-Employed,0,3,879732,No,No
37,87806,626,795483,16,0.08,Self-Employed,0,4,15578,Yes,Yes
22,162358,807,792489,2,0.36,Contract,2,2,248445,Yes,Yes
49,218211,406,410835,27,0.65,Salaried,5,1,398369,No,No
40,130076,540,605090,14,0.06,Salaried,4,1,662393,No,Yes
26,73916,734,102175,4,0.29,Self-Employed,3,0,174902,Yes,Yes
28,166672,327,60111,0,0.54,Business,0,1,497911,No,No
49,151363,548,685275,20,0.15,Self-Employed,1,1,65931,No,Yes
53,162195,663,765296,25,0.1,Contract,1,1,281480,No,Yes
23,21811,832,639814,1,0.46,Contract,5,1,833891,Yes,No
55,227955,771,175588,30,0.06,Salaried,4,4,425952,Yes,Yes
25,49276,838,595407,4,0.57,Business,5,0,553494,No,No
47,203217,712,926643,20,0.09,Contract,0,3,432838,No,Yes
64,195691,464,242968,35,0.39,Salaried,4,0,382847,Yes,Yes
32,99049,347,555830,8,0.53,Business,0,2,879776,No,Yes
40,219750,783,556729,19,0.21,Business,3,3,282963,No,Yes
65,237854,457,701244,39,0.12,Salaried,1,0,310835,No,Yes
40,240115,450,478755,18,0.16,Contract,5,0,772747,No,Yes
29,175786,524,152473,5,0.61,Self-Employed,2,0,35309,Yes,Yes
59,204757,559,794543,31,0.51,Contract,5,0,583440,Yes,Yes
24,161266,686,105387,4,0.18,Contract,4,0,317958,No,Yes
39,91062,555,273561,18,0.52,Contract,3,0,105522,Yes,Yes
58,213109,360,223895,34,0.51,Salaried,1,4,66395,Yes,Yes
47,168434,695,381699,24,0.7,Salaried,3,4,350368,No,Yes
65,72499,696,660478,40,0.3,Self-Employed,5,3,161119,Yes,Yes
63,64281,461,809520,37,0.61,Contract,5,1,377259,Yes,No
33,211885,679,97418,5,0.34,Contract,2,0,419375,Yes,Yes
33,62852,742,406014,13,0.63,Self-Employed,0,1,834045,Yes,Yes
42,196908,648,98695,15,0.11,Business,0,4,498374,Yes,Yes
48,22595,330,702556,20,0.16,Business,3,2,766514,Yes,No
65,113930,370,947451,40,0.6,Self-Employed,3,0,551567,No,No
42,164474,696,197490,22,0.58,Contract,4,3,102690,Yes,Yes
63,214355,737,601030,38,0.25,Salaried,3,1,975724,Yes,Yes
39,110676,301,260290,13,0.44,Contract,0,3,759148,No,Yes
28,237203,434,98028,7,0.3,Self-Employed,5,0,368898,Yes,Yes
28,191795,445,422279,4,0.06,Self-Employed,3,1,594271,Yes,Yes
62,200394,478,127700,38,0.07,Self-Employed,1,1,303635,No,Yes
46,195836,563,319762,20,0.09,Salaried,1,0,943268,Yes,Yes
46,173983,610,643204,26,0.44,Contract,0,2,591117,Yes,Yes
43,240360,503,366772,14,0.23,Salaried,3,0,913792,No,Yes
63,37405,329,794823,36,0.14,Business,5,3,817026,No,No
33,76122,358,654987,9,0.66,Contract,3,4,718267,Yes,No
48,238828,308,397240,26,0.13,Self-Employed,3,4,139597,No,Yes
29,248561,623,326869,1,0.49,Contract,1,4,257424,No,No
40,146909,466,222207,18,0.63,Self-Employed,0,1,664162,No,Yes
39,21447,636,953273,13,0.16,Salaried,4,1,787522,Yes,No
59,202215,678,120223,30,0.19,Contract,5,0,189315,Yes,Yes
32,211978,541,948210,6,0.42,Self-Employed,1,1,713595,Yes,Yes
35,28662,459,751329,6,0.38,Salaried,0,3,232425,Yes,No
51,212073,534,538714,24,0.39,Contract,0,0,154075,Yes,Yes
34,76282,752,903554,5,0.41,Contract,4,3,476576,No,Yes
31,153971,498,320200,4,0.67,Business,2,4,886580,No,Yes
46,46582,776,424038,23,0.08,Contract,4,3,384747,No,Yes
62,85471,332,645246,40,0.54,Business,4,4,808620,Yes,Yes
47,141513,707,765706,24,0.2,Contract,0,1,233556,No,Yes
31,191285,388,968456,6,0.29,Business,2,0,996725,No,Yes
58,125578,520,276140,29,0.11,Salaried,2,2,51602,Yes,Yes
54,93871,368,546885,29,0.34,Contract,3,3,692946,No,Yes
63,101205,593,953991,38,0.57,Salaried,4,0,792668,No,No
39,92081,536,586809,13,0.11,Contract,4,2,852436,Yes,Yes
26,123783,459,585194,6,0.23,Contract,2,0,112292,Yes,Yes
58,101805,589,307608,29,0.29,Contract,2,2,500856,Yes,Yes
62,142698,832,118514,40,0.12,Contract,5,0,778278,Yes,Yes
48,186902,634,293126,22,0.55,Contract,2,4,218942,No,Yes
21,156138,801,965592,0,0.56,Contract,0,2,959461,No,Yes
55,28712,545,879201,30,0.59,Self-Employed,0,0,140593,Yes,No
60,99527,622,212347,35,0.43,Contract,0,2,385513,Yes,Yes
28,147453,628,880198,0,0.38,Business,5,4,245310,Yes,Yes
27,144888,846,964580,6,0.22,Contract,4,2,450478,Yes,Yes
31,214437,638,62343,8,0.48,Salaried,5,2,427826,Yes,Yes
59,105185,470,258559,36,0.34,Business,5,0,421526,Yes,Yes
24,117851,409,654515,0,0.68,Business,2,3,49399,No,No
45,179878,309,520272,25,0.68,Business,0,4,353852,Yes,Yes
32,30210,501,167658,8,0.64,Self-Employed,3,0,582216,Yes,No
46,54972,556,284284,23,0.28,Contract,2,1,617967,Yes,Yes
58,52136,561,913294,37,0.29,Salaried,5,2,735501,Yes,Yes
32,193369,729,342665,8,0.6,Salaried,2,1,12676,Yes,Yes
63,134445,806,284558,35,0.52,Salaried,5,0,127653,Yes,Yes
57,33945,365,444021,30,0.51,Self-Employed,2,3,476542,No,No
44,244273,334,479084,16,0.23,Self-Employed,0,4,824917,No,Yes
36,191549,790,739703,10,0.59,Self-Employed,1,0,397732,No,Yes
33,97180,553,517543,4,0.43,Contract,3,3,265212,Yes,Yes
45,88453,316,478599,19,0.34,Self-Employed,3,0,339062,Yes,Yes
24,103404,560,65040,3,0.61,Salaried,1,3,363840,No,Yes
31,226485,555,468403,9,0.31,Self-Employed,3,1,152382,Yes,Yes
52,162296,723,374822,23,0.48,Salaried,0,3,725876,No,Yes
27,21052,800,670684,0,0.35,Business,2,4,20138,Yes,Yes
31,45272,585,207597,10,0.44,Salaried,1,1,262681,Yes,No
48,59150,306,88394,22,0.08,Business,2,2,831845,No,Yes
61,245276,796,140672,36,0.35,Contract,5,1,570555,Yes,Yes
43,166388,498,159042,14,0.41,Self-Employed,3,1,262850,Yes,Yes
65,202461,717,132546,40,0.37,Contract,4,2,899233,No,Yes
43,212404,351,638277,20,0.6,Contract,3,1,48851,No,No
48,156312,542,613940,26,0.25,Contract,3,1,151036,Yes,Yes
63,115095,518,428442,38,0.62,Business,1,2,21237,Yes,Yes
46,86774,817,421902,24,0.31,Self-Employed,2,2,262197,No,Yes
45,61175,408,651798,17,0.5,Contract,1,4,184627,No,No
49,149637,650,779762,26,0.11,Contract,0,1,382027,No,Yes
39,236370,365,831962,16,0.18,Salaried,2,1,975315,Yes,Yes
53,220166,309,492416,32,0.54,Salaried,0,1,608252,No,Yes
56,34375,501,952506,35,0.06,Self-Employed,0,4,695641,No,No
34,43710,513,658110,8,0.68,Salaried,1,1,858735,No,No
34,198967,367,955842,10,0.17,Business,3,2,260697,Yes,Yes
55,225711,626,196087,33,0.64,Business,5,2,115194,Yes,Yes
50,164246,349,897343,25,0.39,Business,4,2,390332,Yes,Yes
48,125026,316,545892,23,0.42,Contract,5,2,284761,Yes,Yes
37,236401,822,928638,17,0.1,Self-Employed,3,3,542938,No,Yes
23,45597,605,630509,1,0.29,Business,3,2,974209,Yes,No
36,92289,691,726055,12,0.15,Business,2,4,888216,Yes,Yes
50,187469,423,336949,24,0.39,Business,1,3,385820,No,Yes
49,220926,803,74190,26,0.41,Business,2,1,149448,Yes,Yes
65,182141,524,695442,38,0.51,Business,4,2,875257,Yes,Yes
35,103687,617,57997,13,0.62,Business,1,1,505697,No,Yes
45,136968,772,422132,20,0.35,Self-Employed,5,2,793726,No,Yes
58,58274,840,990256,33,0.2,Business,5,2,141384,No,Yes
62,223309,657,985573,34,0.27,Self-Employed,5,3,566196,No,Yes
58,221570,782,698478,35,0.6,Self-Employed,3,2,12990,Yes,Yes
43,187269,728,500507,17,0.14,Self-Employed,0,2,112922,Yes,Yes
45,66634,796,80508,16,0.46,Business,3,0,233131,No,Yes
62,48041,771,923485,40,0.06,Business,3,4,687381,No,Yes
27,156320,599,812488,7,0.21,Self-Employed,1,4,984752,Yes,Yes
42,103365,383,557787,21,0.43,Self-Employed,3,1,785053,Yes,Yes
37,151275,676,494790,14,0.35,Business,4,1,421420,No,Yes
38,69986,612,374570,13,0.37,Salaried,3,3,784246,No,Yes
61,43370,619,451740,38,0.48,Salaried,0,1,515486,No,No
30,53247,503,584359,5,0.2,Salaried,1,0,140543,No,Yes
30,142403,654,154613,9,0.23,Business,5,1,720327,Yes,Yes
27,137544,593,877898,0,0.49,Self-Employed,4,2,933460,Yes,No
58,224994,803,136132,36,0.4,Salaried,5,1,865381,No,Yes
47,149506,444,755454,21,0.06,Contract,1,1,560899,Yes,Yes
53,80982,838,173515,33,0.49,Contract,0,2,539566,Yes,Yes
21,83180,316,518533,0,0.45,Self-Employed,2,0,250402,Yes,Yes
64,126534,338,876671,40,0.1,Contract,4,4,392706,Yes,Yes
54,183546,429,228632,30,0.54,Business,0,0,283553,No,Yes
24,42644,414,620212,0,0.39,Contract,5,0,512969,Yes,No
37,56493,749,944662,15,0.18,Self-Employed,2,3,129493,Yes,Yes
24,101824,344,273447,0,0.41,Salaried,5,3,881624,No,No
63,153031,515,99264,35,0.44,Business,0,2,18221,No,Yes
46,65289,714,117799,19,0.65,Self-Employed,2,3,587246,Yes,Yes
24,160215,564,271610,4,0.53,Business,2,4,70578,Yes,Yes
21,188665,739,88022,0,0.25,Salaried,1,2,831993,Yes,Yes
27,188187,680,403322,6,0.13,Salaried,3,3,148127,No,Yes
50,171612,600,740939,28,0.6,Salaried,3,1,596976,Yes,Yes
29,53481,470,324715,8,0.6,Business,0,3,237651,Yes,Yes
55,244577,705,132753,35,0.16,Contract,2,4,634094,Yes,Yes
28,95097,654,884657,4,0.09,Business,3,3,67085,Yes,Yes
44,40578,460,319371,19,0.51,Salaried,0,2,543280,No,No
39,161859,325,91189,13,0.52,Business,0,1,426249,No,Yes
56,90048,382,457423,27,0.17,Business,4,2,158209,Yes,Yes
63,201951,472,817618,37,0.48,Contract,1,1,375811,No,Yes
47,159668,369,390352,26,0.23,Salaried,1,1,652851,Yes,Yes
52,246354,305,889838,26,0.22,Contract,5,4,533018,Yes,Yes
34,209741,494,747143,13,0.26,Salaried,2,0,468427,Yes,Yes
38,169002,824,675110,17,0.39,Self-Employed,3,4,656775,Yes,Yes
48,197022,362,135587,23,0.57,Salaried,2,0,141843,Yes,Yes
49,113737,312,734239,24,0.37,Business,3,0,343042,No,Yes
36,36687,504,340989,9,0.24,Self-Employed,3,4,722547,No,No
55,201905,339,60015,31,0.62,Business,3,3,399636,Yes,Yes
51,140540,464,419744,27,0.09,Self-Employed,5,4,805839,Yes,Yes
24,185061,330,788321,0,0.57,Business,3,2,316004,No,No
57,48183,828,726856,37,0.56,Self-Employed,3,2,688604,Yes,No
37,38758,697,968211,14,0.21,Self-Employed,4,2,695699,No,Yes
59,150154,758,172146,39,0.18,Business,4,2,790265,Yes,Yes
46,114368,522,723127,17,0.62,Self-Employed,3,0,528769,Yes,Yes
59,63891,377,76467,35,0.41,Business,5,0,194610,Yes,Yes
61,194882,727,919654,34,0.08,Contract,0,4,185129,No,Yes
24,64901,724,319262,4,0.63,Business,0,1,719273,Yes,Yes
50,232584,686,113884,28,0.28,Contract,1,1,369954,Yes,Yes
50,121912,538,716573,30,0.27,Self-Employed,3,0,644916,No,Yes
42,89062,389,147021,17,0.47,Salaried,0,3,367406,Yes,Yes
31,245694,684,262109,2,0.48,Contract,1,0,706721,Yes,Yes
22,170635,438,714228,2,0.28,Salaried,0,3,651226,No,Yes
64,90008,823,626004,35,0.14,Salaried,1,1,711439,Yes,Yes
32,151847,543,438346,10,0.41,Business,2,0,400699,No,Yes
50,164900,804,538085,26,0.46,Business,0,4,324639,No,Yes
56,35974,721,878955,32,0.61,Salaried,3,2,258761,No,No
38,171460,481,870460,17,0.36,Business,3,1,558353,Yes,Yes
46,98591,494,692179,24,0.47,Salaried,4,0,652618,Yes,Yes
27,36615,352,453761,0,0.09,Business,2,0,136197,Yes,No
21,186958,478,50357,1,0.63,Business,2,2,851183,Yes,Yes
46,40838,592,989292,26,0.26,Business,0,1,581767,Yes,No
43,58728,674,284788,22,0.46,Salaried,1,4,49417,Yes,Yes
46,134249,358,413682,19,0.65,Self-Employed,5,4,588735,Yes,Yes
65,96000,353,697059,40,0.58,Business,4,4,904447,No,No
26,70798,544,460018,3,0.46,Business,2,1,832229,Yes,Yes
26,221848,448,959026,0,0.51,Salaried,2,4,375219,Yes,Yes
64,219550,667,497955,39,0.65,Contract,5,3,222003,Yes,Yes
28,168694,315,701905,0,0.58,Salaried,3,0,586618,Yes,No
44,162608,475,51593,19,0.45,Business,5,3,888616,No,No
42,216208,839,578890,21,0.48,Business,3,1,825527,No,Yes
39,154772,705,424417,17,0.15,Self-Employed,1,4,840844,Yes,Yes
57,187911,766,833837,29,0.36,Business,0,4,574971,Yes,Yes
38,28248,428,256185,12,0.25,Contract,1,4,515310,Yes,No
51,63291,522,160903,26,0.33,Business,0,2,38419,Yes,Yes
57,100629,543,670153,33,0.48,Business,4,2,496058,No,No
50,233963,725,323087,28,0.15,Self-Employed,5,4,100057,Yes,Yes
62,143612,653,476228,39,0.06,Contract,2,0,428970,No,Yes
53,35177,625,513324,33,0.31,Contract,1,2,26872,No,No
30,168555,302,459466,6,0.26,Business,0,1,893109,Yes,Yes
57,61815,778,703747,31,0.32,Contract,5,4,308448,Yes,Yes
32,56533,380,132169,11,0.66,Self-Employed,4,0,305020,Yes,Yes
50,18026,343,94053,23,0.51,Salaried,1,2,177333,Yes,No
47,122997,454,220460,18,0.26,Business,2,1,188807,No,Yes
59,78611,835,272779,34,0.17,Business,4,2,767183,Yes,Yes
29,105242,398,776765,0,0.45,Contract,3,1,66024,Yes,No
41,173732,696,830169,19,0.48,Business,2,4,979872,No,Yes
32,204175,470,645795,11,0.36,Business,3,0,925340,Yes,Yes
49,201325,447,373455,22,0.19,Self-Employed,4,3,920164,Yes,Yes
53,122913,422,915925,30,0.07,Salaried,4,2,405598,No,Yes
63,60082,411,776864,37,0.22,Salaried,3,0,21887,No,No
35,165330,429,792149,9,0.35,Contract,0,3,596356,Yes,Yes
22,121613,367,796837,0,0.56,Self-Employed,5,4,475431,No,No
59,116315,844,237729,31,0.6,Self-Employed,4,1,497174,Yes,Yes
64,107690,585,778543,35,0.32,Self-Employed,1,4,997583,Yes,Yes
38,113220,304,468715,11,0.57,Self-Employed,5,0,391044,No,No
23,33389,417,343929,0,0.7,Business,1,0,510716,Yes,No
27,109860,529,394137,1,0.52,Contract,4,2,41806,No,No
63,176757,459,910968,34,0.52,Contract,5,3,507403,Yes,Yes
38,208292,593,757390,14,0.64,Business,3,3,197109,No,No
64,176267,485,218981,36,0.27,Contract,3,2,854263,Yes,Yes
58,39797,523,306219,32,0.06,Self-Employed,2,4,529317,Yes,Yes
57,129975,451,871326,35,0.69,Business,3,3,545145,Yes,Yes
53,220382,439,177210,28,0.37,Business,0,4,587716,Yes,Yes
64,115169,666,658412,40,0.56,Salaried,0,1,737369,No,Yes
51,84332,427,908438,26,0.58,Business,1,0,427760,Yes,No
31,242997,650,589761,4,0.31,Salaried,4,1,633883,Yes,Yes
24,211979,446,131697,0,0.4,Business,1,2,201943,No,Yes
38,156260,584,70063,17,0.4,Contract,4,3,643959,Yes,Yes
24,41696,768,832977,0,0.19,Salaried,1,1,791692,Yes,Yes
54,20024,517,565993,32,0.13,Salaried,4,0,907813,Yes,No
49,222274,735,128444,23,0.4,Salaried,4,3,394998,Yes,Yes
44,185057,444,586138,21,0.13,Salaried,1,4,416694,Yes,Yes
42,155656,576,837416,18,0.27,Self-Employed,2,3,45374,Yes,Yes
22,108998,359,624738,0,0.17,Business,0,0,454351,Yes,Yes
64,176116,674,762060,39,0.51,Self-Employed,3,3,994619,No,Yes
26,23285,703,647011,0,0.62,Contract,0,1,486175,No,No
62,212187,413,569840,40,0.43,Business,3,2,532042,No,No
45,25370,794,143392,22,0.32,Self-Employed,4,1,303359,Yes,Yes
41,35903,635,70339,18,0.7,Business,5,3,306993,No,No
36,181571,584,683437,11,0.06,Self-Employed,1,4,415421,Yes,Yes
51,115904,428,612769,28,0.25,Contract,1,3,365023,Yes,Yes
34,40995,614,245423,10,0.23,Self-Employed,3,0,207573,No,No
59,123160,370,233911,35,0.28,Contract,1,1,405830,Yes,Yes
48,184272,644,376380,21,0.2,Salaried,1,1,711303,No,Yes
52,106377,397,916051,29,0.22,Self-Employed,1,3,880140,Yes,Yes
48,219474,599,753647,23,0.22,Salaried,0,2,334977,Yes,Yes
29,162638,475,634594,3,0.38,Contract,1,3,274265,No,Yes
65,55822,374,290514,38,0.3,Salaried,2,2,48423,No,Yes
42,125412,442,599723,14,0.47,Self-Employed,3,3,59050,Yes,No
52,69222,322,957836,23,0.38,Business,0,1,440702,No,Yes
25,112088,480,510837,0,0.17,Self-Employed,0,2,314369,Yes,Yes
43,249157,344,605125,20,0.58,Salaried,4,0,153816,No,No
25,108450,768,810197,2,0.36,Salaried,4,2,40959,Yes,Yes
62,199740,391,85495,33,0.15,Self-Employed,1,4,793759,No,Yes
52,127366,568,614048,28,0.16,Self-Employed,0,0,762769,Yes,Yes
30,128078,333,162489,8,0.57,Self-Employed,5,3,450990,No,No
59,81853,663,963783,38,0.51,Self-Employed,0,4,648014,Yes,Yes
35,203715,432,72084,14,0.38,Contract,1,0,793406,Yes,Yes
27,141794,681,218530,0,0.25,Business,3,3,459790,Yes,Yes
49,171405,576,903033,22,0.35,Salaried,0,2,291106,No,Yes
23,165030,455,958757,0,0.46,Contract,4,3,128327,No,No
39,70442,686,633639,11,0.62,Self-Employed,1,1,508698,No,Yes
30,170026,834,752921,6,0.41,Self-Employed,0,0,931429,Yes,Yes
48,224246,499,831441,19,0.23,Contract,5,2,394476,Yes,Yes
49,248755,574,755563,29,0.08,Self-Employed,5,3,639112,No,Yes
35,27675,800,279096,8,0.16,Salaried,4,2,270318,Yes,Yes
55,107590,758,845252,33,0.47,Salaried,2,2,487063,Yes,Yes
26,126570,349,107232,0,0.15,Salaried,0,0,315285,Yes,Yes
32,49661,831,461973,12,0.36,Contract,5,2,95662,Yes,Yes
58,82289,391,358732,36,0.5,Self-Employed,1,0,69122,No,Yes
33,35184,755,531898,13,0.25,Contract,4,2,15730,No,No
49,65963,638,58058,29,0.48,Salaried,0,2,276545,Yes,Yes
39,174894,352,400532,14,0.43,Contract,4,3,293897,No,No
23,211375,795,391798,0,0.34,Self-Employed,1,4,192812,Yes,Yes
28,225537,303,217814,0,0.63,Self-Employed,0,0,983076,Yes,Yes
28,23267,580,174063,5,0.5,Business,5,1,426936,No,No
40,201719,589,122195,16,0.28,Business,1,0,916052,No,Yes
24,80814,372,238052,2,0.57,Business,3,2,404436,No,No
41,54025,436,120377,20,0.53,Salaried,0,4,717159,No,Yes
23,139246,692,436301,0,0.56,Business,0,0,349278,Yes,Yes
65,95605,507,723695,38,0.47,Salaried,5,2,733739,Yes,Yes
28,150053,559,529057,2,0.3,Contract,4,1,701361,No,Yes
43,61436,562,250032,14,0.28,Self-Employed,0,3,937799,No,Yes
36,167544,804,97501,13,0.48,Contract,3,3,878300,Yes,Yes
33,168408,849,368021,12,0.14,Business,4,0,83910,Yes,Yes
23,174659,502,64538,0,0.58,Business,4,0,336571,Yes,No
29,95192,646,690147,2,0.29,Salaried,2,1,283823,No,Yes
34,241934,351,422956,11,0.46,Salaried,0,3,566923,No,Yes
33,233118,655,578057,9,0.37,Contract,2,2,465893,Yes,Yes
27,202085,818,868018,0,0.39,Contract,5,0,267052,Yes,Yes
35,138591,662,921983,10,0.53,Business,3,4,746258,Yes,Yes
27,102511,344,674902,4,0.46,Salaried,0,3,858196,Yes,Yes
58,27665,677,904311,37,0.21,Salaried,2,2,640780,Yes,Yes
54,176169,711,102219,30,0.1,Contract,2,3,152321,Yes,Yes
61,109277,441,871539,40,0.6,Salaried,4,1,299546,No,No
42,70474,557,443899,16,0.63,Contract,2,4,364045,No,Yes
44,221045,336,665275,16,0.16,Self-Employed,2,2,573375,No,Yes
57,174257,344,378734,35,0.25,Business,5,2,476740,No,Yes
64,93911,345,897529,39,0.23,Salaried,0,0,50247,No,No
21,110643,600,270203,0,0.66,Salaried,0,1,879300,Yes,Yes
30,48484,587,768762,7,0.18,Self-Employed,4,1,805801,Yes,No
63,119165,568,167290,38,0.16,Self-Employed,0,2,92312,Yes,Yes
36,194682,361,267006,14,0.17,Self-Employed,3,3,674939,Yes,Yes
28,199879,541,466901,0,0.52,Contract,4,2,567002,Yes,No
45,199979,653,902316,19,0.63,Contract,3,2,304592,Yes,Yes
32,206461,370,406570,6,0.31,Self-Employed,0,2,585845,No,Yes
45,43835,712,459578,22,0.14,Business,0,2,77564,Yes,Yes
37,244351,360,411470,12,0.43,Business,4,2,809799,Yes,Yes
46,114453,751,50503,19,0.19,Salaried,2,2,379947,No,Yes
34,71790,692,746405,9,0.09,Contract,1,3,761254,Yes,Yes
61,226032,828,553034,36,0.63,Business,1,4,814766,No,Yes
56,27643,604,850008,33,0.62,Salaried,0,4,65233,No,No
43,93846,490,869722,16,0.68,Business,3,0,826721,Yes,No
63,168023,377,241567,34,0.36,Contract,4,4,736031,Yes,Yes
26,241176,824,848316,0,0.24,Business,2,3,745418,No,Yes
25,164305,600,494876,0,0.55,Business,5,2,68089,No,No
63,31200,316,704325,38,0.17,Contract,0,1,816864,Yes,No
45,70275,733,730565,24,0.21,Salaried,3,3,168895,No,Yes
38,236156,342,900171,15,0.22,Salaried,0,1,778272,Yes,Yes
33,225140,367,696399,10,0.67,Self-Employed,5,0,165170,Yes,Yes
63,107001,679,837700,36,0.52,Salaried,1,3,643438,No,Yes
34,170363,511,903144,10,0.14,Self-Employed,0,2,98034,No,Yes
48,60448,502,461232,25,0.11,Contract,3,2,275658,Yes,Yes
38,179652,408,111939,11,0.6,Salaried,1,3,931815,No,Yes
48,109685,583,128281,26,0.57,Contract,5,3,781752,No,No
47,170418,524,258569,26,0.49,Salaried,5,2,801844,No,No
52,28619,417,938349,29,0.18,Business,0,1,237440,Yes,No
29,123454,639,747072,9,0.36,Salaried,1,3,282413,No,Yes
60,19766,580,177744,40,0.44,Business,5,2,680033,No,No
52,21549,790,154894,28,0.66,Salaried,4,4,322538,No,Yes
40,167765,318,298160,20,0.16,Contract,3,3,87199,No,Yes
48,211091,474,449984,25,0.39,Self-Employed,3,0,658147,Yes,Yes
53,246530,768,240286,26,0.15,Salaried,4,0,816760,Yes,Yes
24,125938,441,462188,0,0.34,Contract,5,3,299838,No,Yes
54,145673,762,541841,33,0.18,Business,5,2,585259,Yes,Yes
23,249352,597,254234,1,0.59,Business,3,1,897700,No,No
46,66328,769,637700,24,0.22,Business,3,3,710456,No,Yes
28,226773,672,226353,8,0.32,Business,0,0,150540,Yes,Yes
26,238172,767,733763,4,0.32,Contract,2,1,216636,No,Yes
36,249866,737,144568,9,0.61,Salaried,0,4,432240,Yes,Yes
44,43301,742,342370,19,0.54,Business,4,1,399743,Yes,Yes
59,62763,755,886417,35,0.09,Business,4,4,567256,No,Yes
50,169837,547,734143,21,0.09,Salaried,2,0,322767,Yes,Yes
65,62787,441,517155,37,0.41,Contract,0,4,384999,No,No
33,138675,701,944184,7,0.33,Business,0,1,676252,No,Yes
25,25425,521,538371,0,0.23,Self-Employed,0,0,399341,Yes,No
45,30857,483,558062,21,0.57,Contract,1,1,709562,No,No
40,201843,663,249227,16,0.13,Self-Employed,5,3,126854,Yes,Yes
38,110999,487,572100,9,0.68,Contract,1,1,15229,Yes,Yes
38,171516,412,116883,10,0.07,Business,0,3,147076,No,Yes
22,59457,480,171501,0,0.13,Contract,1,3,913737,No,Yes
30,228813,498,864220,5,0.25,Contract,0,4,508135,No,Yes
65,149776,369,673502,40,0.38,Self-Employed,4,3,865315,Yes,Yes
32,23452,784,57166,9,0.19,Contract,0,4,279425,Yes,Yes
33,129153,698,478435,10,0.53,Contract,1,3,738254,Yes,Yes
31,56862,850,770801,6,0.28,Business,2,0,814352,No,Yes
39,210543,309,946731,19,0.08,Salaried,4,4,394022,No,Yes
55,218289,302,312547,27,0.62,Self-Employed,3,1,421168,No,No
59,235130,777,518785,38,0.66,Self-Employed,2,4,53704,Yes,Yes
46,36300,366,77224,25,0.45,Salaried,2,0,860128,Yes,No
34,158638,396,788970,10,0.57,Self-Employed,5,3,643525,No,No
65,156573,830,53485,40,0.13,Business,3,0,320721,No,Yes
64,19845,617,424199,40,0.22,Contract,4,2,653678,Yes,No
44,137342,397,387128,20,0.26,Contract,5,0,771466,No,Yes
61,57181,356,639779,35,0.67,Business,3,0,505262,No,No
21,206335,406,529424,0,0.38,Self-Employed,4,0,317637,Yes,Yes
63,227838,387,915378,40,0.05,Contract,4,1,985093,No,Yes
42,212110,670,326406,17,0.3,Salaried,5,1,793247,Yes,Yes
43,232362,674,929728,20,0.06,Contract,4,0,803764,Yes,Yes
39,52404,351,518586,18,0.2,Business,2,2,137844,Yes,Yes
38,40564,340,541031,18,0.35,Contract,4,2,489479,No,No
32,115898,390,471144,5,0.26,Business,5,4,907414,Yes,Yes
48,206507,338,833335,24,0.07,Self-Employed,3,0,729092,Yes,Yes
48,36227,312,959236,19,0.13,Salaried,2,4,290547,No,No
53,239368,403,244251,32,0.41,Business,4,3,41488,Yes,Yes
39,113259,342,820570,12,0.5,Salaried,1,2,34541,No,No
48,142451,508,791725,26,0.31,Self-Employed,1,3,125857,No,Yes
57,196547,775,531595,31,0.53,Self-Employed,4,3,105657,No,Yes
46,35215,408,178716,25,0.16,Business,1,0,627254,No,Yes
55,148577,513,171774,29,0.13,Contract,0,2,377946,No,Yes
54,89074,708,346856,31,0.6,Salaried,5,4,465872,No,Yes
55,170771,376,528707,26,0.27,Contract,2,3,739724,Yes,Yes
60,126621,394,608616,40,0.33,Salaried,0,0,408904,Yes,Yes
36,161526,568,212704,12,0.67,Self-Employed,2,1,101621,No,Yes
58,197289,660,873947,35,0.33,Self-Employed,3,2,92116,No,Yes
33,124759,829,374218,6,0.05,Self-Employed,1,1,454629,Yes,Yes
43,146471,461,253762,23,0.66,Contract,1,4,372956,No,Yes
42,39711,764,246019,21,0.06,Self-Employed,5,4,807200,Yes,Yes
36,164131,847,471386,12,0.48,Contract,1,4,727190,No,Yes
48,66398,486,883289,19,0.26,Self-Employed,4,2,531061,Yes,Yes
55,19286,351,886176,26,0.36,Contract,2,3,562646,Yes,No
65,183369,787,933131,40,0.41,Business,4,0,18459,No,Yes
28,126304,830,782981,8,0.32,Business,1,3,789557,No,Yes
64,122959,695,273852,39,0.55,Salaried,3,2,27622,No,Yes
42,249253,391,55327,13,0.65,Contract,1,1,882886,Yes,Yes
41,175557,656,766606,18,0.11,Contract,5,0,440901,No,Yes
46,77967,443,132675,22,0.57,Business,4,4,478551,No,No
60,115803,498,272483,38,0.13,Business,1,1,686878,No,Yes
41,147745,622,345408,12,0.1,Business,0,3,834349,Yes,Yes
45,72583,631,390740,20,0.67,Salaried,0,0,283556,Yes,Yes
61,142077,563,983160,38,0.37,Business,4,4,261115,No,Yes
21,200702,516,724165,0,0.15,Salaried,0,0,344139,No,Yes
26,129359,733,805262,2,0.42,Salaried,2,3,237277,Yes,Yes
43,45086,759,603143,22,0.22,Business,5,2,690583,Yes,Yes
43,165556,802,840559,20,0.35,Business,2,3,244670,No,Yes
63,217695,768,171704,40,0.46,Business,5,2,116231,Yes,Yes
63,122132,665,350463,39,0.62,Contract,5,4,85639,No,Yes
43,77263,538,905558,21,0.05,Self-Employed,4,3,606899,Yes,Yes
52,167747,695,849405,27,0.19,Contract,0,3,768600,Yes,Yes
50,138155,694,263453,26,0.11,Salaried,2,3,570665,Yes,Yes
33,78664,374,546486,12,0.11,Salaried,0,3,963939,Yes,Yes
63,173752,397,229159,34,0.66,Self-Employed,1,2,586634,No,Yes
38,166149,682,500927,11,0.66,Self-Employed,5,2,45653,Yes,Yes
43,138474,669,77281,18,0.54,Business,0,1,202161,Yes,Yes
35,187246,584,197621,7,0.47,Contract,0,4,450379,No,Yes
53,94968,555,176566,31,0.6,Contract,4,4,738214,Yes,Yes
41,152563,608,897858,18,0.09,Contract,1,2,136716,Yes,Yes
59,195198,475,601911,32,0.13,Self-Employed,2,1,270582,No,Yes
43,152464,527,805392,17,0.26,Contract,5,1,186864,Yes,Yes
47,211329,646,663904,20,0.59,Self-Employed,5,3,948620,Yes,Yes
65,85804,641,185769,37,0.36,Contract,5,1,636260,Yes,Yes
64,56400,538,327874,37,0.38,Self-Employed,2,4,173496,Yes,Yes
38,185623,649,209317,11,0.2,Contract,5,0,697449,Yes,Yes
44,46088,754,81313,19,0.47,Salaried,0,2,746324,No,Yes
60,229087,740,789453,39,0.63,Self-Employed,3,3,464393,Yes,Yes
62,174537,814,902005,36,0.26,Business,3,1,100696,No,Yes
27,197227,380,103595,4,0.45,Salaried,5,2,385163,Yes,Yes
40,105893,660,604196,18,0.27,Salaried,2,2,681276,No,Yes
47,23969,587,942222,24,0.57,Self-Employed,0,2,614220,Yes,No
26,26981,307,876080,3,0.36,Contract,0,4,714928,No,No
47,170104,386,435757,25,0.27,Contract,1,3,430312,Yes,Yes
29,72091,585,611577,1,0.32,Self-Employed,4,0,441795,No,No
65,125154,698,243782,40,0.11,Contract,3,3,704638,Yes,Yes
51,42408,373,189911,30,0.61,Contract,5,1,256096,No,No
41,173313,738,146541,21,0.67,Contract,0,3,51215,Yes,Yes
46,65940,422,774198,26,0.36,Self-Employed,2,4,166007,No,Yes
60,232010,676,713871,36,0.19,Self-Employed,3,0,397694,Yes,Yes
65,200177,442,136527,40,0.48,Business,4,3,315170,Yes,Yes
33,240374,457,704856,5,0.34,Contract,0,1,517850,No,Yes
43,210122,729,416816,20,0.21,Contract,3,3,384535,Yes,Yes
40,21657,747,945481,16,0.07,Self-Employed,0,4,17877,Yes,Yes
57,39230,709,705160,32,0.63,Business,5,2,76181,Yes,No
48,167752,670,191020,19,0.57,Self-Employed,4,4,133591,Yes,Yes
37,231766,408,618926,11,0.59,Self-Employed,1,4,950472,No,Yes
48,102731,335,799250,20,0.34,Business,3,4,115559,Yes,Yes
61,191412,389,711233,36,0.54,Self-Employed,4,0,642379,No,No
22,185022,714,736821,2,0.43,Salaried,1,3,161414,No,Yes
45,227587,595,254106,18,0.29,Business,1,1,710818,Yes,Yes
61,156939,345,401236,40,0.6,Contract,4,2,700300,Yes,Yes
26,229763,787,541358,0,0.7,Contract,2,2,578499,No,Yes
31,227614,469,77091,5,0.63,Business,4,0,805560,Yes,Yes
58,22329,445,907603,32,0.55,Contract,0,1,630890,Yes,No
26,237159,719,758359,0,0.54,Salaried,2,2,375011,No,Yes
65,53865,302,829177,36,0.47,Contract,1,1,722535,No,No
31,216012,562,869964,7,0.6,Business,3,1,387509,No,No
34,55869,620,465906,7,0.37,Self-Employed,1,3,467086,Yes,Yes
22,215977,545,329180,0,0.17,Business,3,0,61855,Yes,Yes
60,138185,776,357184,40,0.55,Business,3,4,248118,Yes,Yes
23,101984,558,499412,1,0.65,Salaried,4,4,918128,Yes,No
55,143172,392,225634,27,0.27,Contract,4,2,908249,Yes,Yes
53,119069,832,846753,33,0.56,Business,1,2,981314,No,Yes
44,107711,638,79152,17,0.23,Contract,4,0,610964,Yes,Yes
39,84252,559,660172,14,0.66,Self-Employed,1,3,821123,Yes,Yes
38,97386,536,398675,9,0.49,Business,4,2,870242,Yes,Yes
44,136728,440,367055,20,0.42,Business,4,2,938189,No,No
65,150783,779,926730,40,0.56,Contract,3,1,134018,No,Yes
55,43801,649,443361,31,0.58,Salaried,2,0,387640,No,No
21,236359,429,644925,0,0.63,Salaried,4,4,139108,No,No
56,108709,836,185319,35,0.64,Contract,5,0,417746,Yes,Yes
45,71270,310,381868,16,0.08,Business,5,4,620362,No,Yes
65,220694,556,540526,40,0.13,Self-Employed,5,1,634372,Yes,Yes
63,73535,668,768649,40,0.59,Salaried,4,3,729707,Yes,Yes
54,225831,693,486763,32,0.66,Salaried,1,4,723960,No,Yes
45,34220,718,970200,21,0.25,Self-Employed,3,1,254882,Yes,Yes
36,31392,318,570108,15,0.06,Salaried,5,3,755295,No,No
54,234659,409,811904,32,0.26,Contract,3,1,232781,Yes,Yes
49,151318,736,555710,23,0.3,Business,2,3,224977,Yes,Yes
39,38010,804,462929,19,0.54,Salaried,2,2,247319,No,No
43,144951,333,618837,22,0.08,Self-Employed,2,3,539197,No,Yes
39,86358,587,224620,17,0.19,Contract,4,4,170101,No,Yes
45,239275,554,495849,16,0.63,Contract,1,3,655771,Yes,Yes
36,166306,433,932843,10,0.15,Contract,5,0,792423,No,Yes
29,114190,798,271958,6,0.54,Contract,0,3,906064,Yes,Yes
21,133795,696,447857,0,0.28,Business,5,1,967393,No,Yes
62,198523,786,383239,35,0.48,Contract,5,4,80166,No,Yes
39,140790,512,427481,19,0.1,Contract,1,2,733238,No,Yes
53,143223,649,979135,29,0.24,Contract,3,2,518987,No,Yes
54,93205,318,479032,34,0.33,Self-Employed,2,1,566954,Yes,Yes
36,170856,418,576311,10,0.61,Self-Employed,0,2,323272,Yes,Yes
64,178744,601,468872,40,0.42,Self-Employed,3,4,846139,Yes,Yes
60,19082,584,530469,33,0.08,Self-Employed,2,1,866811,Yes,No
38,160220,526,609130,11,0.57,Salaried,5,4,68437,Yes,Yes
54,176566,806,105189,26,0.09,Contract,0,2,897707,Yes,Yes
45,93093,800,440262,20,0.66,Salaried,1,2,143014,No,Yes
65,69952,511,816098,39,0.19,Salaried,5,0,120451,Yes,Yes
26,54719,655,358067,0,0.37,Salaried,3,1,590129,Yes,Yes
41,66737,786,347224,17,0.1,Business,4,3,687400,Yes,Yes
26,208525,620,53474,0,0.42,Contract,5,1,721562,Yes,No
52,125271,522,175185,24,0.37,Contract,0,4,349503,Yes,Yes
61,188608,490,522923,38,0.32,Salaried,0,2,498256,No,Yes
63,199676,799,708620,40,0.07,Self-Employed,5,0,745077,No,Yes
59,199905,794,955958,32,0.62,Business,5,1,862105,No,Yes
51,163111,536,55618,25,0.57,Salaried,1,4,497112,No,Yes
62,85839,321,751125,37,0.46,Salaried,1,0,770217,Yes,No
30,65931,626,831550,4,0.42,Business,3,0,43673,Yes,No
50,57925,844,215190,28,0.5,Salaried,4,0,304161,No,Yes
38,200075,426,714645,13,0.14,Contract,2,2,448257,Yes,Yes
44,232889,664,285424,15,0.66,Self-Employed,5,4,668619,Yes,Yes
29,197969,343,369227,3,0.24,Self-Employed,0,0,684120,Yes,Yes
51,105745,818,254749,25,0.48,Self-Employed,0,2,587580,Yes,Yes
35,144298,427,209424,11,0.44,Self-Employed,3,2,252329,Yes,Yes
24,111709,429,487272,2,0.46,Salaried,2,2,950905,No,No
60,60287,828,860139,39,0.62,Self-Employed,2,1,941720,Yes,Yes
29,239798,620,203233,3,0.24,Salaried,5,2,356147,No,Yes
65,182084,485,461866,40,0.54,Contract,2,4,390558,No,Yes
29,125252,647,329088,8,0.44,Salaried,3,3,819367,Yes,Yes
46,190855,780,843978,19,0.1,Salaried,0,1,622263,No,Yes
24,127323,660,628427,3,0.32,Salaried,1,0,924170,No,Yes
37,234799,586,163857,12,0.59,Business,0,2,180625,Yes,Yes
36,217387,481,319351,13,0.25,Business,1,1,345235,Yes,Yes
35,232838,750,669092,7,0.36,Business,1,1,866805,No,Yes
55,195563,396,777382,31,0.37,Contract,3,4,120942,Yes,Yes
25,238013,613,343366,2,0.45,Self-Employed,5,0,253219,Yes,No
25,207656,845,996625,0,0.62,Salaried,2,3,53686,Yes,Yes
40,30803,320,920735,18,0.16,Salaried,5,3,292412,No,No
35,198697,796,744275,7,0.38,Self-Employed,3,1,819113,Yes,Yes
38,136819,702,584305,11,0.33,Business,5,1,838859,Yes,Yes
22,111361,423,196166,0,0.24,Contract,5,0,436180,Yes,Yes
49,31698,418,605524,20,0.65,Salaried,1,1,747347,Yes,No
33,183632,776,450880,9,0.06,Self-Employed,0,2,877157,No,Yes
24,33376,402,342065,4,0.13,Business,1,3,906069,Yes,No
62,232726,632,407525,33,0.53,Contract,3,2,60916,No,No
65,31117,758,916541,37,0.22,Self-Employed,5,4,56197,Yes,Yes
30,205453,429,900022,9,0.52,Self-Employed,5,1,160302,No,No
51,187028,433,845822,31,0.59,Salaried,0,0,557198,Yes,Yes
61,66786,456,476993,36,0.22,Contract,2,4,232916,No,Yes
28,131005,724,753948,8,0.17,Contract,3,4,253078,No,Yes
23,236850,734,436795,0,0.14,Business,5,0,287501,Yes,Yes
29,84480,688,485883,0,0.18,Business,5,4,532564,No,Yes
50,180767,617,441685,21,0.22,Salaried,4,2,431123,Yes,Yes
31,150583,804,604268,5,0.61,Contract,5,4,722410,No,Yes
55,71233,489,691248,29,0.55,Business,1,0,734168,Yes,No
57,129022,710,806276,37,0.05,Contract,2,3,88372,No,Yes
62,171574,351,991312,33,0.62,Self-Employed,2,1,595845,Yes,Yes
33,199082,745,113470,9,0.1,Self-Employed,5,0,583953,No,Yes
56,239413,743,384906,34,0.48,Self-Employed,0,2,830454,No,Yes
33,110529,681,924415,12,0.15,Contract,3,2,316960,Yes,Yes
32,222977,673,414789,8,0.09,Salaried,5,3,555808,No,Yes
57,195561,674,723286,33,0.54,Business,5,2,31999,No,Yes
30,118919,688,67621,9,0.35,Salaried,1,0,554679,No,Yes
29,101533,778,978671,4,0.44,Salaried,5,2,94274,Yes,Yes
27,230237,703,907677,1,0.33,Salaried,4,3,194689,Yes,Yes
22,181021,767,174604,2,0.09,Salaried,1,3,683239,Yes,Yes
43,217448,804,390920,21,0.53,Business,5,4,621788,Yes,Yes
59,228659,382,85031,36,0.58,Self-Employed,5,4,917291,No,No
60,242131,618,344290,39,0.08,Self-Employed,3,2,359049,Yes,Yes
59,216382,366,558186,30,0.29,Self-Employed,2,2,931133,No,Yes
41,227870,713,844430,17,0.41,Contract,4,2,598657,Yes,Yes
43,87407,752,164619,20,0.44,Contract,0,2,278926,No,Yes
49,91809,497,519564,28,0.43,Business,3,4,645497,Yes,Yes
34,35229,558,167974,14,0.5,Business,1,0,857309,Yes,No
46,176457,597,343245,19,0.68,Business,3,0,280550,No,No
25,60176,579,835452,4,0.3,Self-Employed,0,0,892262,No,Yes
51,112825,599,391908,28,0.41,Business,1,4,138969,No,Yes
45,152332,428,467963,16,0.5,Self-Employed,4,0,639605,No,No
51,115555,797,423980,27,0.44,Self-Employed,1,0,996672,Yes,Yes
40,21145,737,766160,19,0.3,Salaried,1,4,414880,No,Yes
64,115289,591,669614,35,0.46,Contract,0,1,663850,Yes,Yes
37,156874,506,314026,9,0.47,Contract,1,2,964045,Yes,Yes
65,20263,593,220027,40,0.43,Business,3,2,326682,No,No
22,175985,328,789555,0,0.18,Salaried,2,1,450274,No,Yes
45,75788,478,109965,19,0.38,Business,0,3,679307,No,Yes
33,157227,340,687244,8,0.62,Business,0,0,530363,Yes,Yes
59,149994,769,269866,36,0.61,Contract,0,1,835195,No,Yes
48,221303,491,794782,28,0.54,Salaried,3,0,830954,No,No
62,169744,643,222632,40,0.5,Business,3,1,425740,Yes,Yes
26,187598,577,605631,0,0.15,Business,3,2,515208,Yes,Yes
23,63344,654,299550,0,0.35,Business,5,0,647583,Yes,Yes
55,140819,828,920375,30,0.12,Self-Employed,3,4,579659,Yes,Yes
38,168086,385,165154,11,0.58,Contract,1,2,858342,No,Yes
31,91352,616,447166,9,0.24,Self-Employed,0,2,150896,Yes,Yes
40,240351,636,184961,14,0.55,Business,5,2,321219,Yes,Yes
25,58324,444,997914,0,0.58,Salaried,0,0,181029,Yes,No
39,112075,614,537720,16,0.63,Self-Employed,4,3,655325,No,No
42,244710,524,593264,16,0.54,Self-Employed,2,1,834396,No,Yes
39,187770,722,335160,13,0.42,Business,1,1,988133,No,Yes
36,95169,353,780107,7,0.44,Self-Employed,2,4,314582,No,No
44,41384,367,728102,16,0.26,Salaried,1,3,778376,No,No
61,21512,633,859985,39,0.17,Salaried,1,2,11573,Yes,No
24,155138,376,768698,4,0.13,Contract,1,1,863568,No,Yes
35,180572,838,603620,8,0.17,Contract,0,0,582082,Yes,Yes
45,141775,454,955869,22,0.66,Salaried,2,2,658672,No,Yes
64,96743,371,259697,40,0.16,Salaried,2,2,477797,No,Yes
55,103642,800,709796,31,0.52,Self-Employed,3,3,462990,Yes,Yes
34,147587,746,198159,11,0.17,Contract,2,3,720806,No,Yes
39,97858,658,892134,19,0.68,Self-Employed,3,1,351374,No,Yes
58,72800,576,75428,32,0.29,Salaried,4,1,681502,Yes,Yes
56,212212,612,733514,33,0.32,Contract,3,2,194683,Yes,Yes
27,118364,404,666333,0,0.31,Self-Employed,5,4,471134,Yes,Yes
50,234026,394,287012,22,0.58,Contract,1,2,471086,No,Yes
39,20387,518,305739,12,0.19,Business,0,0,422571,No,No
45,205232,427,487963,25,0.59,Business,5,4,399442,Yes,Yes
36,208313,499,157369,9,0.48,Business,1,1,311481,No,Yes
60,222639,631,84349,36,0.19,Business,4,4,745896,Yes,Yes
28,150871,846,250565,8,0.09,Business,5,4,862768,No,Yes
38,137095,591,87358,10,0.55,Contract,0,1,892272,No,Yes
48,53548,365,626772,20,0.19,Salaried,4,0,719014,No,No
36,182967,703,785809,10,0.63,Self-Employed,5,0,897131,Yes,Yes
39,108450,445,100837,13,0.13,Salaried,1,3,98207,No,Yes
62,123669,829,649621,40,0.45,Salaried,0,3,157876,Yes,Yes
37,98171,701,319675,9,0.5,Salaried,4,0,261268,Yes,Yes
65,189451,424,63825,40,0.48,Self-Employed,5,0,311290,No,No
33,63414,813,384591,7,0.26,Business,3,3,305562,Yes,Yes
27,91071,631,475532,0,0.62,Contract,2,3,195099,Yes,Yes
47,130808,779,383411,19,0.55,Contract,1,0,163876,No,Yes
30,217416,697,329423,6,0.38,Salaried,3,1,737441,Yes,Yes
54,96591,329,687382,29,0.44,Contract,4,0,385437,Yes,Yes
56,242213,355,423903,35,0.42,Self-Employed,4,1,980016,No,No
45,241273,431,749583,24,0.67,Salaried,5,1,749988,Yes,Yes
26,247375,530,271024,0,0.63,Self-Employed,5,1,494761,No,No
44,22297,694,209072,16,0.2,Salaried,0,3,924904,No,Yes
38,127513,451,979549,18,0.22,Business,3,2,274679,No,Yes
43,146668,801,348443,14,0.69,Contract,4,0,173736,Yes,Yes
26,104479,805,257274,2,0.2,Contract,0,4,176946,No,Yes
49,116752,685,461461,23,0.67,Self-Employed,2,4,637774,Yes,Yes
45,154080,832,279174,16,0.47,Contract,2,0,129921,Yes,Yes
37,235885,747,470555,12,0.08,Salaried,0,1,543366,No,Yes
44,133481,425,775748,19,0.27,Business,3,3,336780,Yes,Yes
31,165892,788,918382,6,0.36,Contract,0,3,805795,Yes,Yes
46,220620,745,244891,19,0.59,Business,5,1,81998,Yes,Yes
54,171325,769,523033,28,0.26,Self-Employed,0,0,326008,No,Yes
48,178274,648,439031,24,0.25,Business,3,4,909189,Yes,Yes
23,178308,807,164074,0,0.65,Contract,2,3,889358,Yes,Yes
31,85156,756,686979,10,0.1,Contract,4,1,648462,Yes,Yes
58,78263,684,471247,29,0.41,Self-Employed,2,3,370690,No,Yes
34,136996,747,721986,9,0.38,Self-Employed,5,1,699035,No,Yes
46,117252,414,597590,17,0.09,Business,3,3,878895,Yes,Yes
41,136632,751,685565,17,0.11,Business,1,4,917882,Yes,Yes
59,92855,418,752051,36,0.3,Self-Employed,3,3,333680,Yes,Yes
50,34575,392,473328,21,0.14,Contract,2,0,911423,Yes,No
28,30204,820,305450,4,0.36,Business,2,2,826094,No,Yes
40,29952,837,907479,12,0.45,Self-Employed,3,1,36592,Yes,No
52,101323,732,153812,31,0.5,Business,3,2,541709,Yes,Yes
42,200214,444,251276,17,0.41,Self-Employed,3,4,820359,Yes,Yes
27,182944,367,973591,0,0.3,Contract,2,4,707530,No,Yes
29,178448,430,253623,0,0.13,Business,5,2,326691,Yes,Yes
65,215156,580,278027,40,0.21,Business,0,4,123256,Yes,Yes
21,160712,812,178407,0,0.32,Salaried,1,4,920180,No,Yes
49,44437,300,941398,20,0.65,Salaried,0,1,541236,No,No
28,145129,731,571404,5,0.18,Contract,5,1,388407,Yes,Yes
24,105681,690,474530,0,0.32,Self-Employed,2,1,747398,No,Yes
55,25903,565,512755,28,0.53,Salaried,0,0,375500,Yes,No
23,232776,698,703594,3,0.51,Salaried,3,0,642375,No,Yes
65,44863,555,731595,40,0.68,Contract,4,0,384541,Yes,No
60,61381,694,241644,31,0.17,Self-Employed,3,0,398259,No,Yes
27,46548,473,869798,4,0.06,Contract,1,2,10203,Yes,No
47,199028,344,363491,18,0.26,Business,3,1,597809,Yes,Yes
21,223598,440,607125,0,0.15,Business,4,4,995605,No,Yes
47,29467,838,844571,23,0.41,Self-Employed,2,3,174397,No,No
36,75954,349,190657,7,0.63,Salaried,0,0,482780,No,Yes
58,41901,360,315803,31,0.5,Contract,3,4,46470,Yes,No
27,205055,542,928193,7,0.14,Contract,5,1,266405,Yes,Yes
64,41301,568,579922,40,0.13,Business,0,2,247922,No,No
43,142686,439,166969,19,0.64,Contract,1,4,95074,No,Yes
61,103180,456,941558,40,0.37,Salaried,5,3,155380,Yes,Yes
31,87903,575,577970,7,0.65,Self-Employed,5,4,93094,Yes,Yes
62,121955,330,775458,35,0.53,Contract,0,1,585601,No,Yes
53,165276,307,972156,24,0.7,Salaried,1,4,560463,No,Yes
56,37755,332,947917,30,0.62,Self-Employed,1,2,51567,No,No
57,77817,751,125038,36,0.32,Contract,5,1,15291,Yes,Yes
61,20093,748,448629,36,0.54,Contract,3,0,542490,Yes,No
37,218609,336,71984,8,0.36,Self-Employed,5,1,462163,Yes,Yes
55,114319,333,832469,35,0.2,Contract,5,4,591948,Yes,Yes
25,40940,754,332631,0,0.21,Contract,5,3,766299,Yes,Yes
52,222418,743,52075,23,0.31,Contract,4,1,554311,Yes,Yes
23,193112,536,476766,1,0.12,Business,0,1,883138,No,Yes
55,186394,511,135726,30,0.17,Self-Employed,1,1,358222,No,Yes
34,146714,439,409943,6,0.38,Business,1,1,599597,Yes,Yes
51,109544,660,616581,31,0.67,Self-Employed,1,4,980761,Yes,Yes
51,102437,603,520661,26,0.43,Business,2,0,235778,Yes,Yes
37,110969,595,210284,16,0.32,Contract,5,3,799463,Yes,Yes
44,125001,451,851394,16,0.21,Salaried,0,1,348838,No,Yes
43,105725,522,721213,22,0.18,Self-Employed,0,3,679184,Yes,Yes
38,133784,495,362353,16,0.48,Salaried,1,4,875839,Yes,Yes
34,128675,598,785271,13,0.6,Self-Employed,0,0,390803,No,Yes
35,112266,828,290969,12,0.31,Self-Employed,0,1,269958,No,Yes
35,27236,787,904077,12,0.41,Contract,2,0,90027,No,No
26,90597,510,503717,0,0.51,Self-Employed,1,1,462779,Yes,Yes
47,233196,531,438820,27,0.09,Contract,0,1,633732,No,Yes
35,152974,666,827331,8,0.28,Contract,4,2,685650,Yes,Yes
56,117656,780,962960,32,0.52,Contract,1,3,264191,No,Yes
28,52364,478,116856,1,0.5,Business,0,0,684177,Yes,Yes
35,125071,783,425162,10,0.08,Business,2,3,732536,Yes,Yes
23,248055,794,565753,2,0.2,Contract,5,3,137545,No,Yes
33,112410,846,393667,7,0.49,Salaried,4,3,857621,Yes,Yes
61,169168,315,611473,32,0.23,Salaried,3,0,567225,Yes,Yes
54,161092,765,250307,26,0.58,Self-Employed,3,1,863776,No,Yes
44,76473,701,493100,18,0.07,Salaried,5,1,313524,No,Yes
60,62153,593,768218,36,0.17,Self-Employed,4,1,151227,Yes,Yes
52,190349,470,143745,29,0.23,Self-Employed,3,1,872503,Yes,Yes
52,236293,331,507542,25,0.65,Self-Employed,4,1,455652,Yes,Yes
50,56502,562,613618,25,0.57,Business,5,1,939451,No,No
33,33675,514,299309,9,0.62,Contract,5,4,586670,No,No
21,173437,488,882847,0,0.34,Salaried,0,4,692204,Yes,Yes
54,236884,560,373150,32,0.58,Contract,3,1,241657,No,No
35,136384,481,754487,7,0.6,Contract,3,0,401035,Yes,Yes
64,96229,804,72547,40,0.31,Business,4,3,596636,No,Yes
34,107049,641,335083,11,0.7,Self-Employed,0,3,162032,Yes,Yes
49,201220,321,391882,22,0.6,Contract,0,0,533643,No,Yes
54,107157,373,406900,29,0.68,Self-Employed,1,4,138097,No,Yes
38,238319,465,792658,18,0.61,Business,1,3,40483,No,No
27,123711,533,517548,6,0.55,Contract,0,4,546238,No,Yes
49,128090,674,707082,21,0.66,Salaried,5,2,899609,Yes,Yes
51,111321,732,424984,26,0.32,Contract,5,3,151504,No,Yes
45,217150,633,585962,19,0.56,Business,5,2,721475,Yes,Yes
58,231670,839,426095,30,0.19,Business,4,2,800846,Yes,Yes
34,219974,334,442239,12,0.53,Contract,2,2,400812,No,Yes
28,44465,743,970316,4,0.56,Salaried,2,2,127173,Yes,Yes
47,50286,530,813437,23,0.52,Self-Employed,1,1,223629,No,No
22,72795,617,172225,0,0.6,Contract,3,1,251749,Yes,No
37,189250,642,445494,11,0.32,Contract,2,0,639297,Yes,Yes
57,126139,729,216190,36,0.4,Salaried,3,3,507216,Yes,Yes
34,228255,765,250231,11,0.06,Salaried,3,0,525115,Yes,Yes
45,121845,378,449746,22,0.14,Business,5,2,173079,No,Yes
50,67986,748,624154,23,0.47,Self-Employed,5,0,823304,Yes,Yes
49,192273,581,917955,20,0.42,Self-Employed,5,1,72216,No,No
40,192387,356,968428,18,0.18,Contract,0,4,612134,Yes,Yes
41,93396,490,593834,20,0.21,Self-Employed,2,4,311819,No,Yes
42,73178,762,889737,14,0.27,Business,2,4,917475,Yes,Yes
55,28745,341,152833,32,0.52,Business,3,4,193201,No,No
57,221426,785,200025,29,0.45,Salaried,3,4,658719,Yes,Yes
36,97637,472,740943,11,0.1,Salaried,5,3,414726,Yes,Yes
63,154100,549,269964,40,0.54,Business,0,2,581349,No,Yes
37,247333,809,309832,15,0.22,Salaried,5,1,990476,No,Yes
36,66566,801,775474,10,0.49,Business,4,4,154621,Yes,Yes
22,61722,492,840894,0,0.13,Salaried,2,3,928205,No,No
24,104623,464,313032,0,0.7,Contract,5,1,815887,Yes,No
41,129074,389,924300,17,0.1,Self-Employed,5,4,543206,No,Yes
59,92974,357,266470,32,0.53,Business,2,2,864592,No,Yes
54,232764,562,135509,33,0.4,Salaried,0,0,18141,No,Yes
50,102084,542,686234,28,0.11,Business,0,2,843203,Yes,Yes
26,188951,518,903691,0,0.07,Contract,4,2,602496,Yes,Yes
37,173839,308,559162,9,0.29,Business,3,4,29493,Yes,Yes
59,135353,729,859842,30,0.57,Salaried,2,0,486025,Yes,Yes
45,122417,312,582890,18,0.08,Salaried,3,0,22199,No,Yes
25,86099,524,68614,2,0.51,Business,2,1,450689,No,No
25,197729,366,958574,0,0.48,Business,0,3,199191,No,No
40,157570,802,437229,16,0.22,Salaried,5,1,816687,Yes,Yes
36,222739,483,68444,13,0.1,Contract,0,4,126263,Yes,Yes
61,43107,507,365194,33,0.64,Contract,0,0,478673,No,No
57,177865,827,118149,28,0.25,Contract,4,2,989375,No,Yes
60,151768,599,695991,38,0.12,Self-Employed,2,2,824348,Yes,Yes
29,71839,540,944740,9,0.49,Self-Employed,0,3,798602,No,No
25,107241,754,400762,0,0.19,Self-Employed,5,4,688938,No,Yes
62,41397,829,166490,33,0.36,Business,4,4,552381,No,Yes
22,25704,543,94866,0,0.08,Self-Employed,3,1,594262,No,No
29,34442,537,509429,7,0.7,Business,4,0,247570,No,No
63,212860,545,762599,40,0.34,Contract,4,0,547428,No,Yes
56,147576,644,693689,31,0.7,Salaried,1,3,66636,No,No
42,27765,783,680322,21,0.3,Self-Employed,3,2,858967,Yes,Yes
42,133828,609,617499,17,0.28,Salaried,1,1,472784,No,Yes
42,28002,583,446220,18,0.64,Self-Employed,5,3,751520,No,No
54,29390,337,113789,28,0.26,Self-Employed,2,0,771241,Yes,Yes
49,193508,331,819066,21,0.33,Salaried,4,1,601132,Yes,Yes
58,233554,542,124522,30,0.1,Contract,4,4,118615,Yes,Yes
53,24641,591,638372,33,0.67,Contract,4,2,151221,Yes,No
38,182781,591,673320,12,0.11,Contract,4,0,459714,No,Yes
27,129119,681,338413,5,0.55,Salaried,1,0,15162,Yes,Yes
21,188381,437,129709,0,0.4,Business,2,3,740311,No,Yes
53,33624,499,163145,32,0.09,Salaried,1,2,365079,Yes,Yes
21,27966,634,595406,1,0.05,Business,4,0,432296,No,No
44,238422,746,803854,15,0.66,Contract,2,0,156665,Yes,Yes
24,183261,647,326233,2,0.53,Business,3,0,907385,Yes,No
24,89301,577,956114,0,0.5,Contract,1,3,670603,Yes,No
38,244830,831,92956,10,0.34,Contract,0,0,168006,No,Yes
47,133123,698,813963,27,0.21,Contract,3,3,823228,No,Yes
63,166295,690,928033,40,0.49,Contract,3,4,217322,Yes,Yes
52,96183,309,653514,28,0.45,Salaried,4,4,220133,Yes,Yes
53,22959,848,981244,31,0.52,Self-Employed,4,4,541266,Yes,No
48,176329,358,682893,25,0.29,Self-Employed,3,4,868936,Yes,Yes
62,246592,387,809703,39,0.69,Self-Employed,1,1,894272,Yes,Yes
61,68802,758,941181,40,0.09,Salaried,2,1,461637,Yes,Yes
56,236820,403,419277,31,0.1,Contract,1,4,919230,No,Yes
26,142125,403,177974,0,0.65,Contract,1,4,402895,No,No
36,141795,553,564219,10,0.47,Contract,3,2,510837,Yes,Yes
54,45215,634,383304,29,0.26,Self-Employed,1,0,957696,No,No
43,73046,762,922510,17,0.55,Contract,2,2,440615,Yes,Yes
62,112593,848,93779,40,0.34,Business,3,2,762189,Yes,Yes
44,183166,600,201567,20,0.06,Salaried,1,2,626224,Yes,Yes
33,187741,640,876034,7,0.47,Contract,4,2,344434,Yes,Yes
38,185198,791,976537,9,0.21,Contract,5,2,752183,No,Yes
33,248961,383,234175,9,0.12,Contract,1,2,554924,No,Yes
57,97036,558,792500,28,0.2,Business,5,4,344855,Yes,Yes
63,127864,659,987946,40,0.36,Contract,5,2,639194,Yes,Yes
59,138333,386,53247,34,0.08,Self-Employed,5,1,666655,Yes,Yes
62,34772,727,231440,36,0.62,Contract,3,0,93834,Yes,Yes
37,197658,666,705300,16,0.41,Self-Employed,3,1,538800,Yes,Yes
35,69943,642,680572,6,0.24,Self-Employed,5,3,999503,No,No
38,86868,646,468690,11,0.5,Contract,4,1,355342,No,No
43,67855,395,448802,19,0.57,Business,3,3,992666,Yes,Yes
50,171290,554,368372,23,0.45,Self-Employed,5,4,879532,No,No
54,119124,435,320084,32,0.18,Contract,5,3,709500,No,Yes
24,230080,547,330750,3,0.12,Contract,0,2,171879,Yes,Yes
23,75205,798,682041,0,0.61,Business,3,2,315857,No,No
27,154031,785,352891,3,0.2,Contract,1,2,93972,Yes,Yes
38,232051,701,507943,14,0.06,Salaried,2,3,983527,Yes,Yes
62,194206,711,739642,35,0.47,Salaried,1,3,707780,No,Yes
27,43874,747,894192,0,0.15,Salaried,3,3,961851,No,No
60,149007,546,574022,33,0.69,Contract,5,0,302078,Yes,Yes
26,19301,720,816402,0,0.62,Self-Employed,0,0,727958,No,No
42,76017,423,52883,21,0.45,Business,1,0,891630,No,Yes
21,61319,559,479810,0,0.59,Contract,2,2,810733,No,No
24,238688,468,801391,0,0.36,Self-Employed,5,4,553231,Yes,Yes
63,235291,410,259175,39,0.56,Contract,1,1,571733,Yes,Yes
49,244264,589,644163,23,0.47,Salaried,4,0,975444,No,No
41,40455,312,924641,19,0.07,Salaried,0,1,332126,No,No
46,153184,562,982930,23,0.67,Self-Employed,3,0,475306,No,No
34,75033,322,197558,8,0.61,Self-Employed,1,3,374130,No,Yes
29,207432,499,126085,8,0.67,Self-Employed,1,3,870725,No,Yes
32,231490,541,840425,11,0.53,Business,1,2,199640,No,Yes
62,181217,538,455435,40,0.32,Self-Employed,1,2,622733,No,Yes
26,124924,602,315852,6,0.18,Salaried,2,1,229926,No,Yes
40,50735,464,78788,20,0.17,Salaried,4,2,971721,Yes,Yes
44,90781,475,51495,19,0.14,Business,5,4,562592,Yes,Yes
47,144031,328,800330,23,0.19,Contract,4,4,941444,No,Yes
58,146305,834,479376,29,0.41,Self-Employed,0,4,314726,No,Yes
28,216713,593,684290,1,0.49,Business,0,2,502845,No,No
21,126049,776,188609,0,0.25,Contract,2,0,573814,Yes,Yes
44,170783,682,216625,24,0.41,Contract,4,1,853054,No,Yes
27,23630,595,727563,0,0.27,Self-Employed,0,1,355564,Yes,No
39,83488,633,961546,14,0.5,Salaried,3,1,180298,Yes,No
42,152278,547,430491,15,0.69,Self-Employed,4,0,677238,No,No
55,74289,540,907556,34,0.5,Self-Employed,1,2,595132,Yes,No
50,36953,405,799204,21,0.09,Salaried,4,0,333949,No,No
49,118932,422,415250,22,0.36,Salaried,3,3,611149,Yes,Yes
42,159140,334,87659,17,0.55,Salaried,1,0,793157,No,Yes
31,96930,715,947496,11,0.4,Contract,4,2,921484,Yes,Yes
40,204988,626,376187,20,0.67,Contract,1,0,910042,No,Yes
49,19067,594,839957,20,0.09,Self-Employed,1,2,138369,Yes,No
61,68658,731,528653,37,0.24,Business,2,0,154012,Yes,Yes
62,70165,646,316921,36,0.19,Self-Employed,3,0,535825,Yes,Yes
54,98781,336,775085,31,0.55,Business,2,1,900921,No,Yes
21,158931,811,751151,0,0.39,Self-Employed,4,1,465861,No,Yes
51,47164,834,663141,27,0.14,Self-Employed,5,1,62234,No,No
50,122946,317,301897,21,0.24,Self-Employed,1,2,335871,Yes,Yes
38,229985,326,310133,16,0.39,Contract,4,4,317568,Yes,Yes
37,145580,835,736861,16,0.7,Self-Employed,4,4,729253,Yes,Yes
58,117251,328,175409,37,0.29,Business,5,4,796644,Yes,Yes
34,38773,416,115258,10,0.15,Contract,2,4,216956,Yes,Yes
43,206367,431,957374,20,0.37,Self-Employed,4,2,681920,Yes,Yes
45,51939,588,527049,24,0.25,Salaried,3,1,683828,Yes,Yes
35,197671,535,650473,11,0.42,Contract,1,1,56883,No,No
42,155186,341,73719,13,0.35,Salaried,0,1,520936,Yes,Yes
23,116475,459,424325,0,0.5,Self-Employed,5,2,567034,Yes,No
39,30818,424,703708,12,0.64,Business,3,0,15808,No,No
64,27335,559,640974,36,0.18,Salaried,0,3,432457,Yes,No
54,73008,575,260909,26,0.58,Salaried,5,2,738322,No,No
55,89745,512,209506,28,0.67,Contract,0,0,60138,Yes,Yes
21,192220,772,807801,0,0.29,Salaried,2,1,309168,Yes,Yes
41,21577,730,594808,18,0.12,Self-Employed,0,1,423694,Yes,Yes
49,91916,379,369025,22,0.58,Contract,1,4,291489,Yes,Yes
26,153148,527,969014,5,0.51,Salaried,2,4,347839,No,Yes
57,181997,394,340690,29,0.19,Business,3,0,350042,Yes,Yes
21,200941,723,326126,0,0.34,Contract,3,3,322518,Yes,Yes
21,77314,815,643739,0,0.43,Business,3,0,122676,No,No
47,59205,464,593924,22,0.16,Business,5,0,974273,No,No
41,160167,725,279292,15,0.51,Contract,4,3,704819,Yes,Yes
36,131583,341,307701,14,0.5,Salaried,2,0,58922,Yes,Yes
64,102715,702,763447,40,0.63,Salaried,2,0,620197,Yes,Yes
60,74680,715,192029,40,0.42,Business,2,2,967726,No,Yes
46,46400,599,348850,24,0.42,Salaried,1,3,466103,No,No
36,233369,354,691487,9,0.45,Contract,2,1,381125,No,Yes
48,125345,635,411521,26,0.23,Business,1,4,278095,Yes,Yes
21,216418,729,637159,0,0.54,Self-Employed,5,1,743893,No,Yes
56,105110,633,180448,28,0.48,Self-Employed,3,1,255493,Yes,Yes
30,138120,705,636025,5,0.6,Self-Employed,4,4,420996,No,Yes
63,46562,329,281568,37,0.55,Salaried,0,4,208452,Yes,No
37,189735,834,615263,12,0.47,Self-Employed,4,0,71237,Yes,Yes
43,36510,816,933796,16,0.15,Self-Employed,4,3,475845,Yes,Yes
27,79608,520,155687,1,0.65,Business,5,4,114672,Yes,No
64,221561,793,995633,35,0.29,Contract,4,3,294614,Yes,Yes
27,70182,552,612227,7,0.68,Business,0,0,988821,No,No
64,236739,620,901491,40,0.31,Business,1,1,651855,Yes,Yes
35,44883,338,582586,13,0.14,Self-Employed,3,4,825797,No,No
54,220499,764,693290,32,0.63,Business,5,4,892240,Yes,Yes
65,184916,710,769782,40,0.57,Self-Employed,0,0,269686,Yes,Yes
24,167800,711,56480,4,0.56,Salaried,3,3,131261,No,Yes
34,247995,791,816322,13,0.11,Self-Employed,1,3,446197,Yes,Yes
34,29094,737,904825,10,0.62,Contract,3,2,683961,Yes,No
36,151479,778,54349,11,0.44,Business,1,1,333583,No,Yes
27,204484,371,116964,0,0.36,Contract,0,2,139647,No,Yes
52,30644,519,613779,31,0.64,Contract,0,3,632315,No,No
39,103834,303,437032,11,0.48,Business,3,2,137068,No,No
22,126982,589,752138,0,0.14,Business,5,3,628058,No,Yes
30,209818,679,925131,2,0.39,Business,3,4,238827,No,Yes
37,70748,654,733037,14,0.46,Contract,4,0,304823,No,Yes
57,77021,379,670728,31,0.63,Salaried,4,2,513822,Yes,No
32,80651,365,309360,12,0.23,Contract,3,4,929837,Yes,Yes
26,54807,435,917686,0,0.57,Salaried,4,4,733990,Yes,No
42,183144,698,654633,16,0.57,Self-Employed,3,0,358939,No,Yes
52,187470,646,194344,26,0.13,Business,2,0,823558,Yes,Yes
61,46669,358,192900,40,0.06,Contract,4,4,362859,Yes,Yes
40,179233,818,94431,11,0.43,Salaried,3,4,431533,No,Yes
21,156354,536,451072,0,0.56,Salaried,2,2,672118,No,No
26,44539,378,585511,0,0.41,Salaried,4,2,830495,Yes,No
39,152379,414,875845,19,0.58,Business,0,1,953261,No,Yes
38,35745,761,106822,18,0.45,Salaried,3,1,176467,Yes,Yes
26,188505,425,609977,2,0.47,Business,0,4,902192,No,No
65,52555,799,516918,40,0.07,Contract,5,1,137416,Yes,Yes
53,150145,401,849069,33,0.11,Salaried,4,4,649840,No,Yes
43,50683,473,572299,14,0.52,Salaried,5,0,269323,Yes,No
43,43741,751,751894,16,0.55,Business,2,0,646571,Yes,Yes
46,171358,391,519456,23,0.4,Business,3,2,254180,No,Yes
33,21599,684,910470,12,0.43,Contract,2,3,994782,Yes,Yes
27,146513,504,851698,3,0.45,Business,0,4,343337,Yes,Yes
35,45293,662,98068,10,0.12,Contract,3,2,755084,No,Yes
64,33389,797,411769,37,0.48,Contract,5,1,309533,Yes,No
47,30318,836,225428,21,0.36,Salaried,0,4,196040,No,Yes
46,197947,533,398439,20,0.44,Self-Employed,0,2,97694,Yes,Yes
53,21055,315,720406,33,0.42,Self-Employed,2,1,527825,No,No
35,139164,440,567062,13,0.55,Business,5,4,405279,Yes,Yes
56,100579,719,962501,34,0.26,Business,4,2,897076,Yes,Yes
65,155392,755,599558,39,0.29,Self-Employed,5,3,958474,Yes,Yes
47,122817,599,693981,26,0.3,Contract,0,2,499226,No,Yes
25,22642,638,126342,0,0.55,Self-Employed,0,4,170522,Yes,No
22,241766,602,287838,0,0.33,Contract,1,1,79792,No,Yes
53,27321,375,432468,25,0.17,Contract,2,4,832529,Yes,No
36,97968,615,612276,16,0.69,Business,0,4,722224,Yes,Yes
43,237365,799,174291,22,0.37,Business,5,2,884370,Yes,Yes
58,208690,374,309357,33,0.12,Business,1,4,591971,No,Yes
36,120770,665,888611,15,0.49,Self-Employed,2,0,659504,No,Yes
34,175116,845,610180,13,0.53,Self-Employed,3,3,288297,Yes,Yes
49,171043,695,166441,25,0.38,Self-Employed,4,1,920320,Yes,Yes
46,127762,530,472728,20,0.47,Contract,2,3,322097,No,Yes
55,132183,327,240237,32,0.16,Business,0,2,62301,Yes,Yes
35,135159,774,418634,10,0.29,Salaried,1,2,345283,Yes,Yes
23,43727,594,186171,1,0.16,Self-Employed,1,0,744044,Yes,Yes
43,171631,726,365631,20,0.3,Salaried,3,2,256721,Yes,Yes
49,91820,390,145847,26,0.42,Salaried,1,2,83969,Yes,Yes
54,127062,414,255160,31,0.34,Self-Employed,0,2,725719,No,Yes
53,232273,458,140845,33,0.44,Self-Employed,2,3,847530,No,Yes
61,45476,557,362147,38,0.38,Self-Employed,3,0,175319,Yes,Yes
61,211755,672,820907,38,0.26,Business,4,4,596566,Yes,Yes
43,160063,389,947724,18,0.14,Salaried,4,1,189402,Yes,Yes
27,234169,597,903318,0,0.21,Contract,0,0,749699,Yes,Yes
23,138355,330,258884,0,0.18,Salaried,3,3,990198,No,Yes
52,88047,657,568979,27,0.51,Contract,3,4,674157,No,Yes
51,159868,769,586027,26,0.58,Salaried,0,4,567045,No,Yes
38,21881,427,923270,12,0.52,Salaried,5,1,352502,No,No
63,33668,569,678322,37,0.47,Business,3,4,277440,No,No
27,249789,797,324528,7,0.25,Contract,1,0,625726,Yes,Yes
61,183384,712,214166,34,0.51,Self-Employed,1,4,205220,No,Yes
21,46106,508,707480,1,0.44,Self-Employed,0,3,274084,Yes,No
34,241830,605,444209,6,0.08,Business,0,4,537558,Yes,Yes
52,33729,490,137295,29,0.64,Self-Employed,1,3,429027,No,No
26,147354,656,854582,0,0.1,Salaried,2,4,808012,No,Yes
59,88320,756,901113,32,0.38,Business,0,1,640128,No,Yes
30,72913,748,833329,2,0.38,Contract,1,0,721571,No,Yes
27,206098,367,357532,2,0.59,Business,2,3,363796,No,No
46,77402,766,950514,18,0.64,Salaried,2,4,325550,No,Yes
54,139649,659,363260,31,0.66,Business,5,2,337357,No,Yes
50,121930,686,236825,28,0.42,Salaried,1,2,534171,Yes,Yes
56,186354,427,937517,34,0.49,Business,5,0,244039,Yes,Yes
41,248521,784,85673,14,0.11,Contract,1,3,779463,Yes,Yes
37,223710,543,713650,16,0.37,Contract,3,1,236699,Yes,Yes
53,187290,318,110123,28,0.63,Self-Employed,2,1,321489,No,Yes
30,167022,695,294636,2,0.35,Salaried,4,0,37161,No,Yes
62,77739,528,853059,34,0.1,Self-Employed,3,1,588627,No,No
32,22507,667,561941,5,0.18,Business,3,4,729389,Yes,Yes
36,195375,357,123474,9,0.33,Business,2,0,404721,Yes,Yes
61,120552,580,764204,40,0.2,Business,2,3,287476,Yes,Yes
52,97059,401,637192,26,0.3,Business,2,1,228387,Yes,Yes
35,173739,347,770065,15,0.27,Contract,0,4,479697,Yes,Yes
47,153064,358,153798,19,0.26,Business,1,1,200060,Yes,Yes
48,148514,460,118245,26,0.11,Contract,5,0,957618,Yes,Yes
37,222635,402,208701,17,0.62,Self-Employed,1,0,54366,No,Yes
22,105680,711,423102,0,0.5,Contract,1,1,836162,No,Yes
56,43530,482,951105,30,0.46,Contract,2,0,322047,Yes,No
27,33305,716,356330,6,0.44,Salaried,3,2,55325,No,No
33,127097,415,965954,7,0.31,Business,2,0,910406,No,Yes
35,201201,698,270693,11,0.59,Business,2,3,455347,No,Yes
45,236339,736,96537,19,0.65,Business,3,1,120448,No,Yes
43,235281,617,342976,14,0.05,Self-Employed,4,2,289348,No,Yes
42,247905,549,73472,16,0.1,Business,5,1,543493,No,Yes
46,70044,746,229922,25,0.49,Business,0,0,544974,Yes,Yes
53,240450,796,165735,32,0.2,Business,4,2,356845,Yes,Yes
31,148436,642,136298,5,0.64,Salaried,2,1,194299,No,Yes
30,107363,726,583795,8,0.48,Contract,1,0,399561,Yes,Yes
45,76817,539,256186,22,0.29,Salaried,1,0,506794,Yes,Yes
57,121038,358,629984,31,0.32,Business,3,1,100625,Yes,Yes
63,64666,826,515463,40,0.5,Contract,2,1,319716,No,Yes
58,175245,502,106373,37,0.14,Salaried,3,1,417411,Yes,Yes
61,36909,765,590267,33,0.62,Business,3,2,777053,No,No
65,213039,595,458265,40,0.05,Business,0,2,656746,Yes,Yes
44,180079,586,895513,22,0.69,Salaried,3,3,181476,Yes,Yes
60,162057,372,74997,31,0.16,Contract,2,2,234534,No,Yes
53,40525,822,761504,30,0.53,Contract,0,0,98738,No,No
37,130293,636,262441,13,0.08,Salaried,1,2,870477,No,Yes
44,119046,617,660009,22,0.33,Business,0,1,136063,Yes,Yes
57,55403,502,596034,29,0.46,Contract,2,1,735319,Yes,No
22,186265,530,792753,0,0.1,Salaried,5,2,569162,No,Yes
52,152902,356,321747,26,0.34,Salaried,4,0,216795,Yes,Yes
44,205216,719,389121,18,0.25,Salaried,0,3,902607,Yes,Yes
29,149605,579,54570,1,0.37,Contract,5,1,292459,No,Yes
24,170018,604,737676,3,0.38,Self-Employed,4,4,103088,Yes,Yes
37,41504,765,101604,15,0.56,Self-Employed,0,3,120816,No,Yes
37,128551,473,68467,14,0.13,Self-Employed,0,4,386456,Yes,Yes
50,73715,565,832693,23,0.1,Self-Employed,3,4,669837,No,No
60,177327,546,914813,40,0.31,Self-Employed,4,4,12382,Yes,Yes
31,205513,377,551062,3,0.63,Business,5,1,46681,Yes,No
41,54855,552,956283,17,0.61,Salaried,4,1,969792,Yes,No
41,59721,774,470159,18,0.41,Self-Employed,0,4,842257,No,Yes
38,129597,475,251441,11,0.63,Contract,2,4,350098,Yes,Yes
49,190922,720,286177,21,0.57,Salaried,2,3,923046,No,Yes
44,118659,760,834855,22,0.23,Contract,4,1,286681,Yes,Yes
30,52723,553,53340,7,0.16,Contract,3,4,469538,Yes,Yes
65,184811,819,879964,40,0.25,Contract,3,0,768504,Yes,Yes
37,23539,406,783208,15,0.2,Business,2,1,133153,No,No
38,222101,470,807508,9,0.45,Contract,3,1,641458,Yes,Yes
62,213581,357,771535,38,0.43,Salaried,0,0,871416,No,Yes
40,134360,636,239990,13,0.44,Salaried,0,4,612037,No,Yes
57,119140,641,94188,37,0.17,Business,4,2,11018,Yes,Yes
65,170383,589,589499,40,0.56,Business,5,1,459979,Yes,Yes
38,87180,383,325640,16,0.33,Salaried,1,4,993018,Yes,Yes
37,134985,416,930813,9,0.36,Salaried,2,0,88472,No,Yes
29,103981,833,762608,1,0.7,Contract,2,0,551918,No,Yes
34,53934,518,549671,14,0.23,Contract,1,1,416877,Yes,Yes
49,158583,401,800985,26,0.31,Business,3,0,13300,Yes,Yes
51,149255,755,484361,24,0.49,Self-Employed,0,0,196291,Yes,Yes
24,27475,825,940136,3,0.62,Contract,0,4,641729,No,No
38,233838,565,79672,15,0.13,Contract,2,0,950043,No,Yes
40,212202,586,131481,14,0.53,Self-Employed,2,2,542698,No,Yes
63,77577,440,526454,37,0.65,Contract,3,4,469604,Yes,Yes
64,44008,705,255327,40,0.32,Self-Employed,3,4,261567,No,Yes
29,225940,592,741387,3,0.24,Self-Employed,2,1,898565,No,Yes
33,197013,330,479467,8,0.49,Salaried,3,4,139562,Yes,Yes
35,60756,470,462619,14,0.21,Self-Employed,1,1,989189,Yes,Yes
47,219330,654,813423,19,0.3,Self-Employed,0,0,944070,Yes,Yes
35,98730,504,861582,11,0.63,Business,2,3,915704,No,No
48,241239,777,650050,27,0.43,Business,1,2,983429,No,Yes
57,176984,590,228012,32,0.11,Business,1,2,33948,No,Yes
39,100702,410,886908,10,0.26,Contract,5,0,448786,Yes,Yes
46,199731,367,939140,22,0.46,Business,4,3,587471,Yes,Yes
46,64840,672,288780,25,0.36,Salaried,2,4,497639,Yes,Yes
45,230584,495,547457,16,0.48,Salaried,4,3,469999,Yes,Yes
46,56623,425,346346,17,0.54,Salaried,1,4,203636,Yes,Yes
46,81303,561,320873,20,0.36,Contract,2,4,158343,Yes,Yes
48,64062,454,598226,19,0.69,Self-Employed,4,4,929111,No,No
38,74690,407,808617,17,0.64,Self-Employed,0,3,548978,No,No
52,226654,722,125302,26,0.09,Salaried,2,0,149926,Yes,Yes
23,116980,334,386064,0,0.22,Self-Employed,4,4,781791,Yes,Yes
22,172706,343,600050,0,0.25,Self-Employed,3,0,837235,Yes,Yes
53,153162,715,734084,30,0.17,Self-Employed,2,4,568792,Yes,Yes
62,63266,584,664874,37,0.25,Contract,5,0,190006,Yes,Yes
39,179080,746,70653,11,0.33,Self-Employed,3,0,432713,Yes,Yes
37,105643,817,718867,8,0.08,Self-Employed,2,0,874785,No,Yes
64,76704,326,385058,39,0.13,Contract,4,1,665984,No,Yes
53,211938,526,223845,28,0.11,Business,4,3,802757,Yes,Yes
32,135374,724,423435,12,0.08,Salaried,5,4,541230,No,Yes
23,26382,667,85205,0,0.36,Contract,2,4,657653,No,Yes
63,196846,609,848003,40,0.27,Contract,1,1,20559,No,Yes
46,223642,404,218392,18,0.66,Salaried,4,0,325177,No,No
55,223134,317,166042,26,0.12,Self-Employed,5,0,47924,No,Yes
28,107609,504,623141,5,0.65,Self-Employed,2,4,883582,Yes,Yes
56,64698,342,211262,35,0.11,Contract,2,2,483057,No,Yes
27,19110,388,168088,0,0.45,Business,0,4,491006,Yes,No
56,133266,456,663404,31,0.21,Salaried,3,4,33144,Yes,Yes
36,231053,565,479738,7,0.59,Business,0,1,376405,Yes,Yes
44,149458,433,515017,22,0.09,Contract,3,0,275059,Yes,Yes
21,207585,763,94489,0,0.67,Business,3,3,139782,Yes,Yes
45,233192,431,310513,20,0.08,Contract,0,4,911325,No,Yes
30,249059,333,558062,1,0.21,Salaried,5,4,271631,No,Yes
36,65801,382,707197,11,0.35,Business,1,3,670840,No,Yes
36,132012,431,890195,8,0.54,Business,2,1,781415,No,Yes
28,114085,727,132945,4,0.67,Salaried,4,2,551024,Yes,Yes
49,220929,503,631252,21,0.33,Salaried,2,1,897666,Yes,Yes
59,239048,635,180349,35,0.54,Contract,5,4,425529,No,No
48,49566,796,630686,27,0.52,Contract,5,1,379521,No,No
26,181593,741,919029,6,0.42,Contract,0,3,444130,No,Yes
36,41798,557,930954,8,0.5,Contract,1,1,216364,Yes,No
40,162637,591,627486,11,0.07,Contract,4,4,403588,No,Yes
36,41027,424,397885,10,0.34,Salaried,4,3,517333,Yes,No
27,246703,474,99427,5,0.56,Business,5,3,755090,No,No
61,23631,791,712219,36,0.36,Self-Employed,1,4,544673,Yes,Yes
34,238937,379,357651,5,0.62,Self-Employed,4,4,63076,Yes,Yes
63,74878,604,922933,40,0.59,Contract,4,4,442028,No,No
46,63206,809,636858,18,0.61,Self-Employed,1,2,151875,No,Yes
46,121473,643,456070,25,0.13,Business,0,4,386180,Yes,Yes
34,207654,390,738373,11,0.21,Business,0,1,345155,Yes,Yes
27,76334,468,343798,7,0.07,Contract,5,0,963763,Yes,Yes
53,90323,633,812744,27,0.69,Self-Employed,4,2,433134,No,No
46,71619,535,289779,23,0.2,Salaried,0,2,882327,No,Yes
65,121536,698,963337,40,0.29,Salaried,0,0,730863,No,Yes
40,175947,776,728414,20,0.23,Contract,4,1,565215,No,Yes
23,173586,834,385872,2,0.08,Business,4,2,159205,No,Yes
24,171652,387,110254,1,0.22,Self-Employed,5,2,250766,No,Yes
46,234899,552,510936,25,0.11,Business,5,4,93969,No,Yes
31,153360,657,750566,11,0.31,Contract,0,3,862530,Yes,Yes
22,24734,357,852713,0,0.68,Business,5,2,551582,Yes,No
34,232072,698,842295,14,0.5,Self-Employed,3,1,199799,No,Yes
64,57008,820,364347,39,0.51,Business,1,3,74528,Yes,Yes
50,67349,824,518454,29,0.34,Contract,0,0,576924,Yes,Yes
32,156886,716,348683,10,0.58,Salaried,0,2,831429,No,Yes
46,192226,692,311137,22,0.64,Salaried,3,1,379023,No,Yes
64,156923,521,260144,40,0.68,Self-Employed,2,0,607218,Yes,Yes
53,142478,628,374582,28,0.11,Contract,5,4,21977,Yes,Yes
33,150672,671,66077,7,0.62,Contract,2,4,196476,Yes,Yes
34,74614,810,992777,5,0.2,Business,5,3,547162,Yes,Yes
44,221474,452,436112,19,0.31,Salaried,1,0,773808,No,Yes
54,21692,779,605340,33,0.27,Self-Employed,4,3,739677,No,Yes
64,144745,319,380099,36,0.49,Self-Employed,0,0,77169,No,Yes
46,207099,527,718878,25,0.44,Self-Employed,3,0,770981,Yes,Yes
41,38373,645,712756,16,0.12,Business,4,4,980155,Yes,No
48,247708,318,134548,20,0.56,Contract,4,3,993683,Yes,Yes
56,211877,743,221149,28,0.34,Self-Employed,2,4,120955,No,Yes
60,130413,667,61981,39,0.05,Business,0,0,556432,Yes,Yes
22,229455,446,673277,0,0.32,Self-Employed,1,4,181017,Yes,Yes
62,32507,803,642580,35,0.39,Business,3,3,483699,No,Yes
29,80931,729,376986,3,0.09,Salaried,0,3,694033,No,Yes
43,93499,739,972527,16,0.15,Business,4,1,929068,No,Yes
35,220714,497,797314,6,0.7,Contract,4,4,479912,No,No
33,221941,586,333363,6,0.62,Salaried,1,1,709862,No,Yes
43,132362,668,947294,23,0.14,Salaried,2,0,425733,Yes,Yes
37,115449,539,984598,9,0.43,Self-Employed,1,4,678028,No,No
22,114819,586,87853,0,0.3,Salaried,1,2,715501,No,Yes
40,57423,694,186718,20,0.4,Business,0,1,957003,Yes,Yes
40,121612,817,759405,20,0.36,Contract,5,3,738152,No,Yes
23,244423,359,227997,0,0.08,Salaried,2,1,756252,No,Yes
32,104120,844,224999,3,0.26,Contract,4,4,259511,Yes,Yes
60,135409,602,193063,39,0.13,Business,2,1,950705,No,Yes
22,108918,543,986482,0,0.37,Business,0,3,726578,No,No
56,84600,506,526228,32,0.64,Contract,0,1,407821,No,Yes
34,59848,674,85723,10,0.7,Business,5,1,752990,Yes,Yes
36,24820,582,730147,7,0.66,Contract,1,2,405814,Yes,No
39,26512,777,403837,14,0.69,Self-Employed,5,0,725305,No,No
54,185797,321,950477,27,0.06,Business,0,3,787171,No,Yes
64,69534,648,356935,40,0.52,Self-Employed,2,0,865274,No,Yes
26,234223,788,125171,0,0.23,Salaried,1,2,359397,No,Yes
33,143191,557,458148,9,0.61,Salaried,1,4,486952,No,Yes
56,188848,346,873343,27,0.58,Self-Employed,1,4,710406,No,Yes
42,78945,326,570422,17,0.33,Salaried,2,2,286109,No,Yes
38,101420,326,435602,11,0.36,Salaried,1,4,312418,Yes,Yes
32,196527,696,418092,11,0.22,Salaried,3,4,784765,Yes,Yes
50,101488,444,937733,24,0.24,Salaried,3,1,489829,Yes,Yes
60,201505,821,415656,38,0.69,Business,2,1,723942,Yes,Yes
27,27711,420,453162,0,0.63,Salaried,4,1,18614,No,No
52,208334,761,397043,23,0.17,Business,5,2,955949,Yes,Yes
39,104009,681,195459,13,0.23,Contract,4,4,654740,Yes,Yes
26,232857,717,512357,4,0.12,Salaried,1,0,634349,No,Yes
40,27597,626,886005,13,0.69,Contract,2,3,649430,Yes,No
47,78067,690,689586,18,0.64,Self-Employed,1,4,539853,Yes,Yes
63,236592,596,615693,40,0.41,Self-Employed,1,2,438284,No,Yes
57,66022,383,583440,28,0.5,Business,3,1,849372,No,No
27,230996,445,279506,0,0.54,Self-Employed,0,3,337838,Yes,Yes
25,130673,470,478631,0,0.18,Business,2,3,824214,Yes,Yes
31,167854,633,539095,7,0.66,Contract,0,3,70542,Yes,Yes
35,69782,723,947007,12,0.39,Contract,3,0,616965,Yes,Yes
23,221216,608,294085,0,0.11,Salaried,0,1,501804,Yes,Yes
25,247723,825,949622,0,0.31,Contract,5,1,428866,Yes,Yes
43,204085,646,679265,23,0.44,Self-Employed,3,1,810728,Yes,Yes
57,128716,601,475064,34,0.28,Business,5,1,215516,Yes,Yes
29,136030,646,486610,4,0.5,Business,4,4,29695,No,No
35,90036,707,774625,10,0.62,Salaried,3,3,69252,Yes,Yes
23,53342,432,81455,2,0.55,Salaried,2,3,494344,No,No
49,103745,405,800708,21,0.47,Self-Employed,4,3,331614,Yes,Yes
26,170049,470,378704,6,0.38,Business,1,2,582594,No,Yes
37,75396,549,928196,14,0.22,Salaried,2,1,880237,No,Yes
46,132836,843,548559,23,0.35,Contract,2,4,953046,No,Yes
41,124998,561,197993,20,0.24,Self-Employed,5,4,531028,Yes,Yes
28,68021,793,475395,1,0.66,Contract,2,2,892701,Yes,Yes
41,218129,543,152895,20,0.64,Business,0,2,190317,No,Yes
31,148672,750,757595,10,0.15,Salaried,0,3,662310,Yes,Yes
58,136559,589,737397,37,0.58,Self-Employed,1,3,467807,No,Yes
28,84836,562,83275,8,0.51,Self-Employed,0,3,331879,No,Yes
62,176147,613,873124,38,0.68,Salaried,2,3,345402,No,Yes
44,238587,384,845304,21,0.35,Salaried,5,3,999751,No,Yes
55,179874,714,626052,34,0.52,Business,3,1,40100,No,Yes
34,226833,628,169564,14,0.39,Contract,1,4,578426,Yes,Yes
34,95017,344,665159,14,0.1,Contract,1,1,842413,No,Yes
30,235825,632,660431,9,0.08,Contract,2,4,418011,Yes,Yes
32,204894,764,964700,12,0.13,Business,4,0,905732,No,Yes
58,200675,499,216033,30,0.24,Salaried,0,0,612476,No,Yes
64,120689,500,598754,40,0.22,Self-Employed,4,0,491703,No,Yes
54,98291,628,458978,32,0.52,Contract,2,4,422773,No,Yes
61,108450,539,724290,33,0.52,Salaried,4,2,822565,Yes,Yes
30,184664,658,235285,6,0.68,Contract,2,1,338598,No,Yes
37,74006,659,906623,10,0.25,Business,0,2,986489,Yes,Yes
37,175341,677,755734,11,0.66,Business,0,4,185318,Yes,Yes
23,122268,684,237974,0,0.45,Salaried,1,3,143589,No,Yes
51,68138,764,644843,30,0.37,Business,4,2,757709,Yes,Yes
21,80398,521,676166,0,0.48,Self-Employed,4,4,402733,No,No
32,239163,664,891307,4,0.51,Business,4,0,907178,Yes,Yes
59,168946,371,482530,33,0.16,Self-Employed,4,3,311025,Yes,Yes
24,75228,539,757535,2,0.54,Contract,5,0,556250,Yes,No
62,80670,803,266272,37,0.52,Business,3,2,342508,No,Yes
33,143613,713,501631,6,0.7,Self-Employed,1,2,247604,No,Yes
54,120071,426,394604,27,0.64,Contract,1,1,315477,No,Yes
62,128572,786,620543,35,0.5,Contract,3,1,602399,Yes,Yes
41,156997,826,361806,14,0.51,Contract,5,4,103307,Yes,Yes
42,21107,547,400226,13,0.66,Contract,4,2,884515,Yes,No
24,104388,781,654654,0,0.68,Salaried,3,0,373337,No,Yes
38,113719,611,521394,9,0.59,Self-Employed,5,1,150205,No,No
25,136018,743,793982,3,0.55,Salaried,4,0,499317,Yes,Yes
39,45617,582,99496,11,0.12,Contract,3,4,136180,Yes,Yes
22,92258,301,415627,0,0.59,Business,1,0,73866,Yes,Yes
32,68075,373,359935,9,0.21,Self-Employed,3,0,244825,No,Yes
37,144998,363,539214,8,0.42,Self-Employed,5,3,298491,No,No
30,40631,646,238307,10,0.31,Contract,2,4,652456,Yes,Yes
54,141120,623,875572,33,0.27,Business,4,1,695370,No,Yes
26,211516,538,553954,1,0.25,Business,3,3,560559,Yes,Yes
28,115158,696,422009,8,0.61,Self-Employed,4,2,70048,No,Yes
31,156955,636,737436,3,0.55,Salaried,0,2,228329,Yes,Yes
32,168780,640,683163,5,0.39,Business,4,1,854239,No,Yes
29,64221,578,625920,8,0.48,Self-Employed,3,4,184473,Yes,No
22,166269,652,550110,1,0.69,Business,4,2,637856,Yes,Yes
28,170206,762,858635,1,0.31,Contract,5,2,463505,No,Yes
31,123922,761,556691,4,0.41,Business,2,2,614737,No,Yes
56,51550,592,929824,36,0.4,Salaried,2,4,766764,Yes,Yes
30,32642,706,948458,6,0.66,Salaried,3,2,479229,No,No
41,169511,461,619930,20,0.28,Salaried,3,1,142986,No,Yes
40,246851,802,438790,20,0.69,Self-Employed,4,1,784787,Yes,Yes
28,124093,747,433574,6,0.25,Business,1,1,496685,Yes,Yes
56,173655,754,845918,34,0.12,Salaried,2,3,805836,Yes,Yes
49,111885,564,241667,20,0.17,Contract,2,1,619209,No,Yes
62,97538,431,213230,34,0.33,Contract,0,0,192475,Yes,Yes
32,80014,419,302660,3,0.47,Contract,0,2,386993,No,Yes
34,37523,518,851113,14,0.39,Self-Employed,1,1,683101,No,No
41,128285,716,629078,20,0.29,Salaried,2,4,535463,Yes,Yes
42,219615,804,891484,14,0.42,Salaried,3,4,133735,Yes,Yes
41,235043,599,389381,17,0.6,Business,2,4,902154,Yes,Yes
64,123879,408,851804,36,0.6,Self-Employed,3,3,589153,No,No
50,108629,537,76611,25,0.52,Contract,3,4,851240,No,No
59,94830,592,841955,30,0.67,Business,1,3,178280,No,No
40,63538,486,357937,11,0.43,Contract,2,2,313208,Yes,Yes
44,65310,335,725593,22,0.05,Contract,4,0,147496,No,No
43,159980,555,690753,16,0.24,Salaried,2,4,579051,Yes,Yes
27,133266,734,206027,0,0.26,Business,2,4,317357,No,Yes
29,206362,307,774659,8,0.41,Self-Employed,5,3,404166,Yes,Yes
21,202706,477,883956,0,0.64,Contract,0,3,645480,Yes,Yes
46,30699,541,817155,23,0.59,Salaried,1,0,977575,No,No
58,249241,340,354765,31,0.2,Salaried,4,1,754441,Yes,Yes
58,84912,656,266050,34,0.39,Contract,4,3,626679,Yes,Yes
64,163327,412,141418,39,0.48,Salaried,4,0,427662,No,No
42,97183,465,773361,19,0.69,Salaried,3,2,960694,Yes,Yes
64,78282,803,775347,40,0.07,Contract,1,4,260060,Yes,Yes
30,76249,377,918029,10,0.35,Self-Employed,0,4,68113,No,No
26,56176,495,836447,4,0.69,Contract,3,0,525745,No,No
37,26163,701,840842,14,0.69,Business,4,0,708895,Yes,No
58,72210,363,593252,38,0.26,Contract,3,4,410559,Yes,Yes
44,141844,724,120671,22,0.05,Contract,3,3,577447,No,Yes
30,122587,341,164128,7,0.43,Self-Employed,5,1,247489,No,No
28,249352,672,309534,0,0.61,Contract,4,2,557969,No,Yes
41,89979,605,909916,19,0.26,Contract,4,1,768236,Yes,Yes
26,96860,508,822640,4,0.66,Salaried,0,1,361270,Yes,No
41,170215,766,189674,18,0.27,Contract,1,1,587894,No,Yes
59,22920,603,176003,31,0.45,Self-Employed,2,4,273376,No,No
44,100911,691,843664,16,0.52,Salaried,2,1,451786,Yes,Yes
53,55996,452,552571,33,0.27,Contract,5,3,34214,Yes,No
38,160820,661,238317,11,0.28,Salaried,2,3,792859,Yes,Yes
48,112071,563,952038,19,0.36,Business,0,3,873308,No,Yes
52,230323,515,775731,32,0.59,Contract,3,0,852308,No,No
32,65252,842,141602,11,0.12,Contract,4,2,491422,Yes,Yes
62,140734,823,340525,33,0.46,Salaried,1,3,118020,No,Yes
47,212251,493,938079,23,0.49,Contract,2,1,673611,Yes,Yes
30,155522,326,167174,5,0.41,Contract,5,0,966735,Yes,Yes
62,70756,345,912737,40,0.66,Self-Employed,1,4,424593,Yes,No
52,68235,357,368169,23,0.44,Contract,1,3,645845,Yes,Yes
62,108546,312,918624,38,0.46,Self-Employed,4,1,468559,No,No
46,149092,348,759066,24,0.44,Business,5,1,966579,No,No
45,143802,393,50819,19,0.52,Business,0,4,285670,No,Yes
31,229325,750,216455,11,0.14,Salaried,4,0,65564,No,Yes
43,126421,678,521900,19,0.63,Salaried,5,1,168465,Yes,Yes
54,158736,309,121605,32,0.08,Salaried,0,2,166535,Yes,Yes
60,84635,815,317784,39,0.47,Salaried,5,3,949780,Yes,Yes
43,41225,523,634176,21,0.45,Contract,3,0,754487,No,No
49,217245,680,414432,20,0.19,Self-Employed,1,3,497375,No,Yes
51,124885,840,530026,28,0.08,Salaried,2,3,720079,Yes,Yes
27,103333,601,636532,6,0.14,Business,1,4,613174,Yes,Yes
60,189297,502,254309,39,0.23,Contract,4,2,936370,No,Yes
53,28807,495,300951,31,0.62,Self-Employed,5,2,765640,No,No
41,232346,621,305842,20,0.61,Self-Employed,5,4,261432,No,No
22,24402,717,773935,0,0.09,Salaried,0,3,131004,Yes,Yes
38,22521,641,759447,17,0.24,Salaried,3,2,444337,Yes,No
53,212237,688,868347,33,0.63,Self-Employed,3,3,501410,No,Yes
57,132693,308,617930,30,0.2,Business,0,0,795642,Yes,Yes
54,26382,831,165290,25,0.7,Salaried,0,4,465037,No,Yes
40,128996,448,818735,17,0.22,Self-Employed,0,4,703977,Yes,Yes
55,33065,682,761971,34,0.53,Contract,3,2,236089,No,No
38,103470,828,422577,15,0.32,Self-Employed,1,0,937594,Yes,Yes
44,32425,311,565323,23,0.14,Salaried,1,3,184096,Yes,No
28,31111,775,567528,4,0.22,Contract,5,2,301952,Yes,Yes
50,189871,352,442158,24,0.49,Business,5,3,405298,Yes,Yes
64,71257,735,292030,39,0.27,Self-Employed,3,0,625627,Yes,Yes
30,141990,505,877647,9,0.44,Self-Employed,2,1,670642,No,Yes
43,210249,353,827740,20,0.18,Self-Employed,4,2,669812,Yes,Yes
31,145813,789,314631,4,0.34,Contract,3,2,727061,Yes,Yes
22,99046,643,149662,0,0.38,Salaried,2,4,347331,No,Yes
46,55851,468,111045,20,0.32,Self-Employed,4,1,885306,No,Yes
56,26816,460,404738,33,0.18,Contract,1,2,129190,Yes,No
53,226925,826,165377,33,0.35,Self-Employed,0,3,884611,Yes,Yes
33,20175,826,274716,7,0.5,Salaried,5,0,781242,Yes,No
60,29341,586,255107,35,0.68,Contract,4,1,638148,No,No
45,81908,711,633328,18,0.56,Business,5,4,333143,No,Yes
24,174726,821,151470,0,0.15,Self-Employed,0,4,912728,No,Yes
62,209967,498,926952,35,0.23,Salaried,2,3,566482,No,Yes
39,77696,460,897727,10,0.1,Business,5,0,991856,Yes,Yes
38,206961,688,50825,11,0.14,Salaried,3,4,478161,Yes,Yes
57,236216,773,182263,29,0.21,Business,3,4,972977,Yes,Yes
50,101115,680,443125,30,0.18,Salaried,0,0,951986,No,Yes
39,48194,423,244562,17,0.19,Business,4,1,928993,No,No
43,183909,371,523459,18,0.2,Contract,4,2,929194,No,Yes
36,217966,467,351697,13,0.25,Business,5,2,677120,Yes,Yes
21,102358,583,831334,0,0.13,Salaried,2,0,801275,No,No
32,190648,793,406449,3,0.23,Self-Employed,3,0,374186,No,Yes
44,120548,335,581101,24,0.5,Business,0,0,743157,No,Yes
54,168799,474,600638,30,0.2,Salaried,1,3,706767,No,Yes
28,52579,498,268633,5,0.16,Self-Employed,5,3,311862,Yes,Yes
38,114554,415,996496,18,0.09,Contract,3,0,150475,No,No
25,165627,614,263525,0,0.37,Contract,3,3,686048,No,Yes
46,71294,519,814723,21,0.6,Self-Employed,2,2,707416,No,No
50,67777,433,269502,21,0.09,Salaried,3,0,239471,Yes,Yes
33,154978,421,215047,11,0.4,Salaried,2,2,976550,Yes,Yes
39,58751,720,468208,15,0.47,Business,2,2,99067,No,Yes
49,218671,791,224808,24,0.44,Contract,1,3,843034,Yes,Yes
23,126750,588,182309,0,0.62,Contract,5,4,484115,Yes,No
46,92180,352,579231,17,0.61,Contract,4,4,489282,Yes,Yes
60,222750,504,234989,31,0.09,Contract,3,1,721973,No,Yes
32,49644,647,180257,7,0.28,Salaried,2,1,702786,No,Yes
22,51521,350,142055,0,0.49,Contract,2,4,191807,Yes,Yes
31,29564,339,142292,10,0.67,Self-Employed,4,0,628275,Yes,No
64,123155,549,464436,38,0.57,Salaried,4,4,37928,Yes,No
48,219712,517,491014,22,0.16,Self-Employed,2,3,879193,Yes,Yes
38,176371,478,602982,17,0.23,Self-Employed,3,4,165204,No,Yes
33,197030,850,733610,11,0.55,Salaried,5,0,827000,Yes,Yes
57,205150,482,260550,35,0.36,Self-Employed,3,0,724065,No,Yes
42,162493,463,476443,22,0.41,Self-Employed,5,1,39558,Yes,No
32,106747,676,128305,12,0.45,Business,3,1,31526,Yes,Yes
22,29202,796,525255,0,0.12,Contract,4,0,833781,Yes,Yes
57,127407,760,234992,32,0.61,Self-Employed,3,2,931267,Yes,Yes
27,191257,773,60447,0,0.61,Business,5,1,100198,Yes,Yes
46,152757,336,301740,18,0.35,Business,3,3,140940,No,Yes
46,108197,618,124045,26,0.46,Contract,3,2,248639,Yes,Yes
44,60637,711,859297,18,0.48,Business,4,3,192114,Yes,Yes
32,167438,655,891882,7,0.17,Business,0,3,622152,No,Yes
36,42276,528,66134,13,0.12,Self-Employed,0,0,31152,Yes,Yes
43,98946,563,304819,21,0.06,Contract,3,2,538165,No,Yes
60,197311,786,626666,32,0.64,Contract,0,1,176336,Yes,Yes
29,93214,651,983705,0,0.27,Self-Employed,3,0,588053,No,Yes
52,173647,741,156889,28,0.11,Salaried,4,4,789924,Yes,Yes
35,190473,758,462152,8,0.35,Business,3,1,111402,No,Yes
57,59230,324,259866,34,0.1,Self-Employed,1,4,384084,Yes,Yes
33,228496,430,767112,10,0.11,Business,2,0,481514,Yes,Yes
25,231335,669,770669,0,0.37,Contract,4,3,556297,No,Yes
31,142086,735,727122,6,0.38,Contract,5,3,710907,Yes,Yes
30,147526,523,839660,8,0.43,Business,1,2,977301,Yes,Yes
33,217689,651,109405,12,0.48,Contract,1,1,313911,Yes,Yes
61,172093,784,164764,33,0.48,Contract,2,4,440232,Yes,Yes
35,158521,496,381090,14,0.33,Salaried,1,4,569602,No,Yes
62,164729,408,705768,34,0.47,Contract,2,2,496212,Yes,Yes
27,53059,519,693068,0,0.25,Contract,3,1,678349,No,No
60,19532,618,97497,31,0.34,Business,4,3,796510,Yes,Yes
48,120666,381,836254,22,0.31,Self-Employed,4,0,250685,Yes,Yes
52,199877,836,101419,28,0.26,Contract,4,2,191679,No,Yes
55,99551,731,763447,33,0.21,Contract,2,0,880821,Yes,Yes
35,186828,307,693504,14,0.1,Self-Employed,2,0,91468,Yes,Yes
56,89880,448,962165,29,0.38,Self-Employed,1,2,570720,No,Yes
41,124734,397,432406,20,0.4,Self-Employed,4,4,869408,No,Yes
26,131997,400,186845,0,0.27,Business,1,1,483647,Yes,Yes
21,223714,666,938733,0,0.68,Contract,3,4,205616,Yes,Yes
24,183278,761,502391,0,0.41,Contract,1,3,770867,Yes,Yes
31,70168,713,973121,8,0.63,Self-Employed,4,1,214597,Yes,Yes
64,131123,558,511453,37,0.42,Salaried,2,2,568978,Yes,Yes
46,224260,655,954832,20,0.17,Business,1,2,572264,Yes,Yes
57,173622,310,709267,30,0.68,Self-Employed,1,2,593522,Yes,Yes
43,155461,715,568960,19,0.63,Self-Employed,2,0,637564,No,Yes
49,105897,549,850273,28,0.36,Contract,2,2,542115,Yes,Yes
41,184919,849,403010,15,0.21,Salaried,4,3,658042,Yes,Yes
65,122599,421,759439,40,0.19,Business,3,3,89902,Yes,Yes
65,97239,364,784303,36,0.57,Salaried,5,2,484132,No,No
47,36642,601,504683,18,0.09,Salaried,4,1,322959,No,No
59,124862,424,104501,30,0.46,Contract,1,3,553076,Yes,Yes
60,54509,611,111855,31,0.47,Self-Employed,4,1,656433,No,No
33,97417,490,147735,12,0.17,Self-Employed,4,1,373237,No,Yes
43,67237,749,301928,21,0.51,Salaried,2,1,945096,No,Yes
36,164486,458,141822,13,0.51,Business,3,2,950708,No,No
50,81176,652,725219,21,0.28,Business,5,0,165192,No,Yes
24,146633,562,384496,0,0.36,Contract,3,2,673862,No,Yes
60,97865,705,492909,31,0.59,Business,4,3,443822,No,Yes
36,135181,316,984052,16,0.39,Contract,2,3,704806,No,Yes
51,80059,559,535583,26,0.45,Salaried,2,3,730490,No,Yes
62,67150,654,696068,37,0.32,Business,1,3,718197,No,Yes
45,106367,788,526120,18,0.15,Self-Employed,0,0,512128,Yes,Yes
64,59091,513,658869,40,0.7,Salaried,1,1,88154,No,No
32,222196,538,955588,11,0.4,Contract,5,2,752374,No,Yes
46,18903,479,869817,26,0.27,Salaried,1,3,422463,Yes,No
57,72235,718,258713,35,0.51,Salaried,1,1,922787,No,Yes
53,207637,442,467860,27,0.45,Contract,0,2,104564,No,Yes
48,73342,616,55639,21,0.2,Business,2,0,997014,No,Yes
29,191795,543,276938,3,0.62,Business,2,4,65394,No,Yes
32,53572,531,913584,4,0.1,Self-Employed,3,0,37265,Yes,No
25,35610,602,332724,0,0.44,Business,3,4,555018,No,No
48,52052,630,934736,21,0.36,Contract,4,3,746992,Yes,Yes
55,116993,547,339118,34,0.26,Contract,5,1,813111,Yes,Yes
25,105063,582,568150,5,0.59,Contract,4,1,319655,Yes,Yes
54,186622,586,488589,29,0.48,Business,4,2,943833,Yes,Yes
54,203105,331,425406,28,0.54,Contract,3,4,594301,Yes,Yes
33,178083,799,277158,8,0.32,Business,3,4,723736,No,Yes
59,183836,829,97612,33,0.66,Contract,1,2,481673,No,Yes
62,115540,680,467977,35,0.27,Contract,2,1,954426,Yes,Yes
65,71533,362,308775,40,0.4,Business,3,1,66882,Yes,Yes
34,173136,427,584989,14,0.66,Self-Employed,0,2,285156,Yes,Yes
31,141989,827,857254,2,0.1,Self-Employed,1,4,887517,No,Yes
62,198653,462,327114,35,0.12,Self-Employed,0,3,47425,Yes,Yes
58,138388,550,661016,31,0.7,Business,0,2,515174,No,Yes
24,46702,594,347991,0,0.68,Contract,2,1,844763,No,No
53,234773,478,73103,24,0.55,Business,0,3,580517,No,Yes
27,141482,528,500695,1,0.36,Salaried,0,3,229739,No,Yes
61,26631,693,957138,40,0.38,Salaried,5,4,391530,No,Yes
28,105388,695,820430,5,0.22,Business,0,2,363289,Yes,Yes
57,142798,371,275465,29,0.33,Salaried,0,3,68577,Yes,Yes
30,88043,617,552398,3,0.33,Self-Employed,1,0,245479,Yes,Yes
63,215135,678,526063,40,0.07,Self-Employed,1,3,594386,Yes,Yes
35,178053,435,372931,8,0.34,Self-Employed,2,3,742547,No,Yes
58,53764,677,198016,29,0.36,Salaried,2,3,809773,Yes,Yes
35,199585,418,542709,10,0.48,Self-Employed,5,2,756964,Yes,Yes
25,147014,829,820945,0,0.39,Self-Employed,0,4,692133,No,Yes
49,131076,822,589262,29,0.61,Self-Employed,4,4,196459,Yes,Yes
39,117007,686,359128,14,0.29,Business,0,0,154072,No,Yes
30,215270,568,96893,7,0.32,Contract,0,0,333947,No,Yes
32,42940,823,543888,10,0.42,Contract,5,3,362552,No,No
24,125418,846,571904,0,0.18,Business,2,3,666872,No,Yes
51,89792,785,993818,22,0.31,Self-Employed,3,3,103839,No,Yes
38,177504,737,341996,11,0.5,Self-Employed,2,0,615111,No,Yes
36,26367,410,317097,7,0.32,Business,1,4,671988,No,No
60,129764,621,795178,35,0.64,Business,2,0,821588,Yes,Yes
56,174583,826,388917,36,0.45,Salaried,5,4,493981,Yes,Yes
45,26573,476,283756,20,0.15,Business,3,0,201923,No,No
43,33582,850,864880,17,0.37,Self-Employed,0,4,371485,Yes,Yes
32,154450,837,606059,7,0.55,Business,3,0,985534,Yes,Yes
54,83296,772,101550,32,0.47,Self-Employed,5,4,479775,No,Yes
56,162572,687,105378,28,0.63,Salaried,5,2,729206,Yes,Yes
57,83841,397,235967,28,0.54,Business,2,2,155962,Yes,Yes
23,39881,710,292329,0,0.09,Salaried,4,1,404819,No,Yes
29,88233,674,239809,6,0.12,Self-Employed,5,4,102926,No,Yes
38,200614,469,642412,14,0.47,Self-Employed,1,4,899764,Yes,Yes
63,83285,355,766170,39,0.2,Self-Employed,5,4,885149,No,No
55,77547,624,305976,33,0.43,Self-Employed,3,1,449336,Yes,Yes
54,211223,559,261423,33,0.56,Salaried,5,0,182118,No,No
61,156294,639,384036,34,0.43,Business,2,2,805464,Yes,Yes
34,25933,703,987573,8,0.32,Business,0,1,853159,Yes,Yes
24,101385,831,812785,0,0.47,Self-Employed,2,2,97114,Yes,Yes
49,238844,473,326839,29,0.14,Self-Employed,5,3,271138,Yes,Yes
61,116706,837,496677,32,0.52,Salaried,5,1,360162,Yes,Yes
65,227509,459,988287,40,0.5,Salaried,0,1,460315,No,Yes
35,156012,309,313547,8,0.38,Self-Employed,4,2,966206,Yes,Yes
48,102590,555,680983,25,0.23,Self-Employed,1,4,775537,Yes,Yes
62,124399,643,733687,39,0.57,Business,3,3,950171,Yes,Yes
36,77145,835,642109,8,0.38,Business,2,2,489362,Yes,Yes
32,192682,672,189934,11,0.09,Business,2,1,80557,No,Yes
25,75520,734,248336,1,0.65,Self-Employed,3,4,312265,Yes,Yes
54,22544,345,847862,29,0.55,Contract,5,3,314494,Yes,No
62,239926,354,739377,37,0.43,Salaried,0,4,357309,No,Yes
21,72812,377,214718,0,0.33,Salaried,1,2,57282,Yes,Yes
59,220682,790,78922,37,0.67,Salaried,4,4,152862,Yes,Yes
52,200572,571,716903,23,0.55,Self-Employed,3,1,936506,Yes,Yes
46,188690,849,755009,21,0.4,Self-Employed,1,1,16549,No,Yes
37,137090,410,142099,8,0.47,Salaried,2,0,920600,No,Yes
47,117054,314,993057,18,0.23,Salaried,1,3,458859,Yes,Yes
44,174516,377,229932,20,0.18,Salaried,5,2,86636,Yes,Yes
55,235054,800,503604,28,0.23,Self-Employed,4,4,512822,No,Yes
62,243151,717,372236,39,0.24,Contract,1,1,337910,Yes,Yes
59,205658,574,909546,30,0.53,Contract,5,0,823542,Yes,Yes
46,173861,793,333407,17,0.14,Contract,2,2,817888,Yes,Yes
58,150689,496,126204,36,0.56,Business,4,1,474195,Yes,Yes
43,118834,675,918890,18,0.39,Business,4,2,685896,Yes,Yes
42,152405,362,455448,13,0.3,Self-Employed,4,1,982038,Yes,Yes
24,58002,660,714452,0,0.25,Contract,2,2,468241,Yes,Yes
29,212692,843,552727,2,0.38,Contract,0,1,274245,Yes,Yes
24,236760,409,308257,0,0.26,Business,2,4,151732,Yes,Yes
27,238699,493,352626,0,0.33,Contract,0,3,669401,No,Yes
43,149583,818,985621,21,0.53,Salaried,5,1,233185,No,Yes
22,130850,758,214330,2,0.46,Business,0,2,349355,Yes,Yes
44,148011,600,428541,22,0.54,Salaried,2,1,915274,Yes,Yes
60,186922,795,633385,38,0.51,Contract,5,0,872637,Yes,Yes
51,139548,448,925063,26,0.58,Self-Employed,1,4,348366,Yes,Yes
51,231244,760,68302,29,0.18,Contract,2,0,609458,Yes,Yes
60,235125,438,650050,39,0.7,Self-Employed,4,2,391794,Yes,Yes
63,49786,591,353078,35,0.36,Salaried,1,1,459629,Yes,Yes
54,223428,634,650727,29,0.52,Salaried,3,1,799716,Yes,Yes
44,54244,483,793305,20,0.49,Contract,5,0,570697,No,No
46,223786,606,92446,24,0.42,Business,3,3,422300,Yes,Yes
36,85261,561,383779,10,0.7,Salaried,3,4,467542,Yes,Yes
33,36477,609,338220,7,0.19,Self-Employed,4,1,712675,Yes,No
35,195605,643,492565,12,0.32,Self-Employed,5,1,635452,No,Yes
47,183541,723,158463,18,0.13,Business,5,2,886676,Yes,Yes
24,26496,813,570712,3,0.17,Contract,4,0,279477,Yes,Yes
36,138522,823,96578,15,0.51,Salaried,0,2,762555,No,Yes
50,161342,560,715086,23,0.05,Contract,5,4,225064,No,Yes
64,225080,661,887297,40,0.63,Salaried,4,1,859745,No,Yes
50,38724,468,649364,24,0.46,Contract,5,0,697063,No,No
56,48416,499,693759,34,0.34,Business,0,0,541854,No,No
23,53575,684,320246,0,0.27,Self-Employed,3,0,121303,No,Yes
42,230262,611,62754,13,0.13,Contract,2,4,865884,Yes,Yes
42,94614,611,214435,14,0.65,Contract,2,3,64182,No,Yes
32,111566,694,517082,6,0.51,Salaried,5,3,763711,No,Yes
41,222180,650,952134,15,0.27,Contract,4,3,360259,No,Yes
24,166480,327,508993,4,0.1,Contract,5,2,307019,No,Yes
51,145192,432,724107,22,0.26,Business,3,2,868584,No,Yes
64,37359,679,230956,37,0.17,Contract,5,4,18982,No,Yes
51,157770,827,405515,30,0.56,Business,3,0,818388,No,Yes
43,219464,586,478610,16,0.52,Business,0,3,188995,No,Yes
40,242135,583,372628,19,0.37,Business,0,1,667237,Yes,Yes
35,188564,526,306438,15,0.63,Salaried,3,3,713214,Yes,Yes
43,223853,726,879516,16,0.17,Business,5,4,341541,No,Yes
48,61634,326,802015,25,0.34,Salaried,4,3,288040,No,No
36,135255,631,212165,7,0.51,Self-Employed,4,1,196550,No,No
57,60864,416,581467,32,0.09,Business,3,1,302078,Yes,Yes
41,112482,388,739638,12,0.29,Contract,5,1,380751,Yes,Yes
35,55355,421,357957,6,0.42,Business,5,4,909392,Yes,Yes
37,55690,332,265788,17,0.29,Self-Employed,2,3,697619,No,Yes
57,186886,697,253515,29,0.36,Business,2,4,499267,No,Yes
33,180717,824,152816,7,0.45,Salaried,0,1,133508,No,Yes
39,233886,323,414750,15,0.29,Self-Employed,5,3,74415,Yes,Yes
50,221811,624,244900,25,0.12,Self-Employed,3,2,630084,Yes,Yes
65,74630,333,166331,40,0.14,Salaried,2,4,365865,No,Yes
38,197243,546,683552,10,0.39,Salaried,4,2,964979,No,Yes
34,39658,318,119942,13,0.16,Contract,1,2,511454,Yes,Yes
56,33797,329,407683,27,0.63,Self-Employed,1,0,352946,No,No
56,76799,348,856180,36,0.59,Business,5,1,866037,Yes,No
40,136301,479,925120,20,0.28,Salaried,3,2,688618,No,Yes
39,247414,669,125127,10,0.59,Contract,0,4,384285,Yes,Yes
65,245566,694,321886,40,0.4,Salaried,1,1,13489,Yes,Yes
64,70236,795,53411,39,0.15,Salaried,4,1,702795,No,Yes
27,24265,730,656290,2,0.45,Contract,4,4,322984,Yes,No
64,143611,506,350608,36,0.49,Self-Employed,4,3,176453,Yes,Yes
24,221206,334,686355,0,0.1,Business,1,4,672270,Yes,Yes
54,249791,712,341842,31,0.25,Salaried,2,3,299178,No,Yes
22,231750,663,174359,0,0.05,Self-Employed,4,1,34596,No,Yes
25,202566,609,421560,2,0.26,Contract,0,4,598719,Yes,Yes
30,139754,578,912443,8,0.27,Contract,3,2,268594,No,Yes
52,201340,451,998612,29,0.46,Contract,3,4,759235,No,No
62,176070,526,134360,40,0.18,Self-Employed,3,2,121045,Yes,Yes
61,109426,542,383440,33,0.07,Business,2,2,425202,No,Yes
33,243486,309,657990,9,0.26,Self-Employed,3,1,248745,Yes,Yes
59,210411,691,441914,33,0.59,Self-Employed,3,3,809734,Yes,Yes
25,163378,347,883565,3,0.31,Contract,1,3,955806,Yes,Yes
30,213078,503,227734,6,0.32,Salaried,2,2,687892,No,Yes
30,196417,456,243493,1,0.35,Salaried,2,3,491241,No,Yes
58,160957,325,75180,35,0.54,Contract,1,4,733616,Yes,Yes
47,127681,720,482410,21,0.36,Salaried,0,2,37544,No,Yes
41,61826,563,524840,17,0.11,Contract,3,2,868744,No,No
28,73597,828,717885,7,0.18,Self-Employed,0,0,21984,Yes,Yes
21,156515,769,189994,0,0.17,Contract,1,4,195267,No,Yes
48,115375,553,243854,21,0.38,Business,1,3,356795,Yes,Yes
59,35084,845,523034,37,0.07,Business,1,3,948771,No,Yes
34,107447,446,428192,8,0.23,Business,1,0,711161,No,Yes
41,22383,625,478062,17,0.44,Self-Employed,5,4,723015,No,No
50,110313,637,788257,24,0.28,Salaried,4,1,396369,Yes,Yes
41,52361,417,538338,12,0.51,Self-Employed,1,1,94598,Yes,No
29,98294,464,418241,1,0.3,Salaried,0,4,805143,Yes,Yes
37,79331,849,903605,11,0.69,Self-Employed,1,3,672354,Yes,Yes
25,113057,497,63916,0,0.68,Self-Employed,0,1,694095,Yes,Yes
51,169601,673,736286,31,0.57,Business,1,1,740780,Yes,Yes
60,207646,428,92941,37,0.67,Self-Employed,1,3,742591,No,Yes
58,237699,713,634582,31,0.18,Business,4,4,206473,No,Yes
63,139685,679,69684,40,0.54,Self-Employed,1,0,533922,Yes,Yes
39,114917,300,938740,14,0.26,Contract,3,4,201112,Yes,Yes
56,249988,466,722326,35,0.52,Business,4,0,995671,No,No
53,48932,315,295077,25,0.29,Contract,4,4,466048,No,No
33,19908,411,533787,6,0.24,Self-Employed,3,1,689950,Yes,No
34,179430,667,762839,6,0.67,Self-Employed,5,2,390385,Yes,Yes
53,48412,401,256776,25,0.19,Contract,4,2,678995,Yes,Yes
49,146319,705,501537,28,0.54,Salaried,1,3,666702,Yes,Yes
63,101710,806,910443,40,0.49,Salaried,3,4,561002,No,Yes
56,230104,339,667297,28,0.25,Salaried,1,4,86709,No,Yes
64,20928,847,347310,40,0.35,Self-Employed,4,3,203838,Yes,Yes
30,83158,680,627552,7,0.14,Salaried,2,3,709660,Yes,Yes
51,179704,815,280614,30,0.65,Salaried,3,0,470255,No,Yes
26,50309,796,577754,6,0.68,Self-Employed,0,0,996210,No,Yes
21,27280,580,858334,0,0.53,Self-Employed,4,2,675587,Yes,No
27,58449,650,634093,1,0.6,Salaried,2,1,703615,No,Yes
47,236243,633,972867,23,0.1,Salaried,4,4,838717,Yes,Yes
41,44957,823,413614,19,0.3,Contract,1,2,979507,Yes,Yes
48,185967,582,307656,21,0.27,Self-Employed,5,2,311065,Yes,Yes
36,88499,618,109397,12,0.42,Self-Employed,5,1,670918,Yes,Yes
43,111057,713,314278,23,0.17,Contract,1,2,311334,No,Yes
40,247223,313,429068,12,0.42,Business,5,2,926547,Yes,Yes
58,128065,355,639414,34,0.48,Business,1,1,79547,Yes,Yes
45,170767,702,877811,23,0.14,Self-Employed,2,2,128916,Yes,Yes
48,92893,641,404082,23,0.14,Self-Employed,1,4,895251,Yes,Yes
25,212195,498,798610,0,0.07,Salaried,4,3,673965,No,Yes
41,43176,591,659897,20,0.54,Business,4,1,791416,Yes,No
38,167481,740,523335,16,0.27,Salaried,5,3,321219,Yes,Yes
26,74967,377,349867,0,0.2,Business,4,4,22512,Yes,Yes
49,18987,411,222238,28,0.56,Contract,3,2,953343,Yes,No
39,203534,834,139292,15,0.14,Salaried,4,2,361975,Yes,Yes
53,216573,674,659598,25,0.33,Contract,1,2,899740,Yes,Yes
21,114854,415,925602,0,0.53,Contract,3,3,15237,No,No
65,44015,441,802039,40,0.42,Business,3,0,951585,No,No
23,243799,496,57249,2,0.41,Self-Employed,3,3,342191,Yes,No
62,130350,839,553582,33,0.15,Self-Employed,3,0,30896,No,Yes
41,84404,598,540020,13,0.17,Contract,5,3,311881,Yes,Yes
55,134751,375,53796,27,0.43,Self-Employed,2,4,262541,No,Yes
61,146807,829,986422,33,0.07,Salaried,5,3,452173,No,Yes
60,199353,399,592852,31,0.61,Business,4,3,48598,No,No
23,186218,778,539464,1,0.28,Salaried,2,1,30365,Yes,Yes
45,66231,767,144322,25,0.32,Self-Employed,5,2,486775,Yes,Yes
65,178104,591,261920,37,0.22,Contract,0,2,368511,No,Yes
58,46305,424,693203,32,0.62,Business,2,2,285469,No,No
65,72306,818,665797,40,0.47,Contract,5,0,120345,Yes,Yes
40,237248,322,439273,15,0.34,Business,5,4,585080,No,Yes
64,139139,461,259815,36,0.43,Salaried,3,0,642762,No,No
65,36318,805,247559,38,0.3,Self-Employed,4,1,21763,Yes,Yes
54,162318,320,365317,29,0.35,Salaried,5,1,454198,Yes,Yes
41,182916,763,441973,16,0.28,Contract,4,3,107508,Yes,Yes
43,181674,782,825533,16,0.32,Salaried,1,1,804285,No,Yes
26,39584,801,954925,0,0.25,Self-Employed,5,1,548513,No,No
33,33169,608,716750,6,0.1,Self-Employed,2,4,870562,No,No
43,43968,502,106627,23,0.07,Salaried,4,1,634615,Yes,Yes
29,155457,715,792090,8,0.16,Business,0,3,806649,Yes,Yes
37,222830,441,212022,12,0.21,Self-Employed,0,2,661370,No,Yes
22,140684,406,506179,0,0.63,Self-Employed,5,0,935476,No,No
39,133391,828,750053,16,0.45,Self-Employed,2,0,680958,Yes,Yes
39,43444,836,200672,16,0.67,Self-Employed,5,0,387858,No,Yes
27,124081,590,517850,6,0.27,Business,5,3,554503,No,Yes
62,80497,610,506302,33,0.31,Business,1,4,975558,Yes,Yes
62,23362,684,651766,40,0.52,Contract,5,3,682390,No,No
40,117254,352,64012,11,0.43,Contract,5,0,747606,Yes,Yes
29,157322,482,998206,1,0.39,Contract,0,3,329487,Yes,Yes
37,86354,668,291626,11,0.42,Salaried,1,3,53764,Yes,Yes
47,54368,312,884608,19,0.43,Salaried,2,3,873795,Yes,No
22,62109,459,846778,1,0.55,Contract,5,2,374981,No,No
56,229661,583,457644,27,0.48,Self-Employed,4,3,367413,Yes,Yes
39,206717,586,842187,15,0.67,Contract,1,4,637262,No,Yes
37,206069,307,554636,16,0.67,Salaried,5,2,474885,No,No
25,45426,371,580571,0,0.32,Business,0,3,586319,No,No
59,135632,397,885468,33,0.07,Self-Employed,1,1,153354,No,Yes
38,130637,386,182409,10,0.06,Self-Employed,4,0,220295,Yes,Yes
27,57023,400,439130,5,0.13,Self-Employed,5,2,788245,Yes,Yes
37,140268,580,158991,17,0.1,Salaried,4,1,808409,No,Yes
59,208339,588,560878,36,0.29,Self-Employed,0,0,502159,No,Yes
56,173964,495,637256,33,0.08,Self-Employed,1,4,984457,Yes,Yes
60,208304,690,464073,35,0.46,Business,1,1,648073,Yes,Yes
65,127211,749,271544,40,0.17,Self-Employed,3,4,155579,No,Yes
24,112897,667,155130,0,0.38,Salaried,0,4,519347,Yes,Yes
58,208297,729,601928,30,0.12,Self-Employed,1,1,879284,No,Yes
45,165079,395,423377,25,0.59,Salaried,2,1,101455,Yes,Yes
25,97777,560,590502,0,0.56,Business,3,2,513030,No,No
50,62858,811,222604,23,0.3,Business,0,4,718378,Yes,Yes
32,194145,420,338675,5,0.64,Self-Employed,4,1,263548,Yes,Yes
24,238510,665,778909,2,0.17,Contract,0,4,580560,Yes,Yes
44,108042,631,872244,15,0.58,Business,2,3,683664,Yes,No
49,101098,351,371072,22,0.4,Self-Employed,2,3,239807,Yes,Yes
29,38239,695,251626,8,0.26,Business,4,3,83556,No,Yes
24,212041,617,900315,0,0.1,Business,4,4,169908,Yes,Yes
44,162137,576,658441,17,0.16,Salaried,4,4,517130,No,Yes
34,128951,493,274476,12,0.61,Contract,3,1,822379,Yes,Yes
25,59291,320,170325,2,0.44,Salaried,2,1,507712,No,No
38,56805,698,417915,10,0.2,Self-Employed,4,2,242758,Yes,Yes
62,116831,501,757758,34,0.37,Self-Employed,2,2,15158,No,Yes
39,167515,765,92774,10,0.12,Salaried,3,2,794547,No,Yes
32,27290,450,474306,4,0.11,Contract,5,0,166865,No,No
38,149283,458,611097,9,0.64,Contract,3,3,376017,Yes,Yes
37,101634,609,379569,12,0.35,Contract,5,4,500563,Yes,Yes
50,37072,803,991564,30,0.29,Business,2,3,448017,Yes,Yes
44,61290,325,60091,17,0.67,Self-Employed,4,4,655952,Yes,Yes
31,103186,365,489499,3,0.31,Business,5,0,25344,No,Yes
55,33115,562,986543,28,0.27,Salaried,0,4,560503,Yes,No
43,23149,771,617577,23,0.23,Contract,1,2,993313,No,Yes
37,59992,466,578006,12,0.42,Business,2,3,602552,Yes,No
21,35716,453,202991,0,0.41,Contract,5,3,551537,No,No
35,115724,642,485232,7,0.06,Business,3,3,525802,No,Yes
52,31621,712,911666,26,0.48,Self-Employed,4,0,193418,Yes,No
29,155892,483,293859,3,0.56,Contract,5,3,383475,Yes,Yes
35,131065,493,346542,12,0.45,Business,1,1,839942,No,Yes
48,191872,301,333588,22,0.62,Salaried,2,2,84918,No,Yes
44,204115,514,788271,15,0.23,Business,0,2,370089,No,Yes
55,48399,782,360195,31,0.17,Salaried,0,4,150746,Yes,Yes
42,137374,331,283966,13,0.5,Salaried,3,0,364919,No,No
47,163074,314,436217,23,0.17,Contract,3,4,683282,Yes,Yes
39,61098,617,843298,19,0.11,Self-Employed,3,4,211392,Yes,Yes
65,63511,542,960014,40,0.11,Salaried,2,2,662315,No,Yes
32,71243,316,550742,4,0.55,Salaried,0,1,579315,Yes,Yes
40,133131,833,702667,19,0.07,Self-Employed,0,0,159647,Yes,Yes
21,46750,380,565925,0,0.24,Self-Employed,3,0,284914,Yes,No
41,240682,735,298241,20,0.13,Self-Employed,3,0,822154,Yes,Yes
65,166382,307,751473,37,0.54,Salaried,4,1,262019,Yes,Yes
21,73398,586,615810,0,0.38,Self-Employed,0,0,716895,Yes,Yes
30,231614,485,377287,9,0.18,Salaried,3,3,947568,Yes,Yes
52,224279,823,344903,26,0.54,Salaried,3,1,288860,No,Yes
59,62345,721,859097,31,0.54,Salaried,3,4,33600,No,No
42,111430,765,926910,17,0.39,Self-Employed,5,3,933132,Yes,Yes
38,132921,382,777145,12,0.23,Salaried,4,4,589867,Yes,Yes
52,109729,782,509545,30,0.43,Contract,0,0,275451,No,Yes
47,69843,624,77679,25,0.66,Salaried,0,1,572575,Yes,Yes
48,159294,718,628171,21,0.08,Self-Employed,0,3,878415,No,Yes
38,238394,350,391673,12,0.22,Self-Employed,4,1,228299,Yes,Yes
59,180581,326,927501,35,0.24,Salaried,2,1,177105,No,Yes
49,149458,844,119131,24,0.46,Salaried,4,1,895929,No,Yes
38,82334,361,98295,10,0.47,Salaried,5,4,650987,No,No
64,85170,470,228253,40,0.18,Contract,1,1,146578,Yes,Yes
28,58878,585,231793,6,0.19,Self-Employed,5,0,60795,Yes,Yes
51,218741,416,838688,26,0.65,Contract,4,3,581668,Yes,Yes
54,187421,303,848533,27,0.54,Self-Employed,1,2,290351,No,Yes
27,249343,365,489706,3,0.66,Business,5,1,717576,Yes,Yes
56,171024,359,627543,36,0.59,Self-Employed,3,3,906709,Yes,Yes
38,108352,801,669232,16,0.31,Salaried,1,4,411604,No,Yes
58,170601,528,539698,31,0.13,Self-Employed,4,4,288551,No,Yes
29,220375,399,420862,6,0.46,Self-Employed,2,1,521230,Yes,Yes
29,190593,418,742304,1,0.28,Business,0,1,878928,Yes,Yes
28,36383,368,123497,3,0.33,Business,4,0,539174,Yes,Yes
55,153973,520,327560,26,0.33,Contract,0,2,280927,No,Yes
38,60889,522,481238,15,0.66,Contract,5,1,749335,Yes,Yes
25,32633,803,58429,2,0.09,Salaried,1,1,137532,Yes,Yes
34,80244,510,194855,5,0.18,Contract,3,0,397544,Yes,Yes
48,147177,561,634920,24,0.45,Contract,3,4,591997,Yes,Yes
50,168235,817,860722,24,0.62,Business,4,2,974234,Yes,Yes
24,208091,547,439306,0,0.65,Salaried,1,4,425288,No,No
59,159779,556,891585,30,0.41,Salaried,1,1,432923,No,Yes
40,237184,362,947653,14,0.07,Contract,0,2,579324,No,Yes
45,101597,691,346644,21,0.29,Salaried,5,1,734039,No,Yes
48,194173,839,618309,20,0.65,Salaried,5,0,848537,No,Yes
32,193778,716,673406,11,0.37,Business,1,0,317262,No,Yes
22,226156,352,931253,0,0.52,Contract,2,4,39858,No,No
63,33115,337,679627,34,0.22,Salaried,3,3,487733,Yes,No
34,93379,607,106733,7,0.07,Contract,5,4,635940,Yes,Yes
42,57979,352,527361,20,0.43,Contract,2,2,388418,Yes,No
51,189713,751,714536,27,0.59,Salaried,5,0,604833,No,Yes
43,87377,760,564327,16,0.69,Self-Employed,2,4,647329,No,Yes
40,24416,785,140909,11,0.6,Salaried,0,0,496905,No,Yes
58,159705,436,671779,30,0.41,Self-Employed,1,3,542345,Yes,Yes
24,146785,671,989061,0,0.45,Business,0,4,281001,No,Yes
35,149666,555,930706,12,0.59,Contract,5,0,34083,No,No
44,163465,694,796015,21,0.06,Self-Employed,3,1,559656,Yes,Yes
45,184452,336,132439,23,0.67,Contract,0,3,351470,Yes,Yes
21,194128,446,847170,0,0.4,Business,5,1,496609,No,Yes
27,237351,307,55041,2,0.67,Business,2,2,53471,Yes,Yes
51,148364,550,624894,22,0.55,Self-Employed,0,3,421892,Yes,Yes
32,115507,746,532006,7,0.15,Business,1,0,446652,Yes,Yes
62,136243,562,237437,33,0.16,Contract,0,1,443399,No,Yes
25,153933,738,876959,0,0.28,Business,1,2,957129,Yes,Yes
64,121070,558,321394,36,0.22,Business,2,1,929530,Yes,Yes
62,54126,622,928780,40,0.34,Self-Employed,1,3,533025,No,Yes
58,98382,829,206760,35,0.44,Business,1,1,886591,Yes,Yes
32,240785,600,725150,10,0.33,Salaried,5,1,954141,Yes,Yes
59,182754,784,837378,37,0.09,Contract,1,4,389270,No,Yes
38,36228,391,348942,18,0.68,Self-Employed,5,0,910859,Yes,No
22,249371,463,910295,0,0.33,Salaried,1,1,651701,No,Yes
30,42009,634,699761,5,0.6,Self-Employed,3,4,619392,Yes,No
35,18094,614,820840,7,0.1,Salaried,4,0,72527,Yes,No
50,98636,537,182208,26,0.58,Business,5,3,97324,Yes,Yes
64,201293,382,737275,35,0.16,Salaried,3,3,224102,Yes,Yes
37,116453,408,796834,16,0.49,Salaried,0,4,436478,Yes,Yes
24,166502,477,902522,0,0.48,Salaried,3,4,680441,No,No
27,184643,549,466637,4,0.64,Contract,3,3,63496,No,No
61,72486,390,503132,36,0.26,Self-Employed,1,2,576896,Yes,Yes
51,108510,638,80893,25,0.12,Business,0,0,78833,No,Yes
59,245737,468,114124,33,0.61,Business,0,0,54214,No,Yes
54,211366,438,86171,31,0.27,Contract,2,4,333664,Yes,Yes
26,38860,816,723998,0,0.2,Contract,1,0,626364,No,Yes
58,90812,483,428198,29,0.37,Contract,3,2,337633,No,Yes
65,84087,469,247556,40,0.14,Salaried,2,0,529954,No,Yes
54,157558,661,803598,31,0.24,Contract,2,4,319633,No,Yes
64,232135,543,484279,35,0.3,Contract,5,1,316268,No,Yes
35,67607,437,74193,10,0.23,Salaried,3,1,839121,No,Yes
34,158817,327,909175,8,0.34,Self-Employed,0,4,737505,Yes,Yes
26,124664,818,321382,5,0.3,Contract,1,1,268534,Yes,Yes
57,227605,697,450635,28,0.55,Contract,1,0,442233,Yes,Yes
52,36330,632,70410,30,0.65,Salaried,3,4,677235,No,No
23,138803,616,187028,0,0.12,Salaried,1,4,319283,No,Yes
23,189150,725,916593,0,0.59,Salaried,4,4,903623,No,Yes
42,204404,435,73753,22,0.66,Self-Employed,2,1,909220,Yes,Yes
42,203604,566,122858,19,0.5,Contract,2,3,30192,No,Yes
30,239437,406,904582,6,0.7,Contract,4,1,317774,No,No
23,61336,437,290899,1,0.27,Salaried,1,4,727185,Yes,Yes
32,26070,346,993043,9,0.59,Salaried,0,0,939150,Yes,No
49,19320,667,249879,20,0.49,Contract,5,3,548825,Yes,No
37,107043,305,583317,8,0.26,Contract,4,4,160158,Yes,Yes
27,56921,822,106536,0,0.51,Contract,4,1,700621,Yes,Yes
33,24589,828,961770,7,0.38,Salaried,2,2,896027,No,Yes
22,213481,571,907646,0,0.17,Self-Employed,0,4,677906,No,Yes
24,110995,365,296641,0,0.16,Self-Employed,0,0,174093,No,Yes
30,33589,719,884421,9,0.51,Contract,1,2,681619,No,No
59,54375,638,931063,36,0.51,Business,0,2,125976,No,No
44,61085,797,131107,24,0.4,Self-Employed,1,1,813245,Yes,Yes
37,78840,768,224234,15,0.38,Business,3,1,31193,No,Yes
26,192272,630,725078,0,0.17,Business,4,3,443182,Yes,Yes
39,116704,430,917834,13,0.33,Contract,5,4,494516,Yes,Yes
25,175804,829,445414,0,0.62,Salaried,5,3,178714,Yes,Yes
52,115047,737,566307,27,0.61,Business,4,3,865740,Yes,Yes
30,171498,542,845839,6,0.48,Contract,1,2,907306,Yes,Yes
29,48982,762,255680,0,0.7,Salaried,1,1,760509,Yes,Yes
47,77720,649,788034,19,0.63,Self-Employed,1,2,804693,Yes,No
33,165818,316,186289,9,0.14,Contract,4,4,498682,Yes,Yes
39,46514,765,540012,11,0.31,Self-Employed,1,3,136045,Yes,Yes
41,213961,662,943628,18,0.14,Contract,4,3,897082,No,Yes
44,152923,509,125947,20,0.35,Business,5,4,257778,Yes,Yes
58,168868,824,345282,38,0.55,Salaried,4,3,913980,No,Yes
24,94034,719,608788,0,0.15,Business,5,1,233121,Yes,Yes
44,211870,432,557034,22,0.62,Contract,2,1,375361,No,Yes
55,116388,313,579547,26,0.42,Contract,5,3,406549,No,No
23,212057,343,653940,2,0.54,Business,2,4,634638,No,No
24,183664,676,624241,0,0.08,Contract,3,2,511900,Yes,Yes
57,62845,594,72783,37,0.11,Self-Employed,3,3,486389,No,Yes
60,165002,695,91949,32,0.45,Business,5,0,408091,Yes,Yes
55,128853,403,988659,31,0.59,Salaried,0,1,746518,Yes,Yes
51,126417,744,82389,25,0.62,Self-Employed,1,0,942493,No,Yes
64,131436,361,237231,35,0.5,Self-Employed,5,0,11736,Yes,No
45,39159,711,343192,17,0.18,Contract,5,0,367474,No,Yes
60,244144,620,475337,32,0.18,Business,4,3,804926,No,Yes
33,107788,430,863973,7,0.62,Contract,0,3,693270,Yes,No
24,42003,498,610393,1,0.12,Business,2,0,67894,No,No
34,123722,335,176492,11,0.5,Business,4,3,101831,Yes,Yes
33,53139,515,464858,7,0.4,Salaried,5,0,128996,No,No
47,70452,605,156331,20,0.32,Contract,0,0,723106,Yes,Yes
26,40205,311,941703,0,0.34,Business,5,2,146826,No,No
37,245131,382,280996,8,0.66,Salaried,2,2,455722,Yes,Yes
56,74955,331,472136,33,0.61,Business,3,2,721740,No,No
60,25464,707,236206,37,0.61,Contract,1,4,988497,No,No
55,231718,385,221833,28,0.31,Business,1,1,805443,No,Yes
37,221729,710,101944,9,0.12,Self-Employed,0,3,973579,Yes,Yes
61,27840,555,81027,35,0.7,Contract,2,2,917703,No,No
22,58768,540,173452,0,0.14,Self-Employed,0,1,809629,No,Yes
33,158533,751,539232,4,0.39,Salaried,2,1,526452,No,Yes
22,38927,300,778282,2,0.22,Business,2,3,958000,Yes,No
48,239006,581,939629,24,0.38,Contract,1,4,649083,Yes,Yes
63,116622,813,726840,38,0.25,Salaried,3,0,917403,Yes,Yes
46,33329,418,742984,18,0.63,Self-Employed,3,2,262146,Yes,No
42,33791,804,119191,18,0.68,Self-Employed,4,4,660580,Yes,Yes
63,70627,379,926836,40,0.32,Self-Employed,2,3,18797,No,No
23,146885,518,99028,0,0.1,Self-Employed,1,4,630885,Yes,Yes
55,163444,816,103445,34,0.48,Salaried,2,1,634449,No,Yes
32,241962,765,656287,9,0.29,Business,5,4,250604,No,Yes
44,197541,817,357336,18,0.69,Salaried,4,2,834983,No,Yes
25,127554,801,381988,0,0.11,Business,5,4,618479,Yes,Yes
40,148436,357,723606,18,0.13,Contract,1,4,834492,Yes,Yes
59,105073,636,476602,37,0.5,Self-Employed,2,1,674267,No,Yes
59,52370,809,100111,36,0.54,Salaried,3,4,102918,Yes,Yes
33,69408,725,258078,7,0.36,Contract,3,1,351174,No,Yes
61,108941,669,168423,36,0.23,Business,4,2,724618,Yes,Yes
65,172775,710,221954,40,0.25,Contract,5,2,642262,Yes,Yes
32,164306,731,633845,9,0.27,Contract,3,0,345412,No,Yes
33,156604,495,504134,6,0.2,Business,2,0,813777,Yes,Yes
30,53416,676,193260,7,0.6,Contract,4,1,481911,Yes,Yes
53,90439,664,847101,31,0.09,Self-Employed,5,0,718370,Yes,Yes
60,36242,704,454659,34,0.31,Business,0,0,268738,Yes,Yes
36,199326,791,691144,15,0.54,Business,4,3,849505,No,Yes
65,97324,365,331773,40,0.05,Salaried,3,0,129905,No,Yes
55,53249,690,994458,28,0.62,Contract,1,4,412625,Yes,Yes
23,118124,382,843667,0,0.51,Self-Employed,4,2,796988,Yes,No
25,113049,780,125450,0,0.1,Self-Employed,2,0,43151,Yes,Yes
46,103078,528,231385,20,0.63,Business,5,1,156789,No,No
31,50294,524,617137,10,0.37,Contract,4,3,719031,Yes,Yes
27,208856,412,887624,3,0.47,Business,3,3,531938,Yes,Yes
30,152756,484,275155,7,0.62,Self-Employed,4,2,131778,Yes,Yes
62,172867,811,950403,34,0.62,Self-Employed,2,2,21944,Yes,Yes
54,209373,472,61593,28,0.32,Self-Employed,2,1,900000,Yes,Yes
23,218259,822,615216,0,0.2,Business,3,1,813734,Yes,Yes
28,159503,504,77885,0,0.22,Contract,2,1,688439,Yes,Yes
51,224739,837,629089,25,0.55,Contract,3,3,71256,No,Yes
31,107627,618,452507,10,0.65,Business,4,3,230669,Yes,Yes
65,108381,458,226050,40,0.1,Self-Employed,4,1,972980,No,Yes
27,108027,577,237542,6,0.06,Contract,0,0,589429,No,Yes
65,204444,447,507323,40,0.58,Self-Employed,3,0,246628,Yes,Yes
22,88366,382,436712,2,0.3,Business,1,1,580041,Yes,Yes
26,112176,718,434315,0,0.23,Contract,3,1,586404,Yes,Yes
61,137667,837,119668,40,0.17,Contract,4,3,447146,Yes,Yes
52,90870,848,802579,29,0.28,Business,5,0,735898,No,Yes
40,65387,691,181916,12,0.68,Business,4,2,324918,No,Yes
54,201999,432,104929,27,0.69,Contract,2,2,880109,No,Yes
36,27304,541,868301,7,0.27,Salaried,0,4,640462,Yes,No
45,35032,750,802412,24,0.68,Self-Employed,1,2,783147,No,No
32,109291,499,870843,9,0.24,Salaried,0,0,895587,No,Yes
27,130889,416,371821,4,0.61,Contract,3,3,552894,No,No
59,77486,518,739391,38,0.19,Salaried,5,0,631804,Yes,Yes
37,83552,604,872134,16,0.59,Business,3,0,239934,No,No
65,222916,542,962997,40,0.28,Self-Employed,4,2,549757,No,Yes
31,178726,591,572459,8,0.18,Business,2,1,473333,No,Yes
26,57244,600,72523,0,0.66,Business,1,4,742547,Yes,Yes
43,155014,687,941910,20,0.19,Business,5,2,783308,Yes,Yes
47,68697,508,541735,20,0.69,Business,2,2,803873,No,Yes
26,144031,613,579064,2,0.12,Self-Employed,1,2,56769,Yes,Yes
58,20693,325,897433,38,0.06,Contract,5,4,365835,Yes,No
22,205823,378,461940,0,0.62,Contract,0,3,102764,No,No
42,99098,427,237930,15,0.43,Self-Employed,4,2,313011,Yes,Yes
40,24259,712,719460,20,0.32,Business,2,3,882026,Yes,Yes
45,137746,436,616755,23,0.1,Salaried,3,3,73732,No,Yes
35,125772,633,372866,13,0.42,Contract,4,0,463120,No,No
49,135928,847,149420,25,0.31,Business,1,1,732978,No,Yes
28,154014,687,549270,2,0.36,Salaried,5,4,647188,Yes,Yes
57,65419,529,948316,37,0.46,Salaried,4,1,765703,No,No
53,120092,720,653756,33,0.47,Business,3,3,640387,No,Yes
42,74105,423,727078,13,0.67,Self-Employed,3,3,844821,Yes,No
25,214979,387,751374,0,0.48,Business,1,4,828235,No,No
59,176455,440,953281,35,0.27,Self-Employed,4,1,943987,Yes,Yes
38,41404,350,725000,16,0.26,Salaried,2,0,404884,Yes,No
58,90656,704,896744,36,0.36,Contract,4,1,332795,No,Yes
57,154774,636,157644,34,0.22,Self-Employed,3,2,743855,Yes,Yes
50,222955,665,69560,21,0.29,Self-Employed,5,1,855734,Yes,Yes
51,118965,557,449596,30,0.6,Self-Employed,1,3,500750,Yes,Yes
30,74332,687,97756,2,0.61,Contract,0,4,39420,No,Yes
35,188491,344,309876,12,0.46,Business,0,2,233838,No,Yes
62,239648,568,930797,33,0.43,Salaried,5,3,438071,Yes,Yes
64,121182,610,603867,40,0.33,Salaried,4,1,91132,Yes,Yes
38,129395,577,145736,9,0.46,Self-Employed,3,4,191483,Yes,Yes
43,120619,774,704272,17,0.57,Salaried,4,2,26457,No,Yes
53,237150,444,921697,25,0.53,Self-Employed,1,1,508398,Yes,Yes
36,126269,534,733897,15,0.07,Contract,2,2,905879,No,Yes
58,91844,435,302756,33,0.53,Self-Employed,0,0,277098,No,Yes
55,188314,744,812996,31,0.52,Contract,4,0,642860,No,Yes
54,142983,652,429765,34,0.11,Self-Employed,3,4,785611,Yes,Yes
48,52142,693,139661,22,0.15,Self-Employed,5,0,737885,No,Yes
22,127699,574,186727,2,0.56,Contract,0,3,111398,Yes,Yes
50,114226,683,773344,21,0.41,Business,0,1,694547,Yes,Yes
33,25393,622,391865,5,0.58,Contract,2,2,544771,Yes,No
61,219011,482,198283,38,0.17,Self-Employed,4,2,22833,Yes,Yes
36,218154,739,727640,9,0.07,Salaried,2,0,248184,No,Yes
25,120281,362,83971,5,0.16,Business,3,2,726453,Yes,Yes
48,177965,333,962615,24,0.34,Salaried,3,2,314956,Yes,Yes
59,27388,776,679211,37,0.39,Business,4,1,128810,No,Yes
65,80969,386,56798,40,0.61,Self-Employed,0,4,330594,Yes,Yes
40,54660,509,591516,17,0.52,Business,1,2,153518,Yes,No
44,107244,761,216811,17,0.69,Salaried,2,0,210578,No,Yes
47,173798,380,804932,18,0.1,Contract,0,0,560364,Yes,Yes
50,97544,621,491936,21,0.13,Business,5,4,831068,No,Yes
65,212068,714,144845,40,0.1,Business,3,2,829866,No,Yes
47,149183,489,251352,27,0.4,Self-Employed,3,2,967610,No,Yes
46,133370,532,90503,22,0.22,Self-Employed,0,2,873163,No,Yes
27,35545,691,326692,6,0.49,Business,0,4,435567,Yes,Yes
62,189240,468,682413,37,0.14,Self-Employed,5,0,640573,Yes,Yes
58,151451,742,180942,35,0.12,Self-Employed,3,2,189952,Yes,Yes
25,244845,467,218925,0,0.35,Contract,2,2,67329,No,Yes
43,105346,530,648819,17,0.29,Business,2,3,803380,No,Yes
48,190192,449,336847,27,0.59,Salaried,0,1,399752,Yes,Yes
54,35809,849,468743,28,0.59,Contract,4,4,913362,No,No
35,201885,685,281640,6,0.13,Self-Employed,3,1,959478,No,Yes
52,223077,680,146966,25,0.58,Contract,1,4,977301,No,Yes
46,45967,574,115555,24,0.42,Business,3,1,632138,Yes,No
51,158820,361,766342,29,0.38,Business,2,3,285586,Yes,Yes
39,41424,766,100933,18,0.11,Business,2,1,590083,No,Yes
29,235584,827,504394,9,0.53,Salaried,1,2,489692,Yes,Yes
49,172986,449,634763,27,0.09,Salaried,2,1,506522,No,Yes
59,244675,441,488946,30,0.23,Salaried,1,1,986922,No,Yes
24,126411,415,73241,0,0.11,Self-Employed,2,0,102404,Yes,Yes
23,227550,364,431666,0,0.39,Business,5,4,460689,Yes,Yes
49,168563,728,384976,21,0.47,Business,1,1,560207,Yes,Yes
31,198526,609,262941,6,0.63,Salaried,4,2,979959,Yes,Yes
53,88069,729,222588,28,0.53,Contract,3,2,904123,Yes,Yes
58,200997,460,855060,34,0.67,Contract,2,4,929115,No,Yes
31,107119,605,331511,10,0.54,Self-Employed,0,3,479558,No,Yes
47,55049,660,323899,21,0.24,Contract,1,4,119806,Yes,Yes
53,45821,577,282101,33,0.41,Self-Employed,1,2,275848,Yes,No
41,113797,595,792646,16,0.35,Contract,1,3,927415,Yes,Yes
59,179017,850,718385,36,0.42,Contract,2,3,334939,No,Yes
51,166456,468,710247,29,0.42,Contract,3,0,95398,No,No
58,177482,758,634963,38,0.51,Business,0,1,495055,Yes,Yes
22,95734,306,99348,0,0.1,Salaried,1,0,567022,Yes,Yes
47,212838,431,120762,21,0.54,Business,1,1,831176,Yes,Yes
56,243962,646,151132,36,0.14,Salaried,1,0,520473,Yes,Yes
31,156241,552,423479,11,0.07,Contract,5,3,289540,No,Yes
38,189201,709,250596,12,0.39,Salaried,1,1,299058,Yes,Yes
21,115445,842,989167,0,0.43,Business,0,2,799125,No,Yes
55,21830,654,658677,29,0.07,Salaried,1,3,826728,No,Yes
55,205378,667,854446,28,0.38,Salaried,5,4,799470,Yes,Yes
51,104940,810,588527,24,0.4,Salaried,0,3,424462,No,Yes
48,214339,832,479262,20,0.08,Contract,0,2,131013,No,Yes
59,176829,827,592710,31,0.51,Salaried,1,0,39405,No,Yes
21,81867,827,989320,0,0.19,Contract,4,1,945291,Yes,Yes
45,184722,701,339199,17,0.57,Contract,0,0,842493,No,Yes
63,182838,474,759533,38,0.25,Self-Employed,4,0,434770,Yes,Yes
58,230550,377,318614,30,0.36,Salaried,0,1,866145,Yes,Yes
40,50419,739,401141,19,0.63,Contract,5,0,276228,Yes,Yes
23,34668,848,750894,2,0.57,Salaried,2,2,977287,Yes,No
22,165318,531,568571,0,0.56,Salaried,1,4,906823,Yes,Yes
38,42996,699,513513,16,0.15,Business,2,1,427104,Yes,Yes
64,69312,512,71603,40,0.08,Self-Employed,0,0,251723,Yes,Yes
30,152137,492,307261,3,0.44,Salaried,2,1,797213,Yes,Yes
25,28467,566,805051,0,0.32,Salaried,1,0,128445,No,No
29,199718,425,296401,2,0.64,Contract,1,2,436767,Yes,Yes
22,170079,681,425594,0,0.28,Contract,0,3,394370,Yes,Yes
54,217151,843,596284,26,0.32,Business,0,4,187898,No,Yes
58,46702,801,876410,30,0.39,Self-Employed,4,4,443120,Yes,Yes
51,112369,702,673166,30,0.57,Self-Employed,3,1,234316,Yes,Yes
30,93569,560,831384,1,0.22,Self-Employed,2,4,325253,Yes,Yes
32,71952,686,90564,8,0.66,Salaried,4,0,324771,No,Yes
56,207137,711,997503,28,0.4,Self-Employed,2,2,801320,Yes,Yes
41,52169,645,606036,19,0.6,Business,1,2,959425,Yes,No
26,34829,393,111402,2,0.39,Business,0,1,541001,Yes,Yes
23,209207,627,213403,0,0.55,Salaried,2,0,117085,Yes,Yes
30,22522,399,966258,9,0.08,Salaried,3,4,364724,No,No
25,103687,760,356524,0,0.57,Salaried,1,0,720788,Yes,Yes
46,184391,614,500959,23,0.39,Contract,5,4,819781,Yes,Yes
41,138334,324,234914,16,0.34,Salaried,1,0,519732,No,Yes
65,175615,793,411904,40,0.12,Business,4,4,240729,Yes,Yes
46,136576,652,149899,21,0.53,Salaried,3,4,516889,No,Yes
58,135419,416,926660,32,0.14,Contract,1,2,814104,Yes,Yes
64,179545,498,582274,35,0.18,Salaried,3,3,595549,No,Yes
46,25699,578,435406,24,0.13,Contract,0,3,410672,No,No
28,86165,378,915114,4,0.05,Contract,5,1,108268,Yes,Yes
25,189527,723,691105,0,0.48,Contract,3,3,609109,No,Yes
35,93692,653,879242,14,0.23,Salaried,4,1,752906,No,Yes
36,35441,825,542351,10,0.15,Salaried,4,2,426824,Yes,Yes
21,48716,840,765404,1,0.26,Business,2,1,592169,No,Yes
36,80175,776,330645,10,0.37,Self-Employed,5,3,876982,No,Yes
57,24834,309,464082,37,0.38,Salaried,0,4,112571,Yes,No
23,36179,802,199462,0,0.29,Business,0,1,245839,Yes,Yes
51,44219,559,290139,28,0.37,Self-Employed,3,3,462078,Yes,Yes
33,121153,823,353400,9,0.33,Business,4,3,577727,No,Yes
36,164854,305,351672,15,0.58,Self-Employed,4,4,943058,Yes,Yes
63,230435,334,288286,38,0.07,Business,4,0,832319,Yes,Yes
41,92967,474,602000,16,0.61,Salaried,0,3,922935,No,Yes
22,120454,741,579982,0,0.21,Self-Employed,4,2,927677,No,Yes
47,27496,446,703489,18,0.52,Contract,2,4,364655,No,No
58,237939,492,760574,38,0.31,Business,1,0,901865,Yes,Yes
46,188310,312,921431,23,0.24,Salaried,4,4,376338,No,Yes
58,64025,829,464878,37,0.45,Salaried,2,1,878299,No,Yes
45,77886,545,836442,18,0.55,Self-Employed,2,3,845981,Yes,No
31,172635,413,480864,8,0.34,Business,1,3,453132,Yes,Yes
28,21712,532,689386,1,0.35,Salaried,0,4,524770,No,No
28,112067,621,995019,7,0.09,Contract,4,1,339987,No,No
53,63489,837,781742,30,0.65,Business,5,4,830990,Yes,Yes
27,50664,425,490474,0,0.6,Salaried,2,2,113051,No,No
58,161492,612,423965,34,0.31,Salaried,2,3,258802,Yes,Yes
41,203682,810,503746,16,0.55,Contract,1,3,595214,No,Yes
28,23315,783,209098,0,0.25,Salaried,5,2,411781,Yes,Yes
41,219989,580,591270,13,0.52,Self-Employed,2,0,978442,No,Yes
40,93033,582,984711,12,0.39,Business,4,3,519846,Yes,Yes
28,243648,691,500244,2,0.35,Self-Employed,0,4,123903,Yes,Yes
51,135862,822,158893,30,0.09,Self-Employed,2,0,442770,No,Yes
49,246983,681,481201,23,0.68,Contract,0,0,617234,Yes,Yes
29,97030,515,351998,1,0.59,Self-Employed,2,4,76172,Yes,Yes
35,81910,841,258914,14,0.57,Self-Employed,2,2,648694,Yes,Yes
50,246360,415,246920,24,0.25,Self-Employed,4,0,387129,No,Yes
46,210044,808,122207,20,0.24,Salaried,0,3,826376,No,Yes
30,139075,799,597372,8,0.42,Contract,5,1,45279,Yes,Yes
49,239965,570,946666,24,0.6,Salaried,3,0,969436,Yes,Yes
36,73919,739,871692,9,0.66,Salaried,4,2,865186,No,Yes
56,231558,590,355049,27,0.22,Self-Employed,0,4,659371,Yes,Yes
40,230360,338,590902,13,0.44,Salaried,0,3,236597,Yes,Yes
65,153204,323,889324,40,0.52,Salaried,0,1,923524,Yes,Yes
57,145153,342,978368,32,0.2,Salaried,3,0,113927,Yes,Yes
42,59598,469,589512,21,0.31,Self-Employed,4,2,734616,No,No
27,242884,639,97462,6,0.17,Business,3,1,513479,No,Yes
43,169623,468,159950,16,0.5,Business,2,1,216957,Yes,Yes
61,241583,837,422223,32,0.61,Salaried,1,3,248480,Yes,Yes
60,86206,771,574331,36,0.62,Self-Employed,3,3,501142,Yes,Yes
49,92900,442,745660,25,0.49,Contract,2,0,517335,No,No
36,44296,400,467692,13,0.28,Business,3,0,315764,No,No
58,239288,774,601788,29,0.48,Salaried,0,1,861571,Yes,Yes
48,167138,610,799165,25,0.61,Self-Employed,1,2,361350,Yes,Yes
58,177964,359,630718,31,0.46,Business,1,1,468805,No,Yes
51,93577,328,699438,29,0.32,Business,5,2,487723,Yes,Yes
34,223662,830,69841,12,0.65,Self-Employed,2,3,384143,No,Yes
53,95173,372,110293,26,0.59,Business,5,2,79057,No,No
29,225365,693,350296,7,0.62,Salaried,3,2,522239,Yes,Yes
47,82771,693,961630,26,0.64,Salaried,3,3,831503,No,Yes
44,176556,780,670755,20,0.31,Self-Employed,3,4,326571,No,Yes
33,95865,772,973119,11,0.61,Self-Employed,2,1,710440,No,Yes
46,117074,612,536713,21,0.42,Contract,3,0,729101,No,No
49,176187,737,399570,23,0.07,Contract,1,2,40554,Yes,Yes
63,175110,623,863302,40,0.46,Salaried,1,0,765810,Yes,Yes
48,54622,386,544515,20,0.36,Self-Employed,4,0,231902,No,No
48,53886,658,496006,19,0.23,Contract,3,1,463296,No,Yes
28,200356,496,95876,8,0.68,Contract,3,4,205503,No,No
43,158973,684,696493,17,0.09,Business,5,4,143499,Yes,Yes
49,74377,417,818071,26,0.66,Business,1,4,959474,Yes,No
25,100910,797,487543,0,0.15,Contract,1,4,391501,Yes,Yes
62,198934,761,299044,34,0.3,Business,0,3,764080,Yes,Yes
27,136992,795,879734,0,0.32,Contract,0,0,432379,No,Yes
62,181878,546,533498,40,0.53,Business,4,0,788409,Yes,Yes
56,166731,533,808005,27,0.19,Self-Employed,1,3,798709,Yes,Yes
61,172525,716,473052,38,0.69,Business,4,1,206475,No,Yes
47,179570,766,584119,21,0.54,Self-Employed,3,2,986903,No,Yes
22,219465,781,869816,0,0.56,Salaried,3,4,319437,Yes,Yes
45,34312,664,934975,20,0.12,Business,1,4,153731,No,Yes
29,19436,452,285428,1,0.36,Self-Employed,2,3,307893,No,No
47,45569,571,351366,21,0.66,Contract,4,4,434818,Yes,No
21,207885,691,309487,0,0.23,Salaried,2,3,94995,Yes,Yes
43,134787,846,144605,17,0.14,Business,3,2,84927,No,Yes
30,108485,729,223888,1,0.37,Contract,5,0,487636,No,Yes
62,222301,488,616170,38,0.65,Contract,4,4,972447,Yes,Yes
45,195058,551,768706,24,0.37,Business,3,1,775756,Yes,Yes
23,120555,694,625344,0,0.31,Business,0,3,360353,Yes,Yes
26,202249,518,957285,4,0.47,Self-Employed,1,2,424968,No,Yes
26,158377,489,569245,1,0.66,Self-Employed,0,1,912764,Yes,Yes
22,50646,533,460412,0,0.08,Salaried,4,0,432828,No,No
38,241910,531,54999,12,0.15,Business,0,1,674337,Yes,Yes
43,94126,657,467242,18,0.14,Salaried,5,3,219799,Yes,Yes
22,135922,777,838162,0,0.11,Self-Employed,4,4,856876,Yes,Yes
32,58430,728,632463,8,0.25,Business,2,0,605092,Yes,Yes
42,140238,536,381104,18,0.2,Contract,1,3,859382,No,Yes
57,86659,332,506050,30,0.41,Salaried,2,2,713285,No,Yes
40,133341,512,350974,13,0.26,Business,5,1,724330,No,Yes
59,22158,678,800612,39,0.31,Contract,3,1,556350,Yes,Yes
44,92236,301,671050,22,0.66,Self-Employed,1,0,381905,Yes,Yes
40,94067,749,773103,15,0.15,Contract,0,0,326227,No,Yes
21,176810,726,783927,0,0.3,Salaried,4,2,250559,Yes,Yes
21,27879,578,78008,1,0.22,Business,1,2,735707,Yes,Yes
37,154615,513,276092,16,0.41,Contract,3,0,543583,No,No
21,130284,584,424315,0,0.53,Business,2,3,947048,Yes,Yes
65,196996,842,905336,39,0.58,Contract,3,3,412192,Yes,Yes
50,191420,573,530607,30,0.38,Business,0,0,653580,Yes,Yes
61,102117,310,642051,32,0.61,Salaried,4,1,745548,Yes,Yes
23,185751,346,958759,0,0.56,Self-Employed,4,4,495555,No,No
31,228190,814,229594,11,0.15,Self-Employed,0,2,940345,Yes,Yes
44,61888,737,246196,19,0.21,Contract,4,3,189054,Yes,Yes
42,48276,726,473538,16,0.49,Salaried,1,4,161090,No,No
64,22799,731,945188,37,0.68,Business,1,1,429565,Yes,Yes
65,239699,429,456033,40,0.29,Salaried,0,2,917136,No,Yes
46,242842,321,752490,24,0.2,Salaried,0,3,591012,No,Yes
33,130529,688,718586,13,0.61,Contract,3,3,21448,No,Yes
21,142713,434,684304,0,0.18,Self-Employed,4,1,425011,Yes,Yes
44,108141,831,343301,20,0.5,Salaried,5,1,417297,Yes,Yes
30,209630,519,136300,5,0.07,Contract,2,3,676390,Yes,Yes
55,133013,632,435672,33,0.06,Business,0,3,250315,Yes,Yes
44,185606,429,50188,21,0.34,Self-Employed,3,4,819447,Yes,Yes
48,49668,331,845846,24,0.48,Self-Employed,0,1,582609,Yes,No
56,153183,724,284597,32,0.14,Business,0,1,372938,Yes,Yes
36,173758,597,288046,8,0.55,Salaried,1,4,962521,No,Yes
60,221623,803,187818,33,0.13,Self-Employed,5,1,783738,Yes,Yes
36,90392,656,981835,16,0.4,Salaried,4,0,707416,Yes,Yes
37,34490,754,388934,16,0.25,Contract,5,2,503788,Yes,Yes
35,184266,700,912185,11,0.54,Business,0,0,527721,No,Yes
36,163569,754,131119,14,0.57,Self-Employed,4,1,45447,Yes,Yes
35,202588,333,218452,9,0.09,Business,3,4,271795,Yes,Yes
54,135219,547,428720,29,0.18,Self-Employed,0,3,563787,No,Yes
31,237802,341,590088,10,0.63,Business,5,1,284140,No,No
21,62104,422,407892,0,0.32,Contract,2,3,141459,Yes,Yes
35,23316,326,171747,11,0.36,Contract,5,2,204068,No,No
46,56130,761,949301,21,0.16,Salaried,1,0,462192,Yes,Yes
24,219301,446,77492,0,0.7,Contract,2,2,482030,No,No
63,125294,795,279200,38,0.65,Business,1,3,603782,Yes,Yes
25,47954,785,317377,0,0.05,Business,0,2,434923,Yes,Yes
55,131437,759,465235,33,0.41,Contract,5,3,317043,Yes,Yes
33,170724,427,585735,7,0.62,Business,0,0,89712,Yes,Yes
30,163250,675,260644,7,0.33,Business,4,3,25363,Yes,Yes
31,200235,382,585286,6,0.33,Business,1,0,815251,Yes,Yes
38,163823,834,607089,13,0.3,Salaried,3,1,460720,Yes,Yes
54,215033,822,992375,30,0.07,Salaried,2,3,569757,No,Yes
59,152116,402,863508,39,0.56,Self-Employed,5,2,157951,Yes,Yes
61,81165,818,684563,34,0.35,Business,3,4,995992,Yes,Yes
62,160552,661,667976,33,0.4,Salaried,1,2,528975,Yes,Yes
43,214511,555,182501,22,0.22,Contract,3,4,348109,Yes,Yes
27,192946,546,301006,4,0.56,Business,1,2,264040,No,Yes
59,84775,491,584669,37,0.57,Business,4,3,174998,Yes,Yes
23,155638,834,314131,0,0.41,Self-Employed,4,1,186621,No,Yes
32,103311,613,538071,12,0.64,Contract,3,3,952043,No,No
27,71149,575,138191,0,0.13,Contract,3,0,829460,Yes,Yes
46,152078,672,855698,22,0.56,Business,5,1,80509,Yes,Yes
53,90561,743,371197,29,0.41,Salaried,1,3,877340,Yes,Yes
57,168495,494,159273,34,0.2,Self-Employed,4,1,198150,Yes,Yes
35,108710,557,127425,12,0.14,Self-Employed,5,0,533649,Yes,Yes
22,110199,659,688838,2,0.25,Self-Employed,3,4,477193,No,Yes
61,183024,847,229549,33,0.61,Business,5,1,769286,Yes,Yes
27,45326,407,837979,0,0.56,Self-Employed,1,1,468635,Yes,No
52,135272,323,230686,29,0.47,Salaried,1,0,734596,Yes,Yes
24,49139,764,630147,0,0.11,Contract,3,3,853866,No,No
40,211175,321,104457,11,0.67,Salaried,2,4,195606,Yes,Yes
56,209929,801,962616,33,0.25,Self-Employed,5,1,909745,Yes,Yes
52,91638,800,542033,26,0.44,Contract,0,1,361892,Yes,Yes
48,90652,706,553808,25,0.57,Self-Employed,1,1,771531,No,Yes
33,30937,629,129086,13,0.14,Self-Employed,4,1,360033,Yes,Yes
21,48161,585,841606,0,0.47,Business,5,0,520345,No,No
55,153455,446,807230,34,0.07,Contract,0,1,28853,No,Yes
50,103856,683,201259,26,0.12,Self-Employed,1,4,698313,No,Yes
56,88043,310,897463,33,0.52,Self-Employed,5,0,976199,Yes,No
45,163807,575,578226,18,0.15,Business,2,1,709878,No,Yes
36,77919,602,110833,11,0.34,Contract,0,4,384699,Yes,Yes
39,244321,503,968975,13,0.21,Self-Employed,4,2,322532,No,Yes
21,100055,644,107155,0,0.32,Self-Employed,0,2,707295,No,Yes
25,216633,565,722081,2,0.1,Salaried,5,4,222338,Yes,Yes
42,103455,321,515803,19,0.54,Salaried,3,1,712911,No,No
44,186694,835,712804,23,0.1,Salaried,1,1,710209,No,Yes
63,56135,395,667481,34,0.59,Business,3,0,489029,Yes,No
65,184730,744,800695,40,0.48,Salaried,2,1,931517,No,Yes
57,102677,562,380072,29,0.32,Salaried,0,0,712446,Yes,Yes
56,47696,682,590017,29,0.61,Self-Employed,3,1,91959,No,No
56,152845,849,214816,36,0.17,Business,2,3,225191,Yes,Yes
24,42956,691,759490,0,0.22,Contract,3,3,302334,Yes,Yes
56,33819,839,420885,28,0.14,Self-Employed,4,4,38664,Yes,Yes
38,19528,391,145245,11,0.3,Self-Employed,3,3,560484,No,No
36,145781,458,387575,7,0.69,Business,1,2,777595,No,Yes
61,104491,527,67255,40,0.15,Business,5,2,657481,Yes,Yes
38,62588,772,905377,11,0.59,Self-Employed,3,0,278062,Yes,Yes
42,219657,671,822637,18,0.47,Self-Employed,3,2,718090,No,Yes
22,117152,675,849176,0,0.06,Self-Employed,3,1,862597,No,Yes
41,145872,336,248157,13,0.66,Business,3,0,948161,Yes,Yes
56,169583,336,392765,31,0.68,Self-Employed,3,3,768921,No,No
64,28119,400,487683,40,0.65,Self-Employed,0,3,131939,Yes,No
59,93893,842,332989,33,0.38,Contract,0,2,229917,Yes,Yes
59,34167,489,314673,37,0.19,Salaried,5,2,333602,No,No
49,205575,811,93117,23,0.3,Salaried,4,1,384072,Yes,Yes
46,128782,389,892746,19,0.45,Salaried,0,3,384805,Yes,Yes
41,236861,305,687333,17,0.3,Salaried,2,2,662597,No,Yes
37,148775,438,208004,13,0.51,Salaried,1,3,789347,No,Yes
36,52889,394,975855,13,0.57,Self-Employed,3,3,649813,No,No
51,63678,685,702107,29,0.19,Self-Employed,3,2,61820,Yes,Yes
29,244406,422,682886,2,0.31,Contract,3,3,657656,Yes,Yes
51,78262,584,650824,26,0.67,Business,4,2,108706,Yes,No
34,153753,665,224031,9,0.21,Contract,4,4,620820,Yes,Yes
57,98291,789,678991,36,0.28,Business,2,2,651606,Yes,Yes
22,84008,624,806245,0,0.07,Business,3,3,17649,No,No
34,247489,706,466165,10,0.27,Contract,4,4,230435,No,Yes
53,162762,818,470785,24,0.29,Self-Employed,3,3,766110,Yes,Yes
55,43912,376,162230,31,0.11,Contract,0,3,790284,No,Yes
59,24473,533,433937,37,0.05,Salaried,3,4,113973,No,No
40,190370,783,593606,11,0.42,Contract,2,1,836496,No,Yes
22,167741,763,68695,0,0.25,Self-Employed,2,4,674181,Yes,Yes
61,117500,570,560699,37,0.06,Self-Employed,4,3,533268,Yes,Yes
39,231070,766,654992,18,0.61,Business,3,3,330993,Yes,Yes
57,170015,768,349240,33,0.43,Business,2,1,202949,No,Yes
38,56785,846,810487,16,0.16,Contract,0,4,230756,Yes,Yes
36,118956,569,267320,14,0.61,Business,4,2,186444,No,No
24,212499,677,954708,0,0.21,Contract,0,3,648541,No,Yes
32,211073,476,790396,4,0.2,Business,2,4,956064,Yes,Yes
49,210796,573,431485,28,0.63,Self-Employed,5,0,884620,No,No
27,137006,326,315891,0,0.17,Business,4,3,883341,Yes,Yes
34,28832,359,900832,12,0.62,Salaried,3,2,706395,Yes,No
32,154457,516,138744,6,0.57,Self-Employed,5,3,502826,Yes,Yes
55,244970,569,830189,35,0.25,Salaried,1,4,580309,No,Yes
25,163780,415,936195,5,0.07,Self-Employed,3,1,681590,No,Yes
37,207672,544,54430,10,0.1,Contract,3,0,873727,No,Yes
62,172510,384,658659,34,0.12,Self-Employed,0,2,248360,Yes,Yes
52,100747,749,155635,30,0.63,Business,3,3,485482,No,Yes
30,98107,835,603215,5,0.31,Salaried,1,2,801468,No,Yes
63,209134,388,178065,40,0.07,Self-Employed,4,1,290705,Yes,Yes
37,83428,848,372555,12,0.41,Contract,4,0,166309,Yes,Yes
25,104843,806,168778,0,0.19,Salaried,5,2,986223,Yes,Yes
65,29002,707,190035,40,0.2,Self-Employed,1,4,153157,Yes,Yes
62,185225,570,268033,40,0.15,Contract,0,4,273312,Yes,Yes
29,171512,823,395175,2,0.55,Self-Employed,5,2,633607,No,Yes
53,85501,793,390278,29,0.05,Self-Employed,1,0,469236,No,Yes
56,50556,747,977290,36,0.34,Salaried,4,3,819537,Yes,Yes
56,85963,842,257529,28,0.11,Self-Employed,5,4,447492,Yes,Yes
38,239797,649,616529,16,0.41,Salaried,1,3,642051,No,Yes
29,239746,627,801149,8,0.27,Salaried,0,3,166790,No,Yes
49,24563,585,266577,27,0.07,Business,5,2,846249,No,No
34,228995,334,270593,8,0.35,Salaried,3,4,40368,No,Yes
45,23840,832,490448,16,0.42,Self-Employed,3,2,220432,Yes,No
35,33154,787,585308,8,0.21,Self-Employed,4,1,864567,No,Yes
26,42194,786,478357,5,0.55,Self-Employed,0,3,289722,No,No
62,214092,444,210533,36,0.29,Self-Employed,3,0,157755,No,Yes
49,195933,823,981856,25,0.54,Salaried,3,3,581683,No,Yes
35,171520,445,368138,7,0.43,Business,3,0,977607,No,No
49,245532,802,458560,23,0.62,Salaried,2,2,238262,No,Yes
24,41528,826,681125,4,0.41,Self-Employed,3,4,15080,Yes,No
38,178474,571,497466,18,0.17,Salaried,2,3,105116,No,Yes
64,22352,833,128661,39,0.58,Business,1,1,110134,No,Yes
59,18184,394,415171,31,0.56,Contract,4,3,937357,No,No
36,159456,746,200274,16,0.68,Business,4,0,852723,No,Yes
31,32319,714,560829,9,0.11,Business,5,0,932379,Yes,Yes
34,138497,556,616520,10,0.43,Contract,5,0,76068,No,No
23,169521,561,974496,0,0.37,Business,2,4,831334,Yes,Yes
62,74333,386,935474,40,0.49,Business,0,1,211484,Yes,No
58,59205,735,572416,29,0.69,Salaried,5,1,869922,Yes,Yes
65,28426,407,76354,40,0.4,Business,5,0,239282,Yes,Yes
62,25504,318,390913,39,0.5,Business,2,1,964925,Yes,No
38,205650,664,556212,9,0.28,Self-Employed,3,1,440703,Yes,Yes
40,207281,678,185662,17,0.24,Business,5,2,596936,Yes,Yes
45,134775,459,275314,23,0.27,Salaried,0,1,949937,Yes,Yes
58,51368,399,194790,32,0.08,Contract,4,0,429315,Yes,Yes
33,121841,564,283094,13,0.24,Self-Employed,1,4,363469,No,Yes
24,201257,348,194177,3,0.16,Salaried,1,2,740679,No,Yes
34,246702,714,710441,14,0.35,Self-Employed,2,1,11152,No,Yes
53,134744,358,295430,30,0.35,Business,5,2,700616,Yes,Yes
48,229293,482,813593,24,0.55,Salaried,2,3,832381,No,Yes
57,26724,746,167266,28,0.38,Self-Employed,2,2,101989,Yes,Yes
28,154156,600,952678,4,0.35,Salaried,2,2,511403,No,Yes
64,183882,653,404398,40,0.2,Self-Employed,4,2,214931,No,Yes
54,231349,512,765327,32,0.6,Business,3,1,638196,Yes,Yes
64,100297,488,463600,40,0.11,Contract,4,2,398294,No,Yes
25,143099,646,120081,0,0.69,Contract,1,4,277338,Yes,Yes
25,96872,436,579627,0,0.36,Salaried,1,1,990171,Yes,Yes
51,169944,329,982857,26,0.17,Contract,1,0,832183,No,Yes
65,228022,445,371631,40,0.28,Salaried,3,3,902980,No,Yes
29,88333,767,566960,8,0.06,Salaried,3,0,802614,No,Yes
62,217915,802,469592,34,0.16,Business,0,1,820274,No,Yes
52,247176,490,798924,31,0.27,Business,3,0,224497,Yes,Yes
53,20596,770,134636,32,0.41,Self-Employed,1,3,178273,Yes,Yes
23,35167,644,54302,1,0.13,Salaried,3,2,604939,Yes,No
50,105844,300,445025,22,0.49,Self-Employed,3,0,282434,Yes,Yes
32,107751,409,833185,7,0.6,Self-Employed,3,1,807557,Yes,Yes
49,147817,363,668741,24,0.42,Business,2,4,515023,No,Yes
23,226403,352,449046,0,0.24,Salaried,5,3,598494,No,Yes
46,98520,561,723741,22,0.13,Business,5,0,16458,No,Yes
50,76326,828,819820,24,0.06,Salaried,3,4,906793,Yes,Yes
29,95670,601,181057,6,0.53,Contract,2,3,172928,No,Yes
46,159854,533,885069,17,0.46,Contract,1,0,872322,Yes,Yes
22,191074,372,298691,0,0.36,Self-Employed,0,1,417298,No,Yes
23,236259,656,510882,1,0.12,Business,4,4,811612,Yes,Yes
24,42022,783,447628,0,0.18,Business,5,4,447998,Yes,Yes
45,102458,305,126420,16,0.58,Salaried,0,0,172832,No,Yes
33,163690,436,896952,13,0.36,Self-Employed,4,0,221964,No,Yes
59,166317,703,236737,34,0.68,Business,5,1,340560,Yes,Yes
64,101796,505,282172,40,0.7,Self-Employed,1,1,721885,Yes,Yes
55,159099,709,663956,34,0.57,Business,2,2,997392,No,Yes
43,163058,335,96775,16,0.22,Contract,3,0,992103,No,Yes
29,128704,529,228805,7,0.2,Business,2,1,861317,No,Yes
22,152598,526,465923,0,0.21,Business,4,0,373832,No,Yes
61,240869,561,473694,38,0.69,Contract,5,1,67211,Yes,Yes
64,62361,430,318889,39,0.27,Self-Employed,3,3,629018,Yes,Yes
51,216230,747,554407,31,0.51,Self-Employed,4,1,33106,No,Yes
64,56286,485,219042,35,0.67,Self-Employed,4,1,728028,No,No
22,47533,485,674147,0,0.58,Contract,5,3,27206,No,No
52,167388,573,717242,30,0.44,Contract,3,3,541541,No,No
38,157771,651,177816,15,0.16,Contract,0,2,217912,Yes,Yes
33,228563,712,651588,9,0.16,Self-Employed,0,1,925438,Yes,Yes
25,145441,450,795461,5,0.37,Self-Employed,5,3,756088,No,Yes
62,115079,683,119979,39,0.67,Self-Employed,5,2,349898,Yes,Yes
64,118960,335,850015,40,0.64,Self-Employed,4,2,193837,No,No
30,76465,625,746650,7,0.16,Salaried,1,0,446504,No,Yes
63,165745,764,890289,34,0.24,Contract,2,3,899087,No,Yes
45,41395,765,387816,16,0.43,Contract,0,4,698070,No,No
54,122162,394,661047,28,0.36,Contract,3,3,707663,No,Yes
57,148704,433,70342,30,0.13,Self-Employed,4,3,722920,Yes,Yes
50,172779,461,890248,23,0.29,Self-Employed,2,2,351094,No,Yes
27,233821,599,125412,5,0.67,Salaried,5,3,621736,Yes,Yes
26,93937,655,568532,2,0.67,Salaried,2,3,329937,Yes,Yes
23,147647,539,632602,0,0.41,Self-Employed,4,2,247217,No,No
33,138650,466,968250,6,0.46,Self-Employed,2,2,991942,Yes,Yes
23,148744,439,412632,0,0.19,Self-Employed,1,0,331209,No,Yes
46,235804,438,991834,18,0.53,Contract,4,0,183311,No,No
44,205488,534,784948,15,0.08,Salaried,5,3,592741,No,Yes
26,109512,302,672400,0,0.19,Contract,2,3,685509,Yes,Yes
63,157830,555,733966,40,0.05,Business,2,1,730500,Yes,Yes
62,85009,670,146537,39,0.3,Business,5,4,237200,No,Yes
32,162353,577,235545,5,0.6,Business,0,1,873478,No,Yes
56,50548,815,583498,28,0.69,Business,2,1,166305,No,Yes
22,36371,511,654903,0,0.48,Contract,2,3,444959,Yes,No
31,242971,515,601442,7,0.53,Business,0,2,246727,Yes,Yes
59,226665,569,78687,39,0.22,Self-Employed,4,2,549337,Yes,Yes
54,123977,775,384828,26,0.39,Business,0,4,773038,No,Yes
46,168716,827,537268,21,0.53,Self-Employed,3,2,199999,Yes,Yes
38,242731,363,65473,17,0.37,Contract,3,3,726411,Yes,Yes
41,172946,759,887608,12,0.11,Salaried,1,2,487004,No,Yes
56,237731,315,245651,27,0.53,Salaried,2,0,916913,Yes,Yes
60,32281,318,342429,39,0.19,Business,5,4,283641,Yes,No
64,217859,624,662381,35,0.11,Salaried,3,2,624775,Yes,Yes
42,171361,392,747862,22,0.36,Self-Employed,4,2,198475,No,Yes
50,154126,316,850651,27,0.1,Business,4,0,65883,No,Yes
63,118020,787,225078,34,0.46,Business,5,1,181428,No,Yes
50,125508,393,892602,29,0.47,Self-Employed,3,3,907575,Yes,Yes
28,84846,309,686949,0,0.22,Self-Employed,0,2,223648,Yes,Yes
54,112682,827,870902,26,0.68,Contract,5,0,463800,Yes,Yes
29,198841,788,638435,8,0.59,Self-Employed,1,0,756295,Yes,Yes
40,47312,443,153833,12,0.12,Contract,0,1,648901,Yes,Yes
60,245589,814,614272,40,0.54,Business,1,2,575198,Yes,Yes
45,132186,769,95380,19,0.28,Salaried,5,1,59036,No,Yes
39,22257,676,549175,14,0.54,Salaried,3,4,820157,No,No
25,164918,793,940153,0,0.57,Contract,0,0,594775,No,Yes
31,171555,783,295509,10,0.15,Salaried,3,3,505504,Yes,Yes
35,44558,751,384004,15,0.48,Salaried,1,0,717722,No,No
28,61188,835,529009,0,0.61,Business,4,1,548151,No,No
39,162084,374,648137,12,0.26,Contract,5,3,572349,Yes,Yes
43,51236,339,621515,16,0.1,Self-Employed,0,3,793424,Yes,Yes
47,63076,601,141588,26,0.07,Salaried,3,0,738683,Yes,Yes
60,66402,361,951385,37,0.12,Business,1,3,161219,No,Yes
52,112467,802,992107,29,0.05,Business,4,2,681497,Yes,Yes
46,181148,544,399442,25,0.26,Salaried,0,0,160891,No,Yes
47,98337,317,68508,19,0.24,Self-Employed,1,1,388482,No,Yes
39,133827,697,787711,16,0.12,Self-Employed,0,4,574666,Yes,Yes
62,224236,488,710334,39,0.47,Contract,0,1,107166,No,Yes
49,92264,403,725521,26,0.69,Contract,2,2,988050,Yes,Yes
59,35335,643,696013,35,0.64,Contract,3,4,75785,Yes,No
61,61773,670,604018,32,0.21,Business,2,4,936856,Yes,Yes
53,201230,332,652547,26,0.55,Self-Employed,0,1,271255,Yes,Yes
39,46570,673,917441,16,0.66,Contract,1,0,988430,No,No
57,105995,477,706445,35,0.64,Business,3,0,812889,No,No
39,58658,311,662403,19,0.62,Self-Employed,1,4,720011,No,No
53,208256,755,269251,32,0.56,Salaried,1,1,645399,Yes,Yes
36,138640,548,273278,13,0.24,Contract,5,1,18975,No,Yes
43,90613,747,462085,15,0.1,Contract,4,0,915994,Yes,Yes
27,76194,303,196843,7,0.37,Self-Employed,0,2,167974,No,Yes
46,216579,535,877492,21,0.09,Salaried,1,0,658119,No,Yes
52,129872,472,432230,27,0.7,Salaried,0,0,791305,No,Yes
32,183031,621,71462,3,0.28,Business,2,2,593317,No,Yes
28,202144,670,417650,6,0.67,Contract,5,0,145015,No,Yes
25,194660,847,986936,0,0.55,Salaried,5,4,388257,No,Yes
62,189605,595,433334,34,0.32,Business,2,4,211510,Yes,Yes
48,126558,699,325318,19,0.13,Contract,1,4,733591,Yes,Yes
25,86582,357,919151,3,0.2,Contract,5,4,536980,Yes,Yes
46,210815,829,472913,26,0.49,Contract,0,4,115818,No,Yes
25,193590,847,758334,4,0.59,Contract,4,1,588308,No,Yes
42,161775,707,317755,19,0.69,Salaried,3,1,850210,Yes,Yes
35,67456,812,948927,12,0.14,Salaried,2,2,306912,Yes,Yes
33,73491,363,72393,12,0.15,Salaried,2,3,469132,No,Yes
48,26043,719,534623,19,0.08,Self-Employed,4,4,571212,Yes,Yes
53,121212,445,972767,28,0.22,Self-Employed,1,3,622141,Yes,Yes
63,86340,571,550146,38,0.58,Contract,2,3,648609,No,Yes
43,159248,316,989458,21,0.18,Salaried,2,4,847564,No,Yes
53,153008,397,572843,33,0.41,Business,3,0,569291,Yes,Yes
63,49174,751,193068,34,0.34,Salaried,4,2,94353,No,Yes
38,100632,542,978309,10,0.26,Business,4,3,266502,Yes,Yes
50,106768,778,517859,27,0.45,Contract,0,0,563137,Yes,Yes
46,143775,500,912435,18,0.38,Contract,4,0,933645,Yes,Yes
36,126177,772,988528,12,0.27,Contract,5,4,195278,Yes,Yes
33,43909,478,746967,7,0.5,Salaried,3,2,277590,Yes,No
59,62158,807,265287,37,0.23,Salaried,5,4,681857,No,Yes
53,157438,752,521022,31,0.47,Business,4,2,493535,No,Yes
46,234197,569,268164,19,0.67,Business,0,4,364294,No,Yes
21,203409,533,653711,1,0.52,Self-Employed,3,2,59606,No,No
58,142296,785,412809,31,0.32,Contract,2,1,336161,No,Yes
22,77331,637,925893,0,0.54,Business,1,0,770683,No,No
26,211269,747,717684,4,0.58,Salaried,2,0,313705,No,Yes
58,221114,656,575011,38,0.26,Business,0,0,314860,Yes,Yes
62,199996,348,149851,34,0.51,Self-Employed,3,2,109885,No,No
44,177914,795,108323,21,0.33,Salaried,2,0,568182,Yes,Yes
38,166530,645,779171,12,0.58,Salaried,0,1,312685,No,Yes
47,105367,592,179923,19,0.24,Salaried,5,1,321192,No,Yes
61,83382,449,980909,39,0.66,Business,2,3,526999,No,No
28,92319,844,700654,4,0.42,Contract,1,0,248221,Yes,Yes
48,29170,559,444581,19,0.28,Contract,5,4,238629,Yes,No
30,137952,621,570910,8,0.32,Contract,2,4,118403,Yes,Yes
37,98145,376,894325,13,0.28,Contract,2,4,608093,No,Yes
49,123626,409,831732,28,0.15,Contract,2,1,262506,Yes,Yes
26,194014,846,489643,3,0.09,Salaried,0,3,571186,Yes,Yes
34,237643,722,601626,13,0.26,Salaried,3,3,786807,Yes,Yes
42,34208,693,119389,20,0.35,Business,4,1,720578,Yes,Yes
26,184250,534,972186,2,0.29,Salaried,0,3,756059,No,Yes
46,228244,629,552911,18,0.06,Business,5,4,493754,No,Yes
59,158111,624,907928,37,0.43,Business,4,4,261860,Yes,Yes
32,32990,450,74727,3,0.14,Self-Employed,5,1,384090,No,No
55,155513,845,991577,30,0.19,Salaried,4,4,200594,Yes,Yes
34,223293,331,530293,11,0.13,Business,2,2,200920,No,Yes
42,147327,571,69882,19,0.39,Contract,5,4,441542,Yes,Yes
43,97314,667,884664,14,0.11,Contract,1,0,369698,No,Yes
27,195031,791,109556,0,0.22,Self-Employed,4,1,351929,Yes,Yes
60,44862,615,888569,36,0.34,Business,5,1,570060,Yes,No
45,176345,667,95054,19,0.16,Salaried,5,3,12326,Yes,Yes
33,111949,379,248175,10,0.34,Contract,4,3,579039,Yes,Yes
41,191572,471,992291,14,0.27,Contract,2,3,630803,No,Yes
61,148223,557,138589,33,0.61,Self-Employed,1,0,829807,No,Yes
30,21956,578,243253,2,0.57,Contract,2,4,38608,No,No
29,221161,803,994259,1,0.7,Business,4,1,174867,Yes,Yes
35,106789,790,143335,14,0.39,Self-Employed,5,4,558026,Yes,Yes
22,107451,636,86959,0,0.42,Contract,0,3,593897,Yes,Yes
45,135782,820,387398,21,0.67,Salaried,5,1,66154,Yes,Yes
33,20365,625,270148,13,0.31,Business,4,3,732554,No,No
54,90204,471,140633,31,0.41,Contract,0,0,93815,Yes,Yes
54,154072,383,138437,30,0.3,Salaried,3,1,852575,Yes,Yes
55,75072,823,144058,27,0.4,Business,1,3,231469,No,Yes
58,70499,780,240118,31,0.1,Contract,5,3,832629,No,Yes
23,87211,843,418657,3,0.56,Self-Employed,3,3,781232,No,Yes
62,161979,717,848104,40,0.69,Salaried,2,0,711647,Yes,Yes
26,166408,638,974678,4,0.09,Contract,4,4,355504,Yes,Yes
39,103220,619,723463,14,0.57,Self-Employed,3,4,193827,No,No
23,111847,603,58061,0,0.21,Business,1,4,503534,No,Yes
38,201403,571,569412,15,0.18,Business,0,0,89919,Yes,Yes
59,229744,413,934594,39,0.5,Salaried,0,4,949546,No,Yes
29,127459,706,980769,0,0.08,Salaried,2,4,943535,Yes,Yes
32,95755,325,804542,9,0.35,Business,2,0,671973,Yes,Yes
25,86783,536,812449,5,0.05,Self-Employed,4,1,221939,No,No
23,219023,609,423378,0,0.41,Business,3,3,433066,Yes,No
31,201581,532,292118,9,0.35,Contract,4,3,286248,Yes,Yes
50,145851,848,985497,21,0.65,Contract,0,0,773969,Yes,Yes
24,24472,564,632507,0,0.52,Self-Employed,0,4,476925,Yes,No
25,171452,312,646538,3,0.13,Contract,5,2,342005,Yes,Yes
21,121152,795,931735,0,0.28,Contract,3,4,54246,Yes,Yes
47,176352,615,612165,24,0.66,Salaried,4,2,266755,Yes,Yes
48,170931,683,307183,20,0.52,Contract,2,3,370459,No,Yes
49,248413,615,309158,24,0.44,Self-Employed,3,0,971124,No,No
38,197474,555,527584,9,0.41,Business,5,4,707005,No,No
32,157334,740,914717,11,0.31,Self-Employed,2,0,789492,Yes,Yes
33,160138,414,917856,13,0.43,Salaried,3,4,321537,No,No
61,164626,598,721380,40,0.55,Self-Employed,2,4,812301,No,Yes
22,25008,423,810630,2,0.13,Business,1,4,456255,Yes,No
57,105851,555,346965,29,0.68,Business,0,2,550884,Yes,Yes
65,98799,346,778659,40,0.21,Self-Employed,5,0,41855,Yes,Yes
36,34238,762,489216,13,0.34,Business,3,3,217721,No,Yes
44,231097,649,738211,15,0.06,Salaried,5,1,547802,Yes,Yes
55,35153,422,835657,31,0.41,Self-Employed,1,2,759908,Yes,No
42,77353,330,590313,14,0.3,Contract,3,3,865076,Yes,Yes
56,70092,354,141551,34,0.21,Self-Employed,0,0,417171,No,Yes
31,192224,452,589719,9,0.69,Contract,5,1,400233,Yes,Yes
49,67104,755,527804,28,0.33,Contract,0,1,982499,Yes,Yes
55,173355,585,808895,28,0.32,Self-Employed,2,0,954572,Yes,Yes
35,195501,335,486395,9,0.35,Business,5,2,90198,No,Yes
51,226295,555,353802,30,0.13,Contract,0,4,918389,Yes,Yes
62,237606,477,428652,39,0.31,Contract,5,4,677566,No,Yes
61,204029,847,474208,35,0.27,Self-Employed,5,4,489706,No,Yes
63,46887,553,508407,40,0.35,Contract,0,3,794942,Yes,No
36,195244,807,562318,16,0.61,Self-Employed,0,0,529799,No,Yes
30,22355,320,761761,3,0.18,Contract,4,2,110880,Yes,No
52,51701,374,747418,27,0.45,Contract,4,0,994863,Yes,No
22,190606,759,253180,1,0.07,Self-Employed,0,1,453569,Yes,Yes
44,89442,477,631067,15,0.26,Self-Employed,5,3,625370,No,Yes
43,210346,681,609950,14,0.36,Salaried,5,2,279242,No,Yes
22,227180,336,217257,2,0.1,Business,4,1,207393,Yes,Yes
58,30279,419,918600,36,0.4,Salaried,3,4,264657,Yes,No
51,192563,300,975314,28,0.25,Self-Employed,5,4,178354,No,Yes
60,138738,610,521426,36,0.7,Contract,1,4,193813,No,Yes
46,225219,507,551669,17,0.46,Business,1,0,655634,No,Yes
49,157333,453,625330,27,0.21,Self-Employed,4,1,432598,No,Yes
23,153546,614,254488,0,0.12,Salaried,1,2,967474,Yes,Yes
34,109414,606,914618,8,0.08,Contract,4,1,889854,Yes,Yes
45,46390,803,962679,17,0.11,Contract,2,2,102748,No,Yes
21,175997,819,215955,0,0.49,Self-Employed,5,3,838005,No,Yes
23,100174,396,102215,0,0.61,Contract,0,3,458961,No,No
46,208123,789,743779,17,0.15,Salaried,1,2,903505,Yes,Yes
38,238079,306,836012,10,0.31,Contract,0,1,65346,No,Yes
29,22787,311,810964,2,0.28,Salaried,1,2,647563,Yes,No
58,222470,813,730231,34,0.47,Contract,3,2,22999,No,Yes
43,207249,648,363990,15,0.17,Business,3,4,396120,Yes,Yes
41,61724,306,420631,13,0.67,Self-Employed,4,2,665009,No,No
21,28663,799,492207,1,0.52,Self-Employed,0,4,665526,No,No
41,165192,774,832179,16,0.67,Contract,4,4,589548,Yes,Yes
47,171812,823,883568,23,0.23,Self-Employed,2,2,996928,No,Yes
62,151107,356,776389,37,0.43,Business,4,0,999358,No,No
26,118271,532,82548,0,0.53,Salaried,5,1,998451,Yes,No
64,206515,329,697199,40,0.51,Business,5,2,57125,Yes,No
56,85388,666,841082,34,0.06,Business,4,3,482022,Yes,Yes
48,70335,355,631566,19,0.7,Salaried,4,2,299612,No,No
65,61315,309,225907,40,0.65,Self-Employed,1,2,44530,No,Yes
37,213237,446,590513,11,0.13,Salaried,1,3,996283,No,Yes
60,122922,663,95360,37,0.4,Salaried,2,4,304594,Yes,Yes
23,64627,552,771688,0,0.25,Salaried,0,4,672716,Yes,Yes
32,157375,552,800699,8,0.62,Self-Employed,3,0,528388,Yes,Yes
59,67334,742,496559,38,0.5,Salaried,0,2,23810,Yes,Yes
32,204964,639,804753,12,0.2,Business,3,2,982936,Yes,Yes
22,210268,815,900440,0,0.07,Salaried,1,1,77887,Yes,Yes
42,83700,652,107573,18,0.24,Salaried,4,4,573289,Yes,Yes
43,57726,622,626220,15,0.07,Contract,5,2,84109,No,No
50,249513,439,963765,24,0.14,Contract,2,1,488364,Yes,Yes
25,224823,744,595169,5,0.46,Business,2,0,802495,No,Yes
29,198678,394,607845,0,0.53,Self-Employed,5,1,169371,No,No
41,48694,719,250802,16,0.35,Contract,2,4,518070,No,Yes
31,180325,813,783454,5,0.44,Business,0,4,457894,Yes,Yes
25,173302,449,535126,3,0.15,Contract,1,0,91682,Yes,Yes
55,203046,650,373468,27,0.26,Contract,1,2,639783,Yes,Yes
47,81545,415,857273,26,0.51,Self-Employed,4,1,275195,No,No
22,165997,536,325619,2,0.29,Self-Employed,5,2,593530,Yes,Yes
44,24033,569,580959,15,0.28,Contract,5,2,644155,No,No
51,80461,590,241656,22,0.18,Contract,0,2,371309,Yes,Yes
53,20665,733,606052,25,0.44,Self-Employed,4,3,710510,No,No
59,45025,308,497003,33,0.58,Self-Employed,3,0,548322,No,No
50,172605,774,973465,21,0.36,Business,1,2,931044,Yes,Yes
57,194969,821,368034,37,0.13,Contract,2,0,919104,No,Yes
48,95661,836,422496,25,0.59,Self-Employed,5,2,310654,Yes,Yes
51,138473,310,439952,22,0.1,Contract,4,1,882905,No,Yes
31,38998,626,900316,9,0.36,Business,3,1,783635,No,No
43,79248,575,317299,17,0.22,Salaried,2,0,461089,Yes,Yes
22,122493,669,703806,0,0.66,Contract,2,2,218315,Yes,Yes
60,41057,789,803977,32,0.53,Business,4,0,602492,No,No
61,97244,644,302393,39,0.42,Salaried,4,0,518799,Yes,Yes
47,232680,667,440419,22,0.48,Contract,4,3,101773,No,Yes
55,219703,610,115768,26,0.4,Business,1,2,354383,No,Yes
22,115031,784,694711,1,0.15,Salaried,5,3,535924,Yes,Yes
59,130713,314,110851,37,0.51,Business,5,2,316579,Yes,Yes
57,123887,303,976725,34,0.37,Business,0,4,879043,Yes,Yes
41,85173,675,94566,16,0.46,Business,5,4,196659,No,Yes
25,229278,668,795129,5,0.08,Business,4,3,893389,Yes,Yes
65,56734,764,445927,40,0.14,Salaried,5,4,159807,No,Yes
41,80072,832,193603,18,0.43,Self-Employed,1,3,259695,No,Yes
49,213247,436,977984,22,0.35,Business,0,4,418120,No,Yes
40,212855,662,848623,12,0.2,Salaried,3,3,499016,No,Yes
58,112194,515,299104,31,0.21,Business,0,4,911363,Yes,Yes
40,219811,667,773018,13,0.46,Contract,1,0,47722,Yes,Yes
45,236126,416,53779,24,0.09,Contract,1,0,848056,No,Yes
22,200114,478,907622,0,0.33,Self-Employed,5,0,460519,Yes,Yes
52,201429,545,684966,31,0.39,Salaried,0,2,129516,Yes,Yes
46,157741,427,960192,21,0.25,Contract,0,1,708455,Yes,Yes
26,131272,657,311752,2,0.58,Salaried,5,3,138061,No,Yes
61,85902,377,57317,36,0.09,Contract,1,1,299180,No,Yes
23,140247,592,762256,0,0.61,Salaried,1,0,684342,No,No
53,167982,381,574447,24,0.52,Business,3,3,846177,Yes,Yes
21,74959,641,175373,0,0.34,Business,1,3,120601,No,Yes
25,114623,637,631403,1,0.65,Contract,1,2,929534,No,No
33,149438,395,248737,4,0.51,Self-Employed,2,1,918732,Yes,Yes
39,66415,444,69462,13,0.66,Contract,2,1,883527,Yes,Yes
32,142716,820,265221,5,0.36,Contract,2,4,439320,Yes,Yes
45,139209,696,839349,25,0.34,Self-Employed,4,3,486849,Yes,Yes
55,27907,656,462613,26,0.39,Business,5,0,372442,No,Yes
32,113825,485,338269,6,0.09,Business,4,4,190491,No,Yes
50,50780,842,292141,27,0.64,Contract,1,4,51345,Yes,Yes
25,206951,450,766089,1,0.48,Salaried,2,3,19689,Yes,No
54,234231,618,805243,33,0.45,Contract,5,4,532824,No,No
42,53085,358,359421,13,0.65,Business,3,3,766752,Yes,Yes
59,214571,309,850781,35,0.7,Salaried,3,3,351933,Yes,Yes
33,38426,423,110715,5,0.16,Self-Employed,3,4,384466,No,No
23,197269,655,215800,3,0.54,Business,1,0,922069,Yes,Yes
40,25485,645,211864,18,0.43,Self-Employed,5,4,262906,Yes,No
51,67527,536,582190,28,0.35,Business,2,1,714342,Yes,Yes
25,213672,632,695633,0,0.69,Business,1,3,78386,Yes,Yes
44,142604,316,129569,23,0.6,Salaried,1,0,245982,No,Yes
60,247632,723,938580,34,0.5,Business,3,2,997335,Yes,Yes
53,109005,623,939433,25,0.3,Contract,2,2,259823,No,Yes
28,230511,322,609446,0,0.48,Self-Employed,4,4,79921,No,No
44,217820,758,805083,21,0.4,Business,0,2,389914,Yes,Yes
40,76528,759,53917,16,0.21,Contract,1,1,91773,Yes,Yes
36,138631,820,275019,7,0.34,Self-Employed,2,4,775826,Yes,Yes
32,45799,720,916174,9,0.19,Contract,0,4,214508,No,Yes
33,195411,702,980124,7,0.38,Business,0,0,45921,No,Yes
65,165159,630,963762,38,0.52,Contract,4,3,592993,Yes,Yes
62,156518,756,782718,35,0.07,Self-Employed,4,4,99867,No,Yes
59,199532,782,153246,37,0.55,Self-Employed,1,4,304362,No,Yes
45,112817,797,517106,24,0.06,Self-Employed,1,4,144005,No,Yes
52,76260,326,74691,27,0.39,Business,2,0,911298,No,Yes
44,163949,696,532706,24,0.42,Salaried,4,4,718178,Yes,Yes
64,173795,487,645022,36,0.54,Contract,5,3,153080,No,No
29,30943,439,600334,3,0.54,Self-Employed,4,3,533616,No,No
60,159378,820,727746,33,0.32,Self-Employed,5,4,510824,Yes,Yes
43,185856,391,978775,17,0.09,Salaried,2,0,768379,Yes,Yes
33,139401,376,202598,9,0.5,Self-Employed,5,2,885706,No,No
52,169527,543,168540,28,0.38,Self-Employed,4,4,338193,No,Yes
35,239099,387,93798,9,0.27,Business,3,4,203281,Yes,Yes
56,220520,593,558446,30,0.2,Salaried,0,1,309140,No,Yes
25,179046,394,697581,4,0.13,Self-Employed,3,0,509349,Yes,Yes
42,45371,552,468473,21,0.24,Business,0,3,630023,Yes,No
36,116746,850,763345,10,0.35,Business,5,0,45744,Yes,Yes
61,119248,698,496346,37,0.36,Business,2,0,361723,Yes,Yes
30,153008,353,821480,9,0.43,Business,2,4,499796,Yes,Yes
44,182238,542,648684,24,0.29,Salaried,0,1,757163,Yes,Yes
38,43727,409,469861,10,0.65,Salaried,0,4,271561,No,No
38,132000,520,467405,11,0.37,Business,0,0,277917,Yes,Yes
27,81969,461,655586,6,0.33,Salaried,0,4,607607,Yes,Yes
24,177440,334,182040,3,0.08,Contract,1,0,605050,No,Yes
46,86531,336,317944,24,0.44,Contract,4,3,497985,Yes,Yes
25,57097,669,991733,2,0.44,Business,4,4,419768,No,No
36,184056,476,370668,8,0.43,Self-Employed,2,4,165278,Yes,Yes
55,68859,820,146585,30,0.63,Self-Employed,1,3,840409,No,Yes
46,193363,574,472933,24,0.55,Contract,0,4,295482,Yes,Yes
38,214300,404,432423,11,0.61,Business,1,0,376518,No,Yes
49,241171,455,530519,24,0.09,Contract,0,2,428608,Yes,Yes
43,171222,635,516222,16,0.26,Contract,5,4,737548,No,Yes
34,171133,325,966357,5,0.26,Self-Employed,4,3,323489,No,Yes
35,178250,595,710179,14,0.48,Contract,0,3,897632,Yes,Yes
53,249944,836,893216,26,0.34,Business,5,2,942958,Yes,Yes
45,74790,654,806899,21,0.56,Self-Employed,4,0,598791,Yes,Yes
41,83696,368,137175,12,0.3,Self-Employed,0,1,465648,Yes,Yes
37,33648,626,558155,14,0.19,Contract,5,0,110760,Yes,No
43,79779,450,96935,21,0.24,Salaried,2,4,619675,Yes,Yes
63,124371,619,781967,35,0.17,Contract,4,3,877254,Yes,Yes
37,54672,751,709358,8,0.18,Business,5,3,971326,Yes,Yes
34,87109,411,91750,8,0.19,Salaried,2,0,697056,Yes,Yes
49,209593,761,448396,23,0.06,Business,1,0,61804,Yes,Yes
40,52593,661,914720,15,0.52,Self-Employed,0,4,765778,No,Yes
50,162858,502,866945,22,0.31,Business,1,0,358870,Yes,Yes
39,243108,786,153725,17,0.06,Business,0,2,989903,No,Yes
59,27815,779,592167,39,0.29,Business,4,2,453963,No,Yes
33,171038,303,926330,7,0.64,Contract,0,1,470640,Yes,Yes
38,162866,428,373977,10,0.38,Contract,5,3,820201,No,Yes
43,180495,325,64316,18,0.69,Business,3,4,611299,Yes,Yes
53,248552,326,729885,24,0.4,Contract,3,4,535226,No,Yes
59,39302,341,841810,38,0.68,Self-Employed,3,0,544948,No,No
60,210136,363,754029,33,0.18,Self-Employed,2,3,342959,Yes,Yes
38,235872,324,445793,10,0.24,Salaried,3,1,537842,Yes,Yes
29,103140,371,202762,0,0.5,Contract,0,1,395364,No,No
53,176907,781,418581,26,0.69,Contract,1,1,241603,No,Yes
52,91356,567,804899,24,0.59,Business,2,3,877892,Yes,No
37,67282,394,296818,17,0.41,Salaried,4,1,665208,Yes,Yes
39,146451,694,239586,17,0.11,Self-Employed,2,2,994317,No,Yes
47,139347,663,262249,25,0.29,Self-Employed,5,0,297739,Yes,Yes
26,201786,614,127383,0,0.11,Business,5,1,295879,Yes,Yes
55,216107,416,399432,33,0.25,Contract,1,2,944727,No,Yes
57,41814,463,394120,28,0.22,Business,3,2,180369,Yes,No
54,173161,605,518836,34,0.3,Salaried,1,4,28674,Yes,Yes
40,222234,499,909440,18,0.59,Self-Employed,2,0,599743,Yes,Yes
45,204903,479,462169,24,0.15,Salaried,2,4,335135,No,Yes
24,181818,657,768548,0,0.25,Self-Employed,2,3,394858,Yes,Yes
30,99673,551,791360,10,0.22,Self-Employed,1,2,470707,Yes,Yes
30,69940,598,767160,9,0.24,Salaried,0,4,112537,No,Yes
44,104796,729,819260,24,0.28,Self-Employed,0,0,439403,No,Yes
41,54476,303,400441,13,0.21,Self-Employed,5,2,934240,Yes,Yes
31,175355,553,920300,5,0.66,Salaried,3,1,845325,No,No
47,150841,395,394286,27,0.32,Self-Employed,5,0,362381,No,Yes
36,60278,466,930966,7,0.12,Salaried,4,1,869342,No,No
46,196066,630,87985,21,0.35,Business,1,3,218273,No,Yes
50,211970,361,981041,26,0.17,Contract,0,1,112235,Yes,Yes
36,33634,473,354861,7,0.19,Contract,3,1,79374,No,No
27,144259,552,452243,3,0.24,Contract,4,3,714769,Yes,Yes
36,160037,760,445752,13,0.13,Self-Employed,3,3,637839,Yes,Yes
55,176638,514,838957,33,0.52,Salaried,3,1,140343,Yes,Yes
36,70196,538,190248,9,0.56,Contract,5,2,198969,No,No
60,116679,714,788637,34,0.31,Self-Employed,5,2,392174,No,Yes
32,197357,425,120423,8,0.5,Self-Employed,4,4,981358,Yes,Yes
55,148861,552,139642,27,0.3,Salaried,2,4,385448,Yes,Yes
41,204571,496,130383,15,0.16,Business,0,3,507280,No,Yes
63,37420,712,388932,34,0.31,Salaried,0,0,757217,No,Yes
56,174308,755,120013,35,0.41,Self-Employed,4,1,595231,No,Yes
37,24218,353,174326,11,0.08,Business,0,3,65465,Yes,Yes
52,142283,638,329899,26,0.48,Business,1,3,475572,Yes,Yes
61,198964,658,331752,38,0.53,Contract,1,3,483448,Yes,Yes
26,223103,450,166562,0,0.61,Self-Employed,1,2,781049,Yes,Yes
44,248461,399,109843,21,0.12,Salaried,4,0,760116,No,Yes
47,82057,533,888945,21,0.05,Salaried,5,2,416214,Yes,Yes
40,96609,843,908072,17,0.1,Contract,3,4,257941,No,Yes
45,225979,361,411590,18,0.65,Self-Employed,3,3,728285,No,No
22,232202,495,463909,0,0.55,Salaried,2,2,464037,No,No
29,160298,841,501124,8,0.59,Salaried,2,3,682113,Yes,Yes
48,141108,405,849158,19,0.39,Salaried,1,0,715374,No,Yes
58,201343,594,843330,33,0.39,Business,1,1,816636,Yes,Yes
23,28046,750,657796,0,0.24,Business,4,2,878041,Yes,Yes
40,135462,833,488161,14,0.6,Contract,1,0,325565,Yes,Yes
26,127345,455,226756,1,0.59,Contract,1,1,990263,Yes,Yes
59,55117,705,300758,32,0.3,Salaried,1,3,535621,Yes,Yes
53,147980,674,551182,28,0.26,Self-Employed,0,0,777021,Yes,Yes
21,154037,754,225946,0,0.53,Self-Employed,3,4,75955,Yes,Yes
57,208550,501,259290,35,0.07,Contract,0,1,959878,Yes,Yes
26,227944,751,906310,5,0.61,Self-Employed,5,1,231480,Yes,Yes
65,206349,486,360152,39,0.34,Self-Employed,1,3,366342,Yes,Yes
54,234451,667,970866,29,0.34,Salaried,1,4,204277,No,Yes
35,208685,639,130119,15,0.48,Salaried,0,2,442993,No,Yes
65,35373,561,477620,40,0.47,Self-Employed,0,0,627282,Yes,No
46,63452,842,978608,25,0.22,Salaried,4,3,376461,Yes,Yes
34,199161,850,731408,14,0.66,Self-Employed,4,4,207398,Yes,Yes
27,24654,605,301987,5,0.69,Self-Employed,1,1,312250,Yes,No
51,180352,464,556628,27,0.39,Business,0,1,100428,Yes,Yes
44,205213,387,591916,21,0.41,Self-Employed,5,1,291308,No,No
51,141319,499,389609,30,0.41,Business,4,4,681424,No,No
49,123646,570,666498,22,0.37,Contract,2,4,245010,Yes,Yes
62,237015,350,683381,34,0.66,Self-Employed,0,2,140125,Yes,Yes
52,216966,788,564818,25,0.21,Contract,3,0,263130,Yes,Yes
37,44583,497,456484,11,0.12,Salaried,2,1,598820,Yes,No
34,112242,322,399370,5,0.65,Business,2,2,837535,Yes,Yes
60,155432,522,932188,39,0.19,Contract,5,4,15869,No,Yes
56,71968,520,114734,31,0.54,Salaried,0,2,469581,Yes,Yes
44,152815,565,453920,21,0.18,Self-Employed,5,1,893259,No,Yes
65,156231,372,120050,40,0.67,Business,1,0,995714,Yes,Yes
47,181223,376,162726,19,0.56,Self-Employed,3,2,734360,Yes,Yes
45,149590,843,468050,17,0.65,Contract,4,4,324102,No,Yes
52,34652,734,98308,29,0.67,Self-Employed,5,3,62801,Yes,Yes
38,227533,364,265350,11,0.1,Salaried,4,3,770729,No,Yes
38,131114,656,146428,14,0.33,Contract,1,2,811129,No,Yes
57,220083,317,766097,29,0.47,Business,3,4,668754,No,No
46,120489,735,504338,25,0.57,Salaried,5,2,543774,Yes,Yes
29,191420,740,274595,6,0.21,Salaried,3,2,433691,Yes,Yes
55,224494,308,219455,33,0.64,Business,2,3,821538,Yes,Yes
28,95001,769,100420,2,0.19,Salaried,2,2,787960,Yes,Yes
40,142269,647,435963,19,0.61,Contract,3,3,543005,No,No
62,94757,671,720200,40,0.38,Self-Employed,5,4,494494,Yes,Yes
42,42395,474,150680,14,0.39,Business,5,4,791910,Yes,Yes
39,151407,814,570047,12,0.29,Business,5,4,480282,Yes,Yes
50,119978,429,74771,29,0.12,Contract,0,3,618318,No,Yes
48,219184,592,996237,23,0.28,Contract,5,1,426554,No,Yes
55,149572,652,855912,33,0.33,Business,0,1,497618,No,Yes
63,142541,523,135555,38,0.36,Business,0,1,864698,Yes,Yes
31,241283,823,66945,7,0.53,Business,3,1,429456,No,Yes
51,26083,808,585929,22,0.28,Business,4,4,317194,No,Yes
59,124598,667,589520,36,0.31,Contract,0,1,441235,Yes,Yes
56,230328,799,749686,30,0.64,Self-Employed,4,2,313956,No,Yes
50,154615,389,782211,21,0.54,Business,0,3,783144,Yes,Yes
43,217884,371,992119,17,0.06,Salaried,3,1,212579,No,Yes
39,201309,732,567863,16,0.58,Salaried,0,4,333657,Yes,Yes
32,114171,647,565643,10,0.69,Salaried,5,1,890849,Yes,Yes
35,138423,562,859687,12,0.66,Contract,4,3,619844,No,No
51,238788,570,211781,30,0.59,Business,1,0,600242,No,Yes
63,24613,808,806168,40,0.46,Contract,5,0,665768,No,No
57,128033,807,368317,34,0.23,Salaried,4,4,395154,No,Yes
57,215935,719,924323,33,0.48,Self-Employed,1,4,725698,No,Yes
35,189612,371,977572,15,0.5,Salaried,5,4,57281,Yes,No
49,94202,373,430929,28,0.23,Business,4,1,689436,Yes,Yes
63,175327,802,485305,36,0.22,Self-Employed,5,3,278578,Yes,Yes
46,103666,445,420903,19,0.31,Self-Employed,5,3,742086,Yes,Yes
64,40068,345,620120,37,0.47,Self-Employed,0,3,823201,No,No
22,67057,404,318966,0,0.24,Salaried,0,0,266946,Yes,Yes
40,36946,408,825926,13,0.41,Contract,4,3,200503,No,No
35,169619,616,70893,7,0.63,Salaried,0,4,742781,Yes,Yes
24,103237,420,701189,1,0.24,Business,0,1,633645,Yes,Yes
42,23769,798,390177,19,0.68,Self-Employed,3,0,846951,Yes,No
58,173955,342,540553,32,0.36,Contract,2,1,493929,Yes,Yes
43,79340,398,850683,19,0.12,Contract,2,2,848464,No,Yes
46,97199,610,138106,17,0.09,Business,5,4,560240,No,Yes
31,122222,513,355289,11,0.27,Business,4,0,772951,No,Yes
48,184234,762,305596,21,0.22,Business,2,4,293659,No,Yes
22,237460,722,135480,0,0.6,Self-Employed,1,1,431255,No,Yes
28,234996,688,645503,1,0.53,Self-Employed,4,3,585434,No,Yes
49,51434,411,232909,28,0.62,Business,4,2,876381,Yes,Yes
31,40102,571,89380,8,0.43,Self-Employed,1,4,27681,Yes,No
57,39536,401,857637,36,0.33,Salaried,2,2,66555,Yes,No
38,226963,509,262880,14,0.23,Contract,1,1,142199,No,Yes
34,216842,321,893391,5,0.43,Self-Employed,0,4,95568,Yes,Yes
30,122639,458,379092,1,0.45,Contract,4,3,558564,Yes,No
55,199460,642,559125,28,0.31,Salaried,3,2,856217,Yes,Yes
29,68775,699,248857,3,0.66,Self-Employed,1,0,979764,No,Yes
55,49147,753,510991,31,0.47,Business,4,1,202796,No,No
31,68526,442,234426,5,0.59,Business,5,4,855485,Yes,Yes
64,172731,696,156177,40,0.45,Salaried,5,0,924535,Yes,Yes
32,122663,835,269885,6,0.26,Salaried,4,3,625127,Yes,Yes
23,231168,440,386515,0,0.53,Self-Employed,1,3,296585,No,No
59,130180,539,734388,36,0.2,Salaried,3,2,508987,Yes,Yes
34,142233,591,507298,5,0.44,Contract,4,1,516787,Yes,Yes
48,41088,381,372036,25,0.31,Business,0,4,331041,No,No
31,86464,470,563307,4,0.15,Self-Employed,0,0,913758,Yes,Yes
59,123921,825,195875,39,0.32,Salaried,0,4,880303,No,Yes
45,77998,841,128331,16,0.25,Contract,3,0,93941,No,Yes
41,58382,409,438829,17,0.12,Business,2,1,529402,No,Yes
30,46184,511,162745,1,0.59,Business,0,3,221308,Yes,No
63,169171,737,721013,40,0.37,Self-Employed,1,3,339235,No,Yes
35,218882,621,939921,6,0.28,Self-Employed,2,4,102961,No,Yes
39,239578,383,70674,16,0.38,Self-Employed,1,4,657752,Yes,Yes
42,240352,675,616633,18,0.54,Self-Employed,3,2,783544,Yes,Yes
41,55739,352,614208,14,0.06,Salaried,0,0,886022,No,Yes
64,145937,795,213686,40,0.41,Self-Employed,4,2,101489,Yes,Yes
52,157461,555,855400,31,0.36,Salaried,0,0,849842,No,Yes
43,35352,519,133521,22,0.63,Contract,3,1,504776,Yes,No
33,144788,399,948534,6,0.41,Contract,0,4,109703,Yes,Yes
25,135843,428,693918,3,0.14,Business,0,0,455210,Yes,Yes
24,170220,518,366994,0,0.3,Contract,0,3,630265,Yes,Yes
48,49828,776,243220,27,0.45,Contract,3,1,94241,Yes,Yes
34,86040,757,241733,9,0.08,Self-Employed,0,3,982692,No,Yes
28,205867,321,329335,0,0.63,Self-Employed,5,1,541089,Yes,No
29,207692,628,421299,4,0.09,Self-Employed,4,0,481706,Yes,Yes
55,112279,779,172033,34,0.07,Contract,4,3,822955,Yes,Yes
57,112430,638,418754,34,0.05,Self-Employed,2,0,942960,No,Yes
41,245603,478,167415,20,0.49,Self-Employed,2,2,852232,Yes,Yes
38,206186,720,816582,9,0.35,Self-Employed,2,1,764830,No,Yes
53,189783,781,933876,30,0.12,Self-Employed,2,4,566460,No,Yes
28,133957,348,502826,2,0.61,Salaried,4,3,46398,No,No
37,35748,329,95252,13,0.18,Self-Employed,2,0,598150,No,Yes
63,106636,384,668896,34,0.26,Contract,1,3,658995,Yes,Yes
51,182763,801,193165,28,0.17,Self-Employed,5,0,449826,Yes,Yes
54,133158,845,385845,25,0.65,Self-Employed,3,2,695922,No,Yes
26,237589,628,949820,0,0.54,Salaried,5,4,240111,No,No
42,214354,733,552440,20,0.52,Self-Employed,3,3,609084,Yes,Yes
34,247316,548,922523,9,0.08,Self-Employed,4,3,154486,Yes,Yes
23,209432,433,862457,2,0.39,Business,3,0,359177,Yes,Yes
32,28246,664,521326,9,0.42,Self-Employed,3,0,417803,Yes,No
56,77395,724,215408,29,0.3,Contract,0,3,353608,Yes,Yes
32,181558,714,927866,11,0.26,Business,2,2,417371,Yes,Yes
65,179412,811,337580,37,0.6,Business,2,3,480646,No,Yes
22,233946,684,879122,1,0.06,Contract,0,1,478124,Yes,Yes
22,68300,687,775800,0,0.46,Contract,4,1,570609,No,No
35,152158,748,733454,8,0.31,Self-Employed,1,3,457503,Yes,Yes
43,240143,602,768759,17,0.48,Self-Employed,4,2,863141,Yes,Yes
49,32860,398,54509,20,0.18,Self-Employed,1,0,979031,No,Yes
37,35013,605,251134,12,0.21,Business,1,0,398406,Yes,Yes
52,156479,341,350821,32,0.43,Contract,0,3,890523,Yes,Yes
27,51542,767,759861,6,0.69,Salaried,4,4,136433,Yes,Yes
50,42935,739,741295,24,0.68,Salaried,2,0,676255,No,No
48,67079,626,649934,25,0.21,Self-Employed,5,1,459334,No,No
34,52111,332,696582,6,0.12,Contract,4,1,430654,No,No
64,74550,711,560122,40,0.43,Self-Employed,4,4,437515,No,Yes
50,224769,413,280716,27,0.32,Business,5,4,628568,Yes,Yes
37,238189,807,959129,15,0.55,Business,1,1,775722,Yes,Yes
52,246885,355,562543,26,0.39,Salaried,1,3,478987,Yes,Yes
26,236008,651,117050,5,0.38,Contract,2,3,352638,No,Yes
44,94955,628,198867,15,0.47,Contract,5,3,15218,Yes,No
26,58565,845,143148,5,0.13,Business,5,1,227482,No,Yes
47,37283,569,90492,26,0.49,Contract,2,4,457698,Yes,No
38,84470,495,971671,15,0.37,Salaried,5,2,395886,Yes,Yes
44,249362,712,657230,17,0.58,Self-Employed,1,1,103838,Yes,Yes
57,104916,378,931171,30,0.14,Contract,4,1,729284,No,No
44,97552,382,289854,17,0.25,Contract,1,0,598408,Yes,Yes
58,56233,436,495126,31,0.67,Salaried,3,3,55914,No,No
54,40695,838,931216,28,0.41,Salaried,3,0,308528,Yes,No
60,239560,605,946699,35,0.65,Self-Employed,1,1,12774,No,No
35,144440,610,976808,9,0.5,Salaried,2,1,383091,No,Yes
31,191806,687,109289,7,0.65,Business,1,1,422693,No,Yes
42,99257,848,579096,15,0.26,Business,4,2,298576,Yes,Yes
44,19505,805,567654,23,0.11,Self-Employed,3,0,690505,Yes,Yes
21,154435,687,668279,0,0.57,Self-Employed,0,4,650794,Yes,Yes
38,197780,592,910801,12,0.57,Contract,2,3,286339,Yes,Yes
64,61614,478,868329,36,0.45,Business,0,3,677082,No,No
32,19010,728,417181,3,0.43,Business,2,2,232194,Yes,Yes
63,148560,823,519181,40,0.64,Business,0,0,95643,No,Yes
48,168933,611,972411,20,0.16,Business,0,3,472267,Yes,Yes
60,173197,379,127214,38,0.45,Salaried,5,1,966884,No,No
27,158441,313,905193,7,0.08,Business,1,0,782423,No,Yes
43,87393,353,444230,17,0.14,Self-Employed,2,3,691420,No,Yes
41,175743,746,122304,19,0.33,Contract,5,0,779252,Yes,Yes
54,224472,364,940194,27,0.58,Contract,3,2,232752,Yes,Yes
31,82512,671,510773,10,0.53,Self-Employed,0,4,301441,Yes,Yes
42,116026,802,495044,19,0.68,Business,1,4,965585,No,Yes
62,93656,395,633172,40,0.08,Salaried,4,0,459928,Yes,Yes
55,234831,832,806770,32,0.3,Business,2,2,396508,No,Yes
49,115686,559,550495,29,0.15,Business,2,3,109609,Yes,Yes
62,193210,547,910830,33,0.07,Self-Employed,3,1,296380,No,Yes
48,202492,426,683553,24,0.22,Contract,0,0,137542,Yes,Yes
38,217161,798,249192,16,0.21,Contract,1,0,184446,No,Yes
34,33489,345,54942,6,0.32,Contract,0,3,481219,Yes,Yes
38,77789,567,112681,15,0.14,Self-Employed,1,1,777228,Yes,Yes
48,87925,841,542797,23,0.37,Salaried,3,1,578270,No,Yes
44,67703,393,675635,16,0.65,Salaried,0,3,189448,Yes,No
28,236558,615,581658,7,0.54,Contract,4,0,744342,No,No
62,94625,370,487348,36,0.6,Contract,3,3,770810,Yes,Yes
65,125535,748,456888,40,0.57,Salaried,3,4,805960,No,Yes
28,207300,666,758294,8,0.3,Self-Employed,2,3,456648,No,Yes
24,21051,709,368353,0,0.51,Salaried,1,2,141190,No,No
47,187162,390,123905,19,0.54,Business,5,0,108212,Yes,Yes
56,46805,808,451683,33,0.18,Business,0,2,393304,Yes,Yes
25,112978,827,994439,0,0.61,Self-Employed,1,0,131677,No,Yes
53,62557,409,883153,27,0.35,Contract,3,0,948909,Yes,Yes
54,151627,388,135401,31,0.06,Business,0,4,482626,No,Yes
50,68241,571,505446,29,0.47,Salaried,4,3,816190,Yes,Yes
28,227375,546,61551,4,0.49,Business,1,3,412287,No,Yes
59,145838,660,760284,32,0.41,Salaried,1,4,329571,Yes,Yes
46,83994,677,878816,17,0.19,Salaried,4,4,281342,Yes,Yes
57,132005,505,628776,28,0.36,Salaried,5,1,616870,Yes,Yes
54,34066,644,933385,29,0.31,Business,5,2,113886,Yes,No
27,153793,754,229669,3,0.68,Self-Employed,3,0,41417,No,Yes
60,95982,366,758634,37,0.59,Salaried,5,1,965703,Yes,Yes
48,24304,342,167648,23,0.55,Business,1,3,804142,No,No
59,60967,528,713257,37,0.17,Contract,2,1,86099,Yes,Yes
59,249296,743,511221,38,0.27,Self-Employed,2,3,195304,No,Yes
48,96763,533,274269,28,0.3,Business,0,4,587725,No,Yes
34,58462,498,359748,6,0.37,Self-Employed,4,0,720258,Yes,Yes
58,138356,796,279005,38,0.07,Business,3,0,273122,Yes,Yes
24,89834,331,614107,1,0.44,Salaried,2,0,805195,No,No
62,129023,563,421012,37,0.28,Contract,0,4,51380,Yes,Yes
38,199227,412,168756,10,0.42,Business,0,3,230416,Yes,Yes
64,135771,758,792723,40,0.06,Self-Employed,5,4,998456,Yes,Yes
45,93842,575,190854,19,0.26,Contract,1,0,699886,No,Yes
27,20589,445,604686,1,0.55,Contract,3,0,304503,No,No
58,143023,656,365676,33,0.38,Contract,5,0,445627,Yes,Yes
48,186150,305,862120,20,0.56,Salaried,5,3,690738,Yes,Yes
25,249617,639,468860,0,0.5,Salaried,2,3,187306,Yes,Yes
23,72918,793,524755,0,0.61,Business,4,1,291236,No,Yes
64,162673,407,544065,40,0.05,Salaried,5,1,52183,Yes,Yes
51,25711,370,725393,26,0.22,Contract,1,2,488545,No,No
62,235972,639,494182,36,0.41,Self-Employed,2,3,655398,No,Yes
40,77430,399,184979,14,0.66,Contract,0,4,807224,No,Yes
39,212399,626,741859,14,0.49,Contract,5,3,684268,No,No
31,248314,332,273376,9,0.35,Salaried,4,1,919775,Yes,Yes
60,244218,442,123221,35,0.13,Self-Employed,0,0,279745,Yes,Yes
23,120605,543,713633,2,0.37,Contract,5,1,723208,Yes,Yes
43,21970,516,767779,14,0.34,Self-Employed,1,1,991193,Yes,No
27,87535,733,881098,7,0.56,Self-Employed,4,1,139488,Yes,Yes
43,104570,353,718838,16,0.32,Contract,4,2,10533,No,Yes
27,139315,450,408124,5,0.26,Salaried,1,2,695095,Yes,Yes
54,185248,354,257976,27,0.11,Salaried,0,2,35729,Yes,Yes
62,130111,816,911985,40,0.08,Business,5,4,310841,Yes,Yes
39,59730,747,556343,18,0.34,Contract,4,2,148653,Yes,Yes
29,231240,334,432701,2,0.28,Contract,3,4,987067,Yes,Yes
38,162457,418,686213,16,0.41,Self-Employed,3,3,870134,No,No
61,141252,496,932647,34,0.51,Self-Employed,5,3,407542,Yes,Yes
65,155022,813,58273,40,0.08,Business,0,2,909308,No,Yes
62,222583,721,885677,39,0.37,Business,4,3,878946,Yes,Yes
45,202081,816,926538,17,0.61,Self-Employed,0,3,120601,Yes,Yes
34,235922,438,751760,14,0.35,Self-Employed,3,0,995171,Yes,Yes
64,172470,343,89708,40,0.39,Business,4,2,842958,Yes,Yes
45,174349,518,606840,24,0.37,Salaried,4,2,17063,No,Yes
39,175833,557,756920,11,0.3,Business,5,1,11925,Yes,Yes
59,213507,812,338574,30,0.12,Self-Employed,5,1,891018,Yes,Yes
35,81944,676,733935,11,0.13,Contract,5,3,590652,No,Yes
36,180605,588,632721,13,0.17,Self-Employed,5,1,721292,No,Yes
47,221574,769,361919,18,0.57,Salaried,0,0,64929,Yes,Yes
60,125437,402,93436,31,0.23,Self-Employed,4,2,867743,No,Yes
30,144794,448,757984,7,0.67,Self-Employed,0,0,807173,No,Yes
24,90123,383,214010,0,0.58,Business,2,2,413302,Yes,Yes
39,40880,325,76358,17,0.49,Salaried,2,4,489847,No,No
48,219699,474,714129,20,0.52,Business,3,2,454455,No,No
41,190825,721,385939,17,0.08,Contract,3,0,644255,Yes,Yes
34,245738,645,149819,6,0.42,Contract,1,3,306551,Yes,Yes
53,231669,601,931697,33,0.66,Salaried,2,1,24158,No,No
30,105829,597,648016,1,0.08,Contract,2,1,611983,Yes,Yes
39,150633,434,674790,12,0.24,Contract,5,0,177271,No,Yes
50,71205,354,853717,29,0.08,Self-Employed,5,1,289237,Yes,Yes
42,124948,355,203359,15,0.42,Business,1,3,82672,No,Yes
23,77810,673,883793,0,0.13,Business,0,1,390300,No,Yes
57,131089,638,605635,36,0.36,Business,2,4,732883,Yes,Yes
61,82482,756,287131,40,0.52,Salaried,5,2,376047,No,Yes
38,87192,654,452202,13,0.16,Self-Employed,2,4,547137,Yes,Yes
31,105154,431,314210,9,0.54,Self-Employed,3,2,909228,No,No
22,104066,792,92779,0,0.09,Salaried,1,4,955081,No,Yes
32,236480,409,277362,10,0.15,Business,1,1,937366,Yes,Yes
26,177402,425,369858,0,0.23,Self-Employed,3,1,943088,No,Yes
63,165211,595,920890,39,0.57,Self-Employed,2,3,823828,Yes,Yes
60,146514,478,414355,34,0.6,Business,4,4,779785,Yes,Yes
64,50977,496,630400,40,0.19,Contract,1,2,596919,No,Yes
49,22983,400,688192,28,0.11,Salaried,2,2,921875,Yes,No
50,188981,482,944982,23,0.6,Self-Employed,0,1,194838,Yes,Yes
22,213552,308,160962,0,0.47,Business,1,1,686815,Yes,Yes
29,67029,712,240104,8,0.15,Contract,3,1,435508,No,Yes
22,170401,403,856137,1,0.41,Business,1,4,589184,Yes,Yes
49,140668,425,288706,26,0.62,Business,3,2,620890,Yes,Yes
53,185806,845,991608,26,0.1,Contract,0,4,20426,Yes,Yes
30,60837,569,538784,6,0.1,Salaried,2,2,920897,No,Yes
54,223426,765,912888,30,0.23,Self-Employed,3,2,512596,No,Yes
64,225526,417,92125,38,0.47,Salaried,3,3,414636,No,No
28,135512,391,370996,5,0.17,Salaried,5,1,742598,No,Yes
57,84786,784,424197,29,0.58,Business,0,4,586374,No,Yes
53,22758,386,480542,30,0.54,Business,4,4,94568,No,No
26,120667,533,148226,0,0.41,Business,1,1,521170,Yes,Yes
64,216771,423,619824,40,0.13,Salaried,5,4,279791,No,Yes
60,126119,502,235142,35,0.69,Self-Employed,4,3,702253,No,No
65,118157,331,468315,40,0.37,Business,1,4,712867,No,Yes
39,100673,656,961570,13,0.34,Contract,0,2,330477,Yes,Yes
52,115639,762,152643,26,0.7,Self-Employed,0,1,736082,Yes,Yes
47,170904,850,476222,26,0.61,Self-Employed,4,1,72012,Yes,Yes
21,150940,393,428052,0,0.35,Self-Employed,0,3,576571,No,Yes
63,132869,821,296528,40,0.32,Contract,2,4,765255,No,Yes
53,199737,707,599098,24,0.11,Contract,4,2,649054,Yes,Yes
60,190934,399,269322,32,0.65,Business,3,0,113355,No,No
52,37728,543,175640,31,0.6,Self-Employed,3,2,418744,Yes,No
25,121542,357,410038,3,0.25,Salaried,0,2,219741,Yes,Yes
37,111565,656,540785,17,0.54,Salaried,0,4,450103,No,Yes
28,188929,790,581676,0,0.55,Salaried,1,0,660033,Yes,Yes
62,177255,619,431424,38,0.2,Business,4,3,316313,No,Yes
54,237393,318,141631,32,0.45,Salaried,5,4,669216,No,No
29,168012,656,371391,6,0.22,Self-Employed,4,1,147230,No,Yes
43,143019,416,835709,20,0.56,Business,2,0,286060,No,Yes
55,154352,435,912394,30,0.15,Business,3,1,699844,No,Yes
27,120548,595,784818,0,0.48,Contract,3,0,56561,No,No
35,151236,824,206583,9,0.26,Self-Employed,2,1,401138,Yes,Yes
40,139289,400,239684,14,0.07,Salaried,1,4,282328,No,Yes
45,241796,679,744584,18,0.13,Self-Employed,2,0,557890,No,Yes
23,147068,454,75394,1,0.48,Self-Employed,1,3,643552,No,No
44,97624,404,799039,20,0.21,Business,1,4,979848,Yes,Yes
54,167477,825,103269,25,0.46,Salaried,5,0,942929,Yes,Yes
42,20821,427,764819,17,0.32,Salaried,1,1,725801,No,No
31,73090,700,117975,6,0.5,Salaried,0,2,897589,Yes,Yes
28,171588,828,274571,1,0.37,Contract,0,0,326394,No,Yes
59,159545,849,567184,35,0.25,Self-Employed,1,4,438924,Yes,Yes
63,64454,423,846451,39,0.14,Business,2,1,387691,Yes,Yes
55,191602,659,858902,35,0.27,Business,2,4,560173,Yes,Yes
58,122273,363,890408,38,0.46,Business,2,1,875002,Yes,Yes
28,226786,401,437612,3,0.53,Salaried,0,4,652102,No,Yes
57,122472,576,180752,28,0.15,Salaried,5,0,702872,Yes,Yes
47,241626,526,929159,18,0.48,Business,1,0,78603,Yes,Yes
48,231705,322,158369,24,0.17,Self-Employed,3,0,517867,Yes,Yes
60,228704,363,685091,31,0.19,Business,2,1,983583,No,Yes
54,218153,456,797245,29,0.4,Self-Employed,5,3,889639,Yes,Yes
52,173870,689,254999,24,0.24,Business,0,4,702437,No,Yes
35,149935,448,735018,8,0.48,Self-Employed,4,3,334371,Yes,Yes
64,34148,662,648193,38,0.67,Business,1,3,180045,Yes,Yes
37,104545,763,386802,11,0.15,Contract,2,3,222605,Yes,Yes
53,72459,698,324072,28,0.42,Contract,0,2,582749,Yes,Yes
36,232417,704,346948,11,0.65,Salaried,4,4,299843,Yes,Yes
49,102224,431,813341,29,0.16,Salaried,1,2,161850,Yes,Yes
29,84189,496,101243,3,0.29,Salaried,3,4,252271,No,Yes
53,157201,334,171118,29,0.13,Salaried,1,2,948633,Yes,Yes
49,109954,719,228884,23,0.47,Business,1,4,317521,Yes,Yes
33,41118,676,488264,8,0.48,Contract,2,0,507990,Yes,Yes
41,149515,698,963993,14,0.48,Salaried,5,3,711028,No,Yes
41,176113,519,180218,19,0.4,Self-Employed,1,1,481054,No,Yes
25,107379,816,809990,0,0.54,Self-Employed,4,3,770138,No,Yes
30,39053,641,729951,4,0.07,Salaried,4,4,975203,Yes,No
26,114384,715,958783,6,0.67,Salaried,1,1,76865,Yes,Yes
33,186276,755,457107,11,0.19,Salaried,1,3,17208,Yes,Yes
21,135545,596,421574,0,0.13,Business,5,4,898891,Yes,Yes
40,191312,630,812692,17,0.66,Self-Employed,4,3,200752,Yes,Yes
28,144675,638,582009,0,0.59,Self-Employed,4,4,404917,Yes,No
30,111749,597,527293,5,0.55,Self-Employed,2,2,891107,No,Yes
29,210174,611,207224,3,0.12,Contract,3,2,680073,Yes,Yes
61,157363,354,230529,37,0.57,Business,4,0,587727,No,No
23,34285,833,384803,1,0.45,Contract,3,1,483481,Yes,No
31,241494,404,559957,7,0.53,Business,3,2,520303,Yes,Yes
32,79589,474,962202,6,0.69,Self-Employed,4,4,817523,No,No
30,31944,593,776708,2,0.18,Self-Employed,5,3,558785,No,No
45,119041,850,857272,17,0.38,Contract,5,0,775886,Yes,Yes
45,106876,674,706568,18,0.54,Self-Employed,2,3,153674,Yes,Yes
31,113561,749,985746,7,0.33,Salaried,1,3,566171,Yes,Yes
56,72391,744,265695,30,0.09,Business,5,1,426313,Yes,Yes
59,19607,359,576259,36,0.12,Self-Employed,0,3,874472,Yes,No
46,20953,691,604083,17,0.44,Salaried,1,1,513816,Yes,Yes
34,62941,689,411561,10,0.24,Contract,0,4,563904,Yes,Yes
59,220541,511,706343,36,0.14,Self-Employed,4,3,388300,Yes,Yes
60,225994,834,716862,38,0.27,Self-Employed,1,3,946016,Yes,Yes
21,79683,539,996081,1,0.18,Business,1,3,261597,Yes,Yes
24,219290,787,159267,0,0.07,Self-Employed,0,4,606439,No,Yes
50,127588,421,438176,29,0.15,Business,2,2,529784,No,Yes
32,140080,552,453570,7,0.62,Contract,5,2,459274,No,No
55,29154,440,310371,31,0.06,Business,4,4,581954,Yes,No
33,143542,751,248735,12,0.55,Contract,4,0,288956,Yes,Yes
51,158119,452,790919,24,0.54,Self-Employed,5,0,267090,No,No
58,106529,607,467076,34,0.42,Salaried,4,1,575617,Yes,Yes
63,224946,616,738688,40,0.19,Contract,1,4,321656,Yes,Yes
43,32323,828,515404,23,0.62,Self-Employed,3,0,175393,No,No
24,55693,595,408659,3,0.36,Contract,0,1,99830,Yes,Yes
36,207802,644,92769,16,0.16,Self-Employed,5,3,402124,Yes,Yes
27,107170,581,988275,0,0.33,Self-Employed,1,3,540609,Yes,Yes
42,175364,507,102084,13,0.18,Salaried,2,0,63897,Yes,Yes
49,63111,395,615538,27,0.29,Business,2,1,378585,Yes,Yes
31,224525,751,423277,9,0.37,Salaried,1,1,897173,Yes,Yes
53,224753,672,805573,24,0.28,Contract,0,2,731666,Yes,Yes
49,244325,372,753227,29,0.48,Salaried,5,0,277888,No,No
59,57491,632,417678,33,0.66,Self-Employed,4,2,947557,Yes,Yes
32,67336,692,521633,3,0.28,Self-Employed,4,4,718993,Yes,Yes
27,34905,405,231652,1,0.28,Salaried,3,1,402934,Yes,No
59,48273,400,722691,31,0.53,Contract,5,2,299611,Yes,No
62,143191,658,912687,38,0.39,Business,1,1,247440,Yes,Yes
46,133936,628,936084,23,0.33,Business,3,4,660163,Yes,Yes
60,175306,694,582860,36,0.58,Self-Employed,2,2,637812,No,Yes
29,227957,334,322040,2,0.63,Business,4,4,337820,Yes,No
61,84538,456,607365,34,0.43,Business,5,1,608559,No,No
54,122570,572,790694,31,0.17,Contract,4,1,23208,No,Yes
65,181645,695,387370,38,0.35,Business,3,3,409858,Yes,Yes
33,111339,506,573319,10,0.38,Salaried,1,1,644244,No,Yes
56,139132,605,552606,33,0.33,Contract,3,3,130676,No,Yes
45,213392,835,810232,18,0.22,Salaried,5,4,535201,Yes,Yes
44,146993,761,358365,23,0.36,Self-Employed,2,0,231321,Yes,Yes
64,29330,551,353764,40,0.34,Contract,5,4,631748,Yes,No
37,241112,566,397511,17,0.19,Business,1,3,626146,Yes,Yes
22,229588,508,691249,2,0.64,Contract,5,0,50353,Yes,No
33,90553,838,928041,6,0.63,Self-Employed,2,3,394541,No,Yes
51,190425,802,715624,28,0.54,Salaried,1,1,351919,Yes,Yes
49,165083,813,66049,24,0.31,Self-Employed,3,3,162202,No,Yes
48,101537,447,782524,24,0.29,Contract,0,0,14693,Yes,Yes
47,78985,382,510894,18,0.52,Salaried,3,3,864173,Yes,Yes
35,35044,341,392523,10,0.45,Salaried,1,2,171280,Yes,No
51,187364,455,79236,28,0.44,Contract,5,2,704277,Yes,Yes
60,140304,752,819839,37,0.13,Self-Employed,2,4,328029,Yes,Yes
35,154322,583,813461,9,0.45,Business,3,4,562631,Yes,Yes
53,41289,487,292863,33,0.64,Self-Employed,1,0,680914,Yes,No
40,51087,773,988627,12,0.11,Business,2,3,642889,No,Yes
62,93952,806,207079,33,0.27,Self-Employed,2,1,51958,No,Yes
32,239767,432,846574,10,0.38,Contract,2,0,121822,Yes,Yes
57,54368,570,78498,34,0.5,Self-Employed,5,0,48494,No,No
29,138648,372,738586,1,0.11,Self-Employed,1,0,490511,No,Yes
43,88815,735,90348,19,0.62,Contract,2,4,83213,No,Yes
28,108693,592,339668,5,0.08,Contract,2,0,84619,Yes,Yes
52,210112,736,230561,27,0.61,Salaried,3,3,830156,Yes,Yes
34,76900,359,720658,14,0.07,Self-Employed,2,0,547405,No,Yes
47,33494,626,193207,18,0.15,Contract,5,1,199397,Yes,Yes
45,134486,481,694426,25,0.57,Contract,0,0,214614,Yes,Yes
33,194238,733,122916,9,0.61,Salaried,1,4,209586,No,Yes
41,240182,818,535341,17,0.69,Contract,2,4,672698,Yes,Yes
65,174405,382,410146,37,0.13,Salaried,2,1,23828,Yes,Yes
51,51050,327,611076,31,0.39,Contract,4,0,875407,No,No
57,115799,565,730280,35,0.1,Salaried,3,0,455485,No,Yes
63,149016,582,636303,40,0.15,Self-Employed,2,0,621106,No,Yes
25,247147,696,506226,2,0.16,Contract,3,4,168051,No,Yes
33,228638,682,186715,7,0.09,Contract,3,0,339339,Yes,Yes
48,106257,618,624382,22,0.63,Self-Employed,0,4,51686,Yes,Yes
63,66070,492,197801,34,0.13,Self-Employed,1,4,91827,Yes,Yes
45,23166,526,627334,21,0.46,Self-Employed,0,3,802323,Yes,No
55,156193,750,438343,27,0.46,Salaried,1,2,978124,No,Yes
59,163749,481,766399,33,0.18,Contract,4,4,48145,No,Yes
27,205633,626,484500,6,0.7,Contract,0,2,579444,Yes,Yes
58,245849,502,515362,36,0.28,Business,3,3,71602,No,Yes
52,230981,701,396202,26,0.64,Business,2,2,344381,Yes,Yes
23,105409,771,398453,0,0.67,Contract,4,2,961299,No,Yes
65,55664,478,586092,39,0.67,Salaried,1,1,901642,No,No
59,147926,317,763227,31,0.54,Salaried,0,1,933067,No,Yes
57,19293,762,975320,29,0.21,Business,4,2,736575,No,Yes
42,171515,845,994977,20,0.13,Business,5,4,539783,Yes,Yes
28,67212,702,717292,1,0.42,Business,0,0,470291,Yes,Yes
37,233203,692,230482,12,0.28,Business,3,0,720341,Yes,Yes
47,93276,599,395174,24,0.59,Business,5,3,668994,No,No
53,30559,650,466925,30,0.53,Self-Employed,0,4,643872,Yes,Yes
37,83231,486,407869,14,0.23,Contract,1,2,457747,Yes,Yes
62,126277,646,932873,36,0.06,Contract,5,1,331877,No,Yes
32,188116,708,580775,7,0.2,Business,5,0,881096,Yes,Yes
47,39747,370,460420,26,0.42,Contract,1,2,515803,No,No
28,222581,626,580276,4,0.1,Contract,2,0,840086,No,Yes
43,229941,511,77364,19,0.48,Self-Employed,2,1,189119,No,Yes
62,179201,608,743763,37,0.49,Self-Employed,1,1,635499,No,Yes
49,18037,407,595336,23,0.16,Salaried,1,4,137213,Yes,No
40,122294,476,188165,13,0.44,Salaried,1,2,285276,Yes,Yes
36,115847,726,283980,7,0.44,Business,4,2,470778,Yes,Yes
37,121742,830,395627,10,0.36,Salaried,5,3,998650,Yes,Yes
36,66503,717,865628,12,0.67,Business,0,3,383920,Yes,Yes
39,46207,547,72727,18,0.12,Salaried,4,1,947447,No,No
28,51241,508,747527,0,0.31,Contract,3,4,821852,Yes,No
58,149130,515,468100,31,0.62,Contract,2,2,799699,Yes,Yes
58,217244,737,871039,33,0.3,Salaried,0,4,486287,No,Yes
49,114171,610,516427,27,0.33,Contract,2,1,420039,No,Yes
61,163906,682,356456,38,0.48,Contract,3,1,560168,No,Yes
56,230185,570,615057,36,0.48,Business,1,3,834306,No,Yes
46,135302,420,180205,24,0.06,Contract,2,3,111459,No,Yes
51,176262,706,452791,28,0.35,Salaried,1,2,713845,No,Yes
64,90832,544,740434,40,0.27,Contract,2,4,200626,Yes,Yes
32,39383,365,555750,7,0.46,Business,3,1,781400,Yes,No
37,142291,527,272364,10,0.41,Salaried,2,3,395010,No,Yes
35,173732,436,716024,10,0.47,Business,3,4,589165,Yes,Yes
29,20674,493,392794,0,0.47,Contract,0,1,245942,No,No
59,132100,788,399204,37,0.22,Contract,4,4,999206,No,Yes
62,127369,653,822734,34,0.21,Contract,3,0,440474,Yes,Yes
32,40820,456,650983,9,0.29,Self-Employed,2,0,82782,No,No
52,234112,775,194371,27,0.21,Business,0,3,165374,Yes,Yes
45,174738,315,836270,22,0.49,Salaried,3,0,127876,No,No
59,61794,377,963757,36,0.44,Contract,2,1,267813,Yes,No
38,151148,351,558864,17,0.19,Self-Employed,5,3,902240,No,Yes
35,213926,813,995536,6,0.62,Self-Employed,3,4,679614,Yes,Yes
52,146544,803,353541,31,0.35,Business,3,2,861211,Yes,Yes
26,201414,360,771351,5,0.13,Contract,1,0,835586,No,Yes
64,55555,431,499135,40,0.19,Business,2,0,674865,No,Yes
63,204280,681,420209,36,0.4,Contract,4,3,642056,Yes,Yes
55,50406,842,239519,26,0.27,Contract,3,1,457647,Yes,Yes
54,210644,709,639786,31,0.6,Contract,0,0,970387,No,Yes
58,58262,454,964883,35,0.37,Self-Employed,2,4,951463,Yes,Yes
25,109320,350,682402,0,0.64,Business,4,1,262412,No,No
38,235733,394,94572,9,0.12,Business,2,0,928859,No,Yes
36,172288,822,280888,14,0.48,Business,5,0,979621,No,Yes
28,217189,823,251346,4,0.63,Salaried,4,4,896000,Yes,Yes
45,230208,654,541018,22,0.24,Salaried,4,0,879282,Yes,Yes
52,48284,344,984279,26,0.14,Self-Employed,3,1,641196,No,No
46,169243,504,85389,17,0.35,Self-Employed,1,2,694144,Yes,Yes
42,108627,730,973680,16,0.67,Self-Employed,2,2,856736,Yes,Yes
51,163405,555,622551,26,0.46,Business,0,0,317177,No,Yes
63,179607,547,452328,37,0.47,Business,5,3,943166,No,No
30,107023,832,268711,4,0.49,Contract,0,1,940216,Yes,Yes
32,225012,340,285417,5,0.08,Business,1,2,831264,Yes,Yes
48,182772,758,994537,28,0.34,Self-Employed,0,3,467219,Yes,Yes
26,232655,576,69984,4,0.1,Self-Employed,2,2,431367,Yes,Yes
40,59516,494,999246,18,0.26,Contract,0,3,33592,No,No
25,33577,370,808874,1,0.58,Salaried,5,0,817557,Yes,No
43,238906,569,382188,14,0.48,Business,2,3,272094,Yes,Yes
29,33015,634,482426,3,0.7,Business,4,0,274107,Yes,No
49,109104,607,368950,20,0.16,Salaried,3,3,449447,Yes,Yes
36,132412,726,252824,11,0.31,Self-Employed,1,3,547653,No,Yes
42,109740,498,860701,19,0.58,Self-Employed,1,3,156119,No,Yes
28,246356,375,377940,3,0.19,Self-Employed,0,1,520966,Yes,Yes
40,240875,824,974337,14,0.15,Business,2,2,19064,No,Yes
34,170308,529,305965,11,0.33,Salaried,5,3,671850,No,Yes
59,247223,384,59527,32,0.3,Salaried,3,0,663950,Yes,Yes
57,84640,461,711304,33,0.69,Self-Employed,5,3,95790,No,No
54,101190,696,465734,32,0.35,Business,0,1,232472,Yes,Yes
31,147516,670,925227,10,0.61,Salaried,5,1,685537,Yes,Yes
60,194776,514,957948,40,0.63,Business,3,1,51780,Yes,No
53,191441,300,276468,30,0.15,Contract,2,3,453003,Yes,Yes
51,152718,676,933527,30,0.51,Self-Employed,5,3,362257,No,Yes
64,105007,711,607390,40,0.23,Self-Employed,0,3,750565,No,Yes
54,174978,499,188741,34,0.11,Contract,0,2,22691,Yes,Yes
27,235715,482,413227,2,0.62,Salaried,5,3,100999,Yes,No
43,65728,709,337523,20,0.24,Self-Employed,3,4,789113,No,Yes
27,32878,697,466928,3,0.27,Salaried,0,1,955923,No,Yes
45,146925,515,691413,18,0.26,Self-Employed,5,3,37877,Yes,Yes
23,27145,648,331335,0,0.18,Contract,3,2,746939,No,No
58,106578,340,310978,33,0.33,Contract,5,0,737869,No,Yes
40,36226,302,194331,18,0.33,Salaried,5,1,261148,No,No
54,20802,393,743318,27,0.32,Self-Employed,2,3,553856,Yes,No
64,42119,358,206588,40,0.65,Self-Employed,3,3,572323,No,No
64,81560,706,85931,38,0.27,Business,2,0,612035,Yes,Yes
50,75353,317,911062,24,0.07,Business,2,2,162709,No,Yes
37,241793,793,61624,15,0.17,Self-Employed,4,4,643486,No,Yes
30,141001,807,204944,8,0.52,Salaried,3,0,915415,No,Yes
55,211198,631,174148,26,0.43,Contract,1,2,935692,Yes,Yes
40,89641,468,344935,11,0.67,Self-Employed,4,2,246095,No,No
38,69712,505,841084,11,0.5,Business,4,3,123149,No,No
65,201261,820,347660,40,0.18,Contract,3,3,302445,Yes,Yes
64,206856,804,953570,40,0.13,Salaried,4,1,798387,Yes,Yes
47,148085,645,272580,23,0.39,Self-Employed,4,3,777139,Yes,Yes
56,86285,603,58095,30,0.48,Self-Employed,0,3,991122,Yes,Yes
43,133278,414,249965,16,0.16,Contract,2,2,567402,Yes,Yes
52,192021,386,320239,32,0.44,Contract,1,3,509933,Yes,Yes
30,183201,394,126216,9,0.61,Business,3,3,836490,No,No
31,42512,727,942819,5,0.52,Salaried,0,3,344287,Yes,Yes
58,120077,749,498340,30,0.48,Contract,5,4,466743,Yes,Yes
26,228103,840,733602,4,0.56,Salaried,5,4,448693,No,Yes
61,212626,301,600621,34,0.12,Salaried,1,1,371427,Yes,Yes
54,20064,377,456385,25,0.18,Self-Employed,1,0,606012,No,No
56,113614,623,664363,34,0.07,Contract,0,2,931789,No,Yes
57,200639,397,966831,34,0.14,Contract,5,1,952031,Yes,Yes
37,135639,409,679661,16,0.64,Business,3,2,634340,No,No
60,48011,756,371366,32,0.19,Self-Employed,2,0,510945,Yes,Yes
60,89152,787,530474,36,0.48,Contract,0,0,90488,No,Yes
32,222583,670,724276,8,0.5,Contract,4,1,602759,Yes,Yes
41,28960,636,176394,18,0.47,Business,5,4,479598,Yes,No
60,242600,321,874537,36,0.41,Business,1,4,204113,Yes,Yes
39,139789,604,119309,19,0.37,Salaried,4,4,54805,Yes,Yes
23,76920,571,491410,0,0.32,Self-Employed,3,3,570509,No,Yes
38,39387,789,633710,9,0.65,Salaried,5,3,812285,Yes,No
39,164396,745,71045,14,0.06,Business,5,1,855136,No,Yes
26,81960,577,510809,3,0.08,Contract,2,3,369257,Yes,Yes
36,140994,676,591349,13,0.37,Contract,2,2,831230,No,Yes
28,220851,531,259746,4,0.26,Business,2,1,835843,Yes,Yes
38,50628,725,610030,18,0.32,Salaried,5,1,999668,No,Yes
63,139269,354,337004,40,0.7,Salaried,4,0,125329,Yes,Yes
59,224168,740,306152,30,0.55,Business,3,0,874793,No,Yes
32,65452,333,262511,10,0.62,Contract,4,1,713531,No,No
65,59098,628,760160,40,0.29,Self-Employed,5,4,277236,Yes,Yes
30,219531,753,275650,1,0.21,Salaried,1,0,513296,No,Yes
27,188307,687,89212,3,0.55,Self-Employed,2,3,410608,Yes,Yes
21,104861,729,854656,0,0.57,Contract,3,1,715290,Yes,Yes
56,45949,775,117414,36,0.41,Business,4,2,444589,Yes,Yes
41,171893,424,416737,19,0.63,Salaried,4,1,660785,Yes,Yes
57,220684,822,518554,33,0.68,Salaried,4,2,266828,No,Yes
44,171104,781,340682,22,0.36,Contract,4,0,407658,Yes,Yes
45,91537,616,295371,20,0.19,Business,5,4,450426,Yes,Yes
27,164375,421,925571,0,0.39,Salaried,4,2,349873,No,Yes
62,134003,846,295139,40,0.69,Contract,1,4,846806,Yes,Yes
37,231065,612,982541,12,0.24,Salaried,2,2,205942,No,Yes
49,161375,786,832476,22,0.45,Self-Employed,4,4,996854,No,Yes
50,68701,311,438183,27,0.5,Salaried,1,2,431121,No,Yes
27,68511,424,61690,0,0.19,Contract,5,1,457551,Yes,Yes
53,98664,376,322467,27,0.43,Self-Employed,3,1,186733,Yes,Yes
27,167352,535,446530,4,0.25,Salaried,3,0,689663,No,Yes
44,57427,553,571819,22,0.61,Salaried,5,1,374930,Yes,No
31,115180,705,608434,7,0.51,Business,1,3,364686,Yes,Yes
29,121550,542,719716,5,0.59,Business,1,0,525521,Yes,Yes
32,156039,760,126805,6,0.18,Salaried,1,1,96173,No,Yes
55,155733,576,814870,35,0.07,Self-Employed,3,1,929652,No,Yes
24,95952,768,186412,0,0.6,Business,4,3,116972,Yes,Yes
56,84046,519,356996,35,0.3,Business,2,4,538034,Yes,Yes
48,124918,524,898982,20,0.17,Business,4,1,287113,No,Yes
33,53200,400,748035,5,0.11,Contract,0,2,881653,Yes,Yes
43,85442,806,148756,21,0.39,Salaried,1,4,785829,Yes,Yes
39,210743,630,287909,13,0.15,Self-Employed,4,2,900106,Yes,Yes
62,109070,536,574680,40,0.42,Self-Employed,2,4,591860,Yes,Yes
57,76168,638,383151,30,0.52,Salaried,4,2,293217,No,No
59,66322,805,886853,32,0.4,Business,0,1,181837,Yes,Yes
44,231056,464,713497,22,0.64,Self-Employed,0,2,503031,No,Yes
36,186768,517,588285,12,0.15,Contract,4,1,17788,Yes,Yes
53,88246,675,134970,27,0.37,Contract,5,3,717125,No,Yes
32,187964,311,434112,12,0.16,Self-Employed,5,2,744689,Yes,Yes
54,33583,731,570155,32,0.62,Contract,5,0,324480,Yes,No
27,100720,382,288538,7,0.66,Salaried,2,0,620853,No,Yes
31,204287,730,80278,10,0.31,Contract,4,2,197677,No,Yes
51,173925,777,453613,25,0.25,Contract,1,1,266385,Yes,Yes
49,155181,668,212602,23,0.23,Self-Employed,2,4,423715,No,Yes
33,77757,440,841226,11,0.61,Contract,3,3,403131,Yes,No
51,24659,755,925762,26,0.49,Self-Employed,2,2,405727,Yes,Yes
22,19238,801,703345,0,0.62,Business,4,3,607571,No,No
59,139270,702,549966,38,0.13,Business,4,1,730751,No,Yes
35,137211,587,550013,7,0.36,Contract,3,0,913884,Yes,Yes
31,33064,654,646187,4,0.49,Business,0,1,71645,No,No
54,180187,642,290671,33,0.63,Self-Employed,4,1,621848,Yes,Yes
59,181024,448,975583,36,0.3,Business,0,2,312827,No,Yes
24,154692,509,169718,0,0.25,Salaried,0,3,518301,No,Yes
31,117790,411,651856,8,0.64,Business,1,4,106010,No,Yes
49,120985,835,903473,23,0.08,Business,5,3,530697,No,Yes
22,62258,348,321592,0,0.36,Self-Employed,0,4,268313,Yes,Yes
36,153542,630,390920,7,0.35,Business,2,0,85741,Yes,Yes
59,171075,664,502822,34,0.14,Contract,5,3,895958,No,Yes
33,176643,310,169028,13,0.31,Salaried,0,4,478280,No,Yes
57,42668,487,932707,34,0.52,Business,5,3,288416,No,No
37,95259,808,987681,13,0.29,Business,1,1,678940,No,Yes
41,130192,744,365817,16,0.25,Contract,4,0,53578,Yes,Yes
64,114576,389,593719,39,0.56,Salaried,4,3,238142,No,No
39,123481,747,296740,15,0.69,Salaried,3,1,50697,Yes,Yes
27,129505,331,904087,5,0.56,Business,0,1,167051,Yes,Yes
58,181118,626,954865,37,0.6,Self-Employed,2,0,379783,No,Yes
28,220049,373,312321,2,0.66,Salaried,3,3,393747,No,No
33,226327,550,686778,13,0.57,Salaried,3,2,911657,No,No
57,23397,749,846658,33,0.69,Self-Employed,1,2,999727,No,No
22,117925,654,533626,0,0.54,Salaried,4,2,309959,No,Yes
61,101481,832,277593,35,0.48,Salaried,0,1,313554,Yes,Yes
31,171305,595,535895,10,0.5,Self-Employed,5,3,945306,Yes,Yes
44,232408,597,168254,17,0.64,Business,5,4,422533,No,No
26,78308,627,586519,0,0.49,Self-Employed,0,3,392931,Yes,Yes
46,218798,601,522768,17,0.54,Contract,4,0,839881,No,No
27,212291,811,916102,7,0.19,Contract,5,4,763459,Yes,Yes
59,19130,637,233219,35,0.64,Business,1,0,742289,Yes,No
39,142293,673,64082,16,0.34,Contract,1,3,404474,Yes,Yes
26,32071,393,835195,2,0.15,Contract,1,0,21715,No,No
63,103517,431,254383,35,0.57,Salaried,2,1,108271,No,Yes
49,128240,352,983679,27,0.28,Salaried,0,2,406336,No,Yes
63,20118,795,195205,40,0.17,Business,1,3,606336,No,Yes
59,149735,528,768237,37,0.22,Contract,1,4,837796,No,Yes
22,80408,511,426816,0,0.07,Contract,4,4,533792,Yes,Yes
39,69786,803,166315,18,0.11,Self-Employed,3,0,287612,Yes,Yes
24,99271,794,203499,4,0.44,Salaried,3,2,66012,Yes,Yes
26,37158,532,172511,6,0.61,Self-Employed,3,3,105327,No,No
57,49087,370,501048,30,0.34,Contract,0,1,331010,No,No
48,106114,488,326981,25,0.46,Business,2,0,848530,No,Yes
50,202193,307,978050,29,0.58,Contract,0,3,89401,No,No
27,37874,631,271600,0,0.28,Business,5,3,933311,No,No
29,101443,315,978252,7,0.48,Business,4,2,174979,Yes,No
45,58821,392,272104,18,0.28,Self-Employed,1,4,325742,Yes,Yes
53,133675,561,903521,28,0.47,Contract,0,2,903598,Yes,Yes
21,78582,848,503245,0,0.19,Self-Employed,3,0,732557,Yes,Yes
26,140603,460,992745,0,0.69,Contract,2,0,256144,Yes,Yes
38,171859,650,52469,14,0.1,Business,4,2,532587,Yes,Yes
30,213775,473,361211,8,0.38,Salaried,1,3,175462,Yes,Yes
48,170777,616,968978,23,0.24,Contract,2,4,769411,No,Yes
31,87381,317,622842,2,0.44,Business,0,0,639238,No,No
53,129800,785,474325,26,0.33,Salaried,0,2,165204,Yes,Yes
21,148805,666,335005,0,0.25,Contract,2,0,65808,No,Yes
33,193725,650,817423,9,0.21,Salaried,2,4,883295,No,Yes
57,100018,827,869537,35,0.17,Contract,1,1,47066,Yes,Yes
40,118592,734,548511,18,0.56,Contract,3,1,915251,Yes,Yes
21,109626,569,159655,0,0.19,Salaried,2,3,71263,Yes,Yes
23,104217,367,762972,3,0.55,Self-Employed,1,3,682442,Yes,Yes
38,181324,329,834448,15,0.37,Salaried,2,1,375116,Yes,Yes
61,222404,615,441845,33,0.1,Salaried,5,4,69723,Yes,Yes
34,90799,463,411741,9,0.16,Business,2,2,765421,No,Yes
51,80185,619,907932,26,0.63,Salaried,5,2,975355,Yes,No
47,227385,313,740956,18,0.44,Contract,3,4,918547,No,No
37,59538,578,253080,11,0.17,Contract,1,2,826936,Yes,Yes
49,38343,731,266965,23,0.51,Salaried,0,3,447989,Yes,Yes
56,229470,562,793941,31,0.59,Business,1,2,334795,Yes,Yes
57,190304,821,571848,29,0.26,Contract,1,2,584663,Yes,Yes
46,138026,471,693933,19,0.41,Self-Employed,1,3,941015,Yes,Yes
37,71106,657,646388,10,0.24,Salaried,3,0,40584,No,Yes
42,132322,312,313480,21,0.1,Self-Employed,3,1,295460,No,Yes
45,99227,531,93316,19,0.31,Business,4,2,59191,Yes,Yes
22,202151,775,228989,2,0.54,Self-Employed,5,1,156375,No,Yes
42,174100,770,346579,13,0.35,Salaried,0,1,819820,Yes,Yes
25,60135,459,166513,0,0.31,Self-Employed,3,4,85341,No,Yes
24,180138,560,930574,2,0.29,Contract,5,4,507253,Yes,Yes
56,137599,658,903180,28,0.35,Self-Employed,3,4,478425,No,Yes
26,247789,554,577056,2,0.26,Business,1,0,234986,Yes,Yes
41,101470,814,407417,15,0.45,Business,1,0,848823,No,Yes
33,38910,579,245149,7,0.09,Business,5,1,907268,No,No
57,156213,416,816271,29,0.57,Contract,2,1,83626,Yes,Yes
45,63950,461,77634,24,0.16,Business,2,1,133049,No,Yes
46,204795,597,367072,23,0.46,Contract,2,1,20087,Yes,Yes
59,34225,596,754956,32,0.34,Business,5,3,285705,Yes,No
40,249322,657,518341,16,0.55,Business,3,1,651917,Yes,Yes
53,236195,817,234605,29,0.59,Business,2,4,698610,Yes,Yes
34,50959,677,273402,12,0.18,Contract,0,1,940211,Yes,Yes
56,67192,725,348588,32,0.49,Business,5,4,784794,Yes,Yes
37,97711,836,824088,11,0.17,Contract,2,4,663388,No,Yes
41,159123,468,515837,18,0.13,Contract,4,1,628530,No,Yes
36,220500,814,700774,9,0.65,Contract,4,1,670980,No,Yes
36,21449,663,68211,11,0.16,Self-Employed,1,2,204388,No,Yes
40,190167,729,990173,15,0.2,Business,3,4,10292,Yes,Yes
49,122213,382,104711,24,0.13,Contract,5,1,124155,No,Yes
48,227001,629,269763,25,0.36,Self-Employed,4,1,986305,No,Yes
28,178262,432,939424,6,0.65,Salaried,0,2,833192,No,Yes
44,118245,756,120047,15,0.22,Contract,1,3,611051,Yes,Yes
23,115069,652,396136,0,0.4,Contract,4,4,494158,No,Yes
45,175213,643,925122,20,0.32,Business,2,4,561286,No,Yes
39,41908,393,930733,18,0.27,Contract,4,2,128379,No,No
53,122847,681,818304,24,0.42,Salaried,4,3,313607,Yes,Yes
22,138910,594,948202,0,0.41,Contract,1,0,413921,Yes,Yes
35,181394,497,476669,12,0.28,Contract,3,2,234521,Yes,Yes
42,199782,378,956078,19,0.6,Business,2,1,83529,No,No
30,32012,850,869884,1,0.08,Contract,2,1,501622,Yes,Yes
38,183961,513,753129,11,0.11,Salaried,2,1,15634,No,Yes
42,35412,458,178013,20,0.69,Self-Employed,2,0,285140,Yes,No
47,245222,500,798409,18,0.54,Business,3,1,233030,Yes,Yes
33,128030,321,274895,7,0.57,Self-Employed,2,0,462491,Yes,Yes
53,42657,638,58532,27,0.44,Salaried,3,2,351965,Yes,No
25,23656,541,849323,4,0.32,Contract,1,0,38972,Yes,No
46,158039,537,899678,24,0.46,Self-Employed,0,1,931256,No,Yes
33,234030,448,345645,10,0.11,Business,3,4,734319,No,Yes
47,164836,306,837928,26,0.54,Self-Employed,2,1,386489,Yes,Yes
34,33873,532,851586,6,0.4,Contract,1,0,498992,Yes,No
44,112485,376,569989,15,0.67,Self-Employed,1,0,901717,Yes,Yes
23,127383,788,126682,0,0.46,Salaried,4,3,342253,No,Yes
50,200102,386,632763,30,0.15,Contract,4,3,711957,No,Yes
55,216879,521,710810,35,0.36,Contract,0,3,456942,No,Yes
34,19607,712,742763,7,0.09,Contract,0,1,419473,Yes,Yes
32,168595,501,572678,7,0.53,Salaried,4,0,225087,Yes,Yes
48,66447,575,264724,19,0.38,Business,5,3,574959,Yes,Yes
64,67757,520,883223,38,0.29,Salaried,4,4,855624,Yes,Yes
49,242598,456,601577,24,0.68,Contract,1,2,183124,Yes,Yes
63,87201,480,761039,40,0.66,Contract,3,2,920509,No,No
37,146765,428,466325,15,0.67,Self-Employed,4,3,500927,No,No
60,230916,542,879871,33,0.19,Salaried,2,3,348472,Yes,Yes
41,220460,471,991919,18,0.52,Business,3,3,378746,Yes,Yes
43,23462,802,919771,16,0.66,Contract,5,2,328991,No,No
40,134832,779,846613,18,0.42,Salaried,3,3,293827,Yes,Yes
31,180867,569,410396,10,0.19,Contract,2,4,61979,No,Yes
54,218878,720,775606,28,0.58,Business,2,4,217118,Yes,Yes
30,66465,462,812343,10,0.62,Business,2,4,18404,Yes,No
30,210181,323,340539,8,0.51,Self-Employed,1,4,747636,Yes,Yes
63,108027,796,653324,40,0.24,Self-Employed,4,0,34084,No,Yes
26,68528,492,477425,2,0.17,Self-Employed,5,3,245416,No,Yes
56,54230,689,347302,35,0.46,Business,4,1,555488,Yes,Yes
44,66242,796,116920,15,0.36,Salaried,1,0,522967,Yes,Yes
32,214955,428,986044,8,0.48,Salaried,3,1,397062,Yes,Yes
63,132688,842,685728,40,0.12,Business,1,1,658093,No,Yes
43,247438,335,971900,15,0.14,Business,4,0,400944,Yes,Yes
47,19783,756,968895,18,0.29,Salaried,0,3,918225,Yes,Yes
65,46390,660,499790,37,0.22,Contract,1,0,122416,Yes,Yes
57,157489,514,563339,30,0.45,Salaried,0,2,589315,Yes,Yes
26,90102,586,955920,2,0.29,Business,0,4,846763,Yes,Yes
21,35426,668,590940,0,0.49,Salaried,5,0,787305,No,No
26,48750,768,660125,0,0.55,Salaried,2,0,834104,No,No
42,76188,485,321860,21,0.17,Business,2,2,142992,Yes,Yes
61,28872,773,65568,39,0.65,Contract,2,4,838478,No,Yes
44,112231,360,976173,23,0.56,Business,0,1,758962,No,No
45,147860,561,250879,16,0.46,Self-Employed,4,2,365759,No,No
35,197158,410,885822,15,0.64,Self-Employed,2,3,463098,No,Yes
46,84770,440,129792,24,0.22,Salaried,5,0,279350,No,Yes
28,249360,834,796081,5,0.32,Business,2,0,649123,Yes,Yes
44,243440,378,990890,16,0.11,Contract,3,2,527964,No,Yes
58,142158,793,966921,37,0.35,Salaried,5,0,626613,No,Yes
26,101514,330,860584,0,0.38,Business,0,4,552742,No,No
55,237249,815,981938,35,0.45,Salaried,0,4,76443,Yes,Yes
62,110663,808,734360,34,0.09,Salaried,2,2,422933,No,Yes
21,183792,365,602261,0,0.07,Business,3,2,713191,No,Yes
56,167151,809,161036,29,0.32,Contract,3,2,809841,Yes,Yes
32,166410,670,432617,10,0.17,Contract,1,3,384240,Yes,Yes
58,152363,586,87861,31,0.54,Self-Employed,1,0,629014,No,Yes
31,223156,475,711798,3,0.48,Contract,2,1,319042,No,Yes
32,130808,422,718089,6,0.26,Self-Employed,5,1,405533,No,Yes
62,128091,530,538218,39,0.08,Business,0,1,835059,Yes,Yes
59,117272,303,469623,34,0.17,Salaried,5,2,128799,No,Yes
27,67393,711,800458,2,0.5,Salaried,3,3,431613,Yes,Yes
31,111558,549,662382,10,0.69,Contract,3,3,746918,Yes,Yes
56,87770,786,403410,35,0.26,Salaried,3,1,537633,Yes,Yes
51,44720,644,616999,27,0.57,Business,0,1,714732,Yes,No
53,31368,632,176478,33,0.61,Contract,1,3,523926,Yes,No
33,203385,752,404741,9,0.08,Contract,2,2,507219,Yes,Yes
38,65969,457,530581,9,0.65,Self-Employed,1,2,169000,No,No
61,66838,569,150637,39,0.35,Business,3,1,418096,Yes,Yes
44,26734,717,676978,22,0.68,Self-Employed,5,4,274754,Yes,No
29,125187,739,128191,2,0.4,Contract,5,2,73447,Yes,Yes
51,117329,328,922933,29,0.2,Self-Employed,3,4,124454,Yes,Yes
61,161269,634,236922,39,0.68,Business,0,0,997953,Yes,Yes
30,86895,537,918284,10,0.21,Self-Employed,0,2,800164,Yes,Yes
22,138424,452,254967,0,0.62,Contract,0,4,434934,Yes,Yes
58,205903,414,195244,29,0.16,Self-Employed,2,0,207182,Yes,Yes
35,119255,698,512294,6,0.49,Contract,4,0,696201,No,Yes
23,76073,331,832249,0,0.32,Contract,5,1,623743,No,No
63,221997,831,694862,36,0.68,Self-Employed,4,4,602410,No,Yes
51,229560,352,196601,29,0.17,Salaried,5,1,959456,Yes,Yes
26,243683,494,910022,1,0.32,Business,2,0,367364,Yes,Yes
23,233547,604,155218,2,0.47,Contract,5,2,923561,No,No
31,199374,644,614569,9,0.69,Salaried,2,2,289826,No,Yes
35,33624,381,385949,12,0.25,Business,2,2,414704,Yes,No
65,216343,300,913058,37,0.31,Salaried,1,4,18249,Yes,Yes
48,42315,466,509860,25,0.35,Self-Employed,5,3,588298,Yes,No
30,35422,616,632523,4,0.21,Contract,2,1,880639,Yes,No
58,188209,482,923108,31,0.58,Salaried,1,3,552195,Yes,Yes
27,90663,572,509976,3,0.11,Salaried,5,3,982038,Yes,Yes
35,119216,672,849308,14,0.51,Business,0,0,475886,Yes,Yes
38,197304,661,893112,11,0.4,Business,5,1,261110,No,Yes
38,227214,500,458313,14,0.21,Contract,3,0,684190,Yes,Yes
61,50743,491,779652,37,0.37,Salaried,4,3,910161,No,No
44,248618,640,708219,18,0.59,Contract,3,0,702204,No,No
22,164708,598,337021,0,0.34,Business,4,0,399569,Yes,Yes
60,239956,805,982132,38,0.13,Contract,0,4,783328,No,Yes
40,28108,439,914549,14,0.08,Self-Employed,4,1,418033,Yes,No
54,222706,605,713660,34,0.56,Contract,0,1,340158,Yes,Yes
63,54180,495,576700,40,0.26,Self-Employed,5,3,732989,No,No
46,36883,360,413095,23,0.66,Contract,3,2,18024,No,No
27,62400,659,929269,2,0.45,Contract,1,0,708351,No,Yes
58,195071,606,784701,33,0.33,Self-Employed,5,1,806362,No,Yes
50,65951,779,970842,21,0.42,Business,5,2,705851,No,Yes
62,156232,632,371628,35,0.35,Contract,4,1,926104,Yes,Yes
25,73262,382,842236,5,0.64,Business,5,3,191318,Yes,No
31,169001,633,958351,5,0.35,Salaried,2,0,261658,Yes,Yes
21,101133,816,627963,0,0.12,Business,1,4,376194,Yes,Yes
54,160195,773,406989,29,0.44,Salaried,1,3,96583,Yes,Yes
21,133106,693,834751,0,0.45,Business,0,3,429971,No,Yes
39,177429,679,660021,11,0.55,Business,3,3,794764,Yes,Yes
22,88496,320,62392,0,0.66,Salaried,2,2,761908,Yes,Yes
41,182628,476,912416,14,0.34,Self-Employed,3,3,424580,No,Yes
40,232863,662,725389,18,0.28,Business,3,4,902193,Yes,Yes
43,79934,321,639551,18,0.37,Salaried,1,0,762975,No,Yes
41,96886,847,601385,20,0.64,Business,2,1,236920,Yes,Yes
44,48881,549,505740,16,0.69,Business,4,2,424766,Yes,No
24,36409,372,151721,3,0.68,Business,2,3,597805,Yes,No
32,204488,390,721755,8,0.2,Business,0,1,435589,Yes,Yes
42,116171,475,990497,17,0.37,Contract,5,3,197437,No,No
40,217054,425,112088,17,0.22,Business,1,0,176735,No,Yes
38,179729,503,372754,12,0.29,Salaried,2,4,109909,No,Yes
21,235815,545,790425,0,0.07,Business,0,4,535856,No,Yes
50,66951,570,329402,24,0.15,Salaried,4,2,779073,No,Yes
53,26752,343,273617,27,0.31,Salaried,3,1,751134,Yes,No
44,135339,847,188375,15,0.29,Self-Employed,3,1,250403,Yes,Yes
34,162512,467,820931,5,0.23,Salaried,0,4,693467,Yes,Yes
56,62864,734,848609,28,0.2,Salaried,1,0,114444,No,Yes
25,198763,329,981251,4,0.54,Self-Employed,3,2,578190,Yes,Yes
31,90035,656,409462,7,0.24,Business,1,3,178023,Yes,Yes
44,104675,790,303470,15,0.51,Contract,1,2,72503,No,Yes
51,229375,547,71823,23,0.29,Self-Employed,3,4,303407,Yes,Yes
33,40343,552,260790,12,0.57,Contract,4,3,934136,Yes,No
36,242320,681,155312,14,0.16,Business,5,2,333680,Yes,Yes
44,37673,835,128812,18,0.15,Business,2,0,41343,No,Yes
33,209026,718,518523,5,0.49,Contract,5,1,752125,Yes,Yes
44,203770,422,586251,22,0.64,Contract,3,3,846107,No,No
46,113024,593,468144,17,0.14,Salaried,2,2,151582,Yes,Yes
22,44520,442,418610,0,0.1,Business,1,0,621514,Yes,No
36,33784,810,916817,9,0.66,Self-Employed,4,2,137675,No,No
58,135446,356,928050,35,0.13,Self-Employed,1,3,760151,No,Yes
21,56079,341,774383,0,0.21,Business,4,0,353811,Yes,No
31,62220,420,306803,4,0.65,Contract,5,1,939818,No,No
55,169563,642,666429,27,0.57,Contract,5,0,611188,No,No
63,130878,631,846470,40,0.27,Self-Employed,5,2,672969,Yes,Yes
49,134583,755,417985,29,0.67,Contract,0,2,215492,No,Yes
57,66720,736,414478,33,0.42,Self-Employed,5,2,522973,No,Yes
37,249876,640,839870,8,0.1,Salaried,4,2,897802,Yes,Yes
59,32718,640,609439,37,0.51,Salaried,4,2,682294,No,No
62,184669,715,842599,37,0.4,Salaried,5,4,615582,Yes,Yes
48,79217,481,587460,28,0.42,Business,1,0,94242,Yes,Yes
49,247423,563,756663,26,0.7,Contract,5,0,768388,No,No
63,118668,509,938219,38,0.15,Salaried,5,0,59165,No,Yes
23,175904,822,787853,2,0.48,Self-Employed,3,0,291926,No,Yes
30,203890,481,211432,3,0.35,Salaried,3,3,138901,No,Yes
62,246470,743,640598,39,0.23,Contract,2,2,143025,Yes,Yes
34,161936,550,503925,13,0.5,Self-Employed,0,4,127463,No,Yes
32,106378,437,138950,12,0.48,Salaried,4,3,585100,No,No
62,26177,517,660546,35,0.61,Contract,2,0,686632,Yes,No
50,195187,753,359589,21,0.62,Self-Employed,5,0,601272,Yes,Yes
52,140318,386,664229,32,0.42,Salaried,4,4,865857,Yes,Yes
52,205282,592,479914,26,0.26,Salaried,4,0,178046,Yes,Yes
62,201026,391,208328,36,0.39,Contract,0,0,775518,Yes,Yes
52,129145,507,543740,27,0.28,Salaried,0,0,490937,No,Yes
46,160916,503,346351,19,0.23,Contract,2,0,510034,Yes,Yes
21,223202,485,695222,0,0.41,Salaried,3,3,502387,No,No
62,31418,384,965615,40,0.48,Self-Employed,4,3,337105,No,No
22,183926,455,942160,2,0.43,Salaried,1,3,976165,No,No
37,237716,592,417148,17,0.67,Business,2,0,695723,Yes,Yes
50,225027,832,992655,25,0.24,Salaried,4,1,648815,Yes,Yes
59,106075,460,269331,33,0.29,Contract,0,3,289398,No,Yes
27,193022,685,104236,0,0.48,Salaried,5,2,673768,No,Yes
47,83227,784,874710,19,0.44,Business,0,2,436496,Yes,Yes
29,161907,802,388853,0,0.05,Self-Employed,0,1,904891,Yes,Yes
42,35533,455,754581,18,0.25,Business,0,4,942246,Yes,No
54,244123,442,684548,34,0.21,Self-Employed,5,2,140820,No,Yes
21,119457,583,521882,0,0.6,Business,3,4,560511,Yes,No
29,125504,334,359494,5,0.61,Business,3,2,313714,Yes,Yes
40,236930,523,208024,15,0.23,Business,4,1,170842,Yes,Yes
39,159295,692,961517,11,0.12,Self-Employed,4,3,871838,Yes,Yes
56,142202,707,698085,35,0.18,Salaried,2,4,524500,Yes,Yes
60,28273,687,847369,38,0.16,Contract,0,4,604661,Yes,Yes
65,51519,596,613784,39,0.2,Salaried,0,1,764563,Yes,Yes
24,173232,622,167221,2,0.2,Business,5,4,823995,No,Yes
29,145024,787,860226,8,0.36,Self-Employed,1,2,725337,Yes,Yes
61,223457,338,174717,35,0.26,Self-Employed,1,3,955096,Yes,Yes
42,142540,804,764080,15,0.41,Salaried,0,0,49968,Yes,Yes
38,240264,802,730345,10,0.27,Self-Employed,1,1,52171,No,Yes
32,198060,836,855823,11,0.58,Self-Employed,1,4,935637,No,Yes
62,159420,615,122406,40,0.67,Business,0,4,824637,No,Yes
63,101460,795,923486,37,0.31,Self-Employed,3,4,76330,No,Yes
59,122471,416,545762,36,0.08,Self-Employed,3,4,781946,Yes,Yes
29,122668,641,858425,5,0.21,Business,4,1,798507,Yes,Yes
26,85519,539,354783,6,0.12,Salaried,3,2,622781,No,Yes
39,108426,744,866152,14,0.27,Contract,0,2,647985,Yes,Yes
27,32629,786,190978,0,0.47,Contract,1,3,826540,Yes,Yes
36,67056,710,638108,9,0.39,Contract,0,3,424303,Yes,Yes
25,29273,597,657405,5,0.21,Salaried,2,0,499598,Yes,No
36,138484,351,899670,15,0.55,Self-Employed,1,2,890184,Yes,Yes
21,115275,603,802185,0,0.14,Business,0,1,829835,Yes,Yes
57,189488,587,966246,36,0.2,Salaried,4,2,662437,No,Yes
59,156966,417,156390,31,0.49,Contract,4,2,584202,No,No
39,64073,723,913376,14,0.18,Self-Employed,1,3,885406,No,Yes
57,63693,508,405212,33,0.49,Contract,3,4,833834,No,No
37,200538,426,577481,11,0.69,Contract,4,4,674265,Yes,Yes
46,42343,592,877418,17,0.59,Contract,5,2,599946,Yes,No
42,61095,818,55220,15,0.15,Salaried,2,2,130920,No,Yes
28,180246,521,724717,0,0.39,Self-Employed,5,2,235851,Yes,Yes
53,199873,376,89299,28,0.32,Contract,5,2,552026,No,Yes
22,140388,637,724909,0,0.69,Salaried,5,3,968535,No,No
50,221508,574,853906,24,0.68,Business,1,2,315044,Yes,Yes
40,132441,416,107593,19,0.13,Business,2,2,661719,Yes,Yes
38,218408,591,705501,11,0.64,Salaried,1,0,346164,No,Yes
63,118782,570,918618,40,0.18,Business,3,0,628391,No,Yes
30,191998,746,942455,10,0.26,Contract,0,2,92541,Yes,Yes
44,90590,456,594982,22,0.28,Salaried,5,4,916365,No,Yes
24,187899,483,419135,0,0.24,Salaried,1,1,196927,No,Yes
57,126263,723,197935,34,0.6,Business,0,0,925350,Yes,Yes
24,193847,315,314834,0,0.26,Self-Employed,1,2,533515,No,Yes
33,190273,397,164153,4,0.58,Business,3,0,942852,No,No
45,47373,599,357200,23,0.7,Contract,2,2,401639,No,No
33,45525,721,826047,10,0.6,Self-Employed,0,4,454684,Yes,Yes
38,145716,606,988824,16,0.27,Self-Employed,2,4,781957,No,Yes
44,122513,573,642251,22,0.51,Contract,1,0,484342,No,Yes
22,221723,560,992923,1,0.4,Self-Employed,5,1,112714,No,Yes
53,147401,538,615120,28,0.56,Salaried,1,1,651924,Yes,Yes
39,114643,631,741343,10,0.15,Self-Employed,3,1,696606,Yes,Yes
29,179558,414,72365,4,0.46,Self-Employed,1,1,576807,Yes,Yes
48,227676,567,971415,19,0.55,Business,3,3,535130,No,No
55,167712,311,791357,32,0.54,Salaried,1,2,588487,No,Yes
59,115694,372,167037,32,0.68,Contract,5,4,99040,Yes,Yes
30,210527,705,968153,5,0.09,Salaried,2,1,582167,Yes,Yes
21,54136,477,862901,0,0.27,Self-Employed,1,3,517497,Yes,Yes
62,211497,558,822904,37,0.36,Business,0,2,584935,No,Yes
41,74539,699,929794,13,0.25,Contract,4,3,859526,No,Yes
29,230736,569,833637,7,0.25,Contract,0,0,622197,No,Yes
35,174014,785,917471,13,0.16,Self-Employed,0,0,789226,No,Yes
55,86363,358,355490,34,0.58,Salaried,3,1,414649,No,No
25,207668,565,661786,0,0.64,Business,1,0,170882,Yes,Yes
61,99526,374,484100,36,0.1,Salaried,2,2,592278,No,Yes
42,53255,389,936090,16,0.15,Salaried,1,1,293642,Yes,Yes
61,211201,804,985181,35,0.2,Contract,4,3,837390,Yes,Yes
43,234595,656,110390,19,0.38,Salaried,1,4,905347,Yes,Yes
27,136209,453,921610,2,0.56,Salaried,4,4,602023,No,No
43,211358,517,511465,17,0.1,Contract,4,4,697386,Yes,Yes
64,104437,785,112635,40,0.46,Contract,0,2,888052,No,Yes
45,165349,839,910563,16,0.15,Salaried,4,1,741774,Yes,Yes
47,150715,429,915747,21,0.68,Contract,4,0,559228,Yes,Yes
61,133900,365,113734,40,0.63,Business,5,1,721170,No,No
26,41729,443,586452,1,0.67,Business,2,3,581349,No,No
54,235695,679,103184,27,0.12,Salaried,5,4,119103,Yes,Yes
29,39818,612,510298,9,0.37,Self-Employed,3,1,91637,Yes,No
53,83555,706,141964,33,0.16,Contract,1,1,741029,No,Yes
26,116979,706,271996,1,0.44,Self-Employed,2,0,643767,Yes,Yes
57,71629,576,151678,33,0.2,Contract,3,3,904255,No,Yes
51,133296,708,927473,29,0.55,Contract,0,4,769984,No,Yes
54,73438,613,128709,25,0.47,Salaried,2,0,218156,Yes,Yes
61,27457,848,603868,32,0.42,Business,2,4,524761,No,No
49,208701,548,537403,23,0.59,Self-Employed,0,0,716576,Yes,Yes
34,51922,760,762152,8,0.38,Business,4,0,454137,Yes,Yes
56,158892,698,466534,30,0.23,Business,0,4,309526,No,Yes
56,181822,750,719987,31,0.45,Self-Employed,1,3,204730,Yes,Yes
35,126122,770,383758,12,0.67,Contract,0,2,347186,Yes,Yes
28,120020,733,479307,0,0.44,Self-Employed,2,2,359863,Yes,Yes
46,186862,745,835995,18,0.46,Business,0,1,411090,No,Yes
56,106405,402,254974,30,0.66,Self-Employed,1,1,43996,Yes,Yes
41,134130,627,588732,15,0.38,Salaried,4,3,923541,Yes,Yes
48,183493,545,329891,21,0.7,Contract,4,2,48352,Yes,Yes
24,86038,357,798367,0,0.15,Contract,3,1,263697,Yes,No
36,231273,404,714589,8,0.4,Self-Employed,5,2,811318,Yes,Yes
42,80325,368,163332,17,0.19,Contract,3,2,976245,Yes,Yes
32,43600,601,787200,6,0.34,Contract,1,2,983344,No,No
36,178466,452,795231,10,0.16,Business,3,1,488569,No,Yes
60,228694,836,429843,32,0.19,Business,4,1,57254,Yes,Yes
58,185243,334,904058,32,0.19,Contract,5,3,867971,Yes,Yes
62,248611,314,894236,40,0.26,Contract,4,0,352048,No,Yes
57,79526,405,491445,32,0.14,Business,3,1,975720,No,Yes
49,31149,373,344512,24,0.58,Contract,0,4,543986,No,No
38,179466,584,60944,12,0.19,Contract,4,0,971053,Yes,Yes
30,163468,849,999256,5,0.32,Business,3,2,621080,Yes,Yes
62,172396,496,345060,39,0.06,Business,3,3,685677,No,Yes
59,196270,579,332961,34,0.12,Business,1,4,496525,No,Yes
38,231777,452,313277,16,0.63,Salaried,1,4,98125,No,Yes
21,130168,590,558257,1,0.59,Business,4,0,822743,Yes,No
59,127813,441,681891,39,0.6,Contract,2,3,144470,Yes,Yes
41,109779,611,437626,17,0.32,Business,3,0,53753,Yes,Yes
21,180088,331,428945,0,0.14,Salaried,0,1,80362,No,Yes
35,152266,325,209742,13,0.12,Business,2,2,347048,No,Yes
24,50398,554,236234,3,0.44,Business,3,3,408510,No,No
40,22789,355,364981,13,0.59,Salaried,2,1,801858,Yes,No
30,234767,592,217046,2,0.64,Self-Employed,3,2,926439,No,No
43,82967,529,182181,15,0.24,Self-Employed,3,2,435755,No,Yes
61,210206,352,603043,40,0.26,Business,2,1,497777,Yes,Yes
54,219958,400,158473,27,0.12,Self-Employed,1,3,343001,Yes,Yes
53,116837,766,336946,32,0.55,Self-Employed,3,4,913804,No,Yes
54,174049,566,639059,28,0.23,Contract,4,0,170675,No,Yes
59,119967,301,356043,32,0.36,Contract,2,3,322270,No,Yes
30,149201,321,223044,10,0.65,Contract,5,4,779724,Yes,Yes
40,77683,511,439139,13,0.54,Salaried,1,4,302197,Yes,Yes
21,63331,535,774002,0,0.08,Self-Employed,0,4,484946,Yes,Yes
33,52626,828,217776,13,0.06,Business,3,0,196059,Yes,Yes
21,197575,687,814658,0,0.56,Salaried,5,0,214704,Yes,Yes
25,176621,313,911626,0,0.41,Self-Employed,3,0,517069,Yes,No
36,30342,818,683772,14,0.52,Business,5,4,733609,No,No
35,54417,521,255069,8,0.15,Salaried,4,1,514767,Yes,Yes
48,225586,702,365102,20,0.62,Contract,1,0,375047,Yes,Yes
51,201321,812,924901,30,0.55,Business,3,4,228856,No,Yes
43,70664,586,92491,23,0.63,Contract,5,3,759494,Yes,Yes
65,26833,683,582783,38,0.27,Self-Employed,1,4,656376,No,Yes
63,78658,546,639469,34,0.23,Business,3,0,525333,No,No
37,248099,390,571500,12,0.15,Contract,5,0,533330,Yes,Yes
54,178545,611,803187,25,0.65,Contract,0,0,979946,Yes,Yes
33,149809,736,753472,13,0.16,Self-Employed,5,1,197368,No,Yes
34,112965,342,849529,12,0.13,Self-Employed,4,2,575005,Yes,Yes
31,195719,373,464748,3,0.18,Self-Employed,0,1,255360,Yes,Yes
48,82054,615,212182,20,0.55,Self-Employed,0,3,654016,No,Yes
62,19299,443,753903,37,0.63,Self-Employed,5,0,442202,Yes,No
52,212353,628,559944,30,0.58,Salaried,2,2,704003,Yes,Yes
55,83875,508,614990,28,0.42,Contract,0,3,375810,Yes,Yes
51,181992,398,505564,26,0.7,Self-Employed,4,4,847264,Yes,Yes
37,203908,413,963333,17,0.09,Contract,4,2,444870,No,Yes
29,191453,474,730077,4,0.61,Salaried,5,1,118731,Yes,Yes
30,132286,570,892373,6,0.33,Business,3,0,309181,No,Yes
28,234043,362,416223,1,0.35,Contract,5,2,211662,No,Yes
41,116730,703,157304,20,0.13,Contract,0,3,329919,No,Yes
33,74298,524,395011,7,0.07,Contract,1,1,807757,Yes,Yes
25,173581,460,700580,0,0.26,Business,2,3,966147,Yes,Yes
26,139035,335,617540,6,0.16,Salaried,5,3,35743,Yes,Yes
50,191167,680,886349,23,0.36,Contract,2,0,839819,Yes,Yes
51,200596,617,159419,26,0.15,Salaried,2,2,141306,No,Yes
37,127825,755,286548,15,0.14,Contract,4,3,775376,No,Yes
31,133637,568,857831,7,0.62,Contract,4,1,158271,No,No
40,215981,643,403194,14,0.65,Contract,3,3,336197,No,No
29,90618,339,52496,1,0.68,Business,0,3,712909,Yes,Yes
22,43532,713,80985,0,0.49,Salaried,4,1,771221,Yes,Yes
57,126197,679,165950,36,0.55,Salaried,2,4,937694,No,Yes
21,148860,521,678985,0,0.59,Self-Employed,4,3,75696,Yes,No
24,78285,580,988938,0,0.48,Contract,5,1,683990,Yes,No
56,36866,524,612466,29,0.26,Business,0,0,734295,No,No
45,156665,756,869742,21,0.15,Contract,4,2,369028,No,Yes
23,27495,453,126407,1,0.2,Salaried,5,1,486073,Yes,No
29,25837,579,980894,9,0.6,Salaried,0,1,312202,No,No
42,225780,652,126682,13,0.5,Contract,3,2,376109,Yes,Yes
43,167752,338,171352,23,0.35,Salaried,4,1,842006,Yes,Yes
32,204548,788,98577,11,0.07,Contract,0,4,676535,Yes,Yes
30,48346,497,139643,6,0.22,Contract,5,0,254028,No,No
54,126621,575,626221,32,0.52,Self-Employed,5,4,726268,No,No
63,41412,471,553951,37,0.38,Business,0,3,646092,Yes,No
30,237471,807,851911,9,0.33,Business,5,0,770127,Yes,Yes
50,136833,704,388863,29,0.25,Salaried,1,3,328006,No,Yes
42,179876,570,396676,20,0.44,Salaried,3,2,922194,No,No
26,83206,430,471440,6,0.68,Self-Employed,4,1,656233,No,No
22,28934,684,231423,1,0.64,Salaried,1,1,881851,Yes,Yes
50,48723,696,197245,26,0.07,Salaried,4,0,715337,No,Yes
22,145968,595,912840,0,0.36,Contract,2,1,119729,Yes,Yes
52,169477,682,89800,23,0.26,Self-Employed,2,1,701711,Yes,Yes
62,167820,811,732784,37,0.38,Contract,0,3,465261,Yes,Yes
36,219838,694,728067,15,0.44,Contract,1,4,779278,Yes,Yes
32,195485,559,513440,5,0.18,Salaried,0,1,638189,Yes,Yes
21,171426,580,62854,0,0.56,Contract,0,3,11464,No,No
28,223562,655,939522,6,0.36,Business,0,4,702892,Yes,Yes
33,139988,719,184753,9,0.69,Business,2,1,252852,Yes,Yes
35,237747,491,989117,8,0.07,Business,5,0,374267,Yes,Yes
64,166460,727,856311,36,0.17,Self-Employed,0,0,305256,Yes,Yes
28,54523,647,842510,8,0.5,Self-Employed,5,0,675667,Yes,No
30,119150,728,164166,7,0.5,Business,5,2,695885,Yes,Yes
25,138950,691,881893,0,0.43,Business,0,0,847882,No,Yes
39,206765,640,554793,14,0.68,Contract,0,1,510736,No,Yes
58,184804,846,933324,30,0.32,Self-Employed,0,1,777687,Yes,Yes
31,59646,701,626602,11,0.32,Salaried,1,0,13700,Yes,Yes
63,170093,346,77941,39,0.64,Salaried,4,0,767171,No,No
40,242310,724,968920,11,0.4,Self-Employed,1,3,654664,Yes,Yes
40,70776,816,266100,20,0.28,Contract,3,4,411208,No,Yes
41,37116,627,304468,16,0.52,Business,5,0,870481,Yes,No
38,221081,386,206497,10,0.45,Contract,1,3,803424,No,Yes
30,130858,814,827877,7,0.25,Contract,5,1,784135,No,Yes
54,237343,464,699069,25,0.24,Self-Employed,5,0,824056,No,Yes
46,249069,522,542427,17,0.31,Business,5,3,777292,No,Yes
50,94620,596,713867,22,0.1,Self-Employed,3,3,918282,Yes,Yes
29,193843,750,765947,7,0.66,Self-Employed,2,4,570947,Yes,Yes
51,177828,642,434405,25,0.17,Contract,4,1,359546,No,Yes
62,100604,640,850005,38,0.18,Self-Employed,0,4,97600,No,Yes
24,112452,760,239923,0,0.47,Self-Employed,3,4,620838,Yes,Yes
26,151991,691,209770,6,0.52,Self-Employed,2,4,934372,Yes,Yes
34,41550,836,373638,8,0.53,Self-Employed,4,1,516588,Yes,No
24,185596,850,68318,0,0.29,Contract,3,0,350991,Yes,Yes
46,203678,720,744079,21,0.62,Business,2,4,325540,Yes,Yes
59,217891,680,408672,39,0.4,Business,0,2,765385,No,Yes
37,88227,304,811090,9,0.34,Contract,2,1,930840,Yes,Yes
39,41212,303,125529,13,0.58,Salaried,2,3,608214,Yes,No
26,58118,615,89102,1,0.21,Self-Employed,0,3,545633,No,Yes
49,46602,377,69006,26,0.61,Contract,5,1,90600,Yes,No
31,35540,830,845480,9,0.4,Salaried,5,3,190399,No,Yes
36,184901,654,465165,13,0.64,Salaried,3,1,610399,Yes,Yes
50,205381,332,256676,30,0.18,Self-Employed,2,0,251596,Yes,Yes
45,214475,438,67909,17,0.66,Contract,0,1,444899,No,Yes
60,89455,571,998839,39,0.5,Self-Employed,3,0,545020,Yes,No
31,40277,495,84184,10,0.45,Salaried,0,1,376628,Yes,No
27,137133,426,504039,5,0.32,Salaried,1,4,737009,Yes,Yes
46,208745,648,373359,26,0.67,Self-Employed,3,2,290690,Yes,Yes
42,166748,343,248402,13,0.34,Self-Employed,1,0,285460,No,Yes
45,191916,543,208713,23,0.37,Self-Employed,5,2,172720,Yes,Yes
39,213780,308,380400,16,0.56,Business,2,3,798928,No,Yes
51,27752,378,56826,23,0.24,Contract,2,0,524799,No,Yes
46,230620,489,406460,22,0.24,Contract,2,3,664192,Yes,Yes
62,223783,385,875995,37,0.55,Contract,3,4,720662,Yes,Yes
61,189742,784,102828,40,0.13,Salaried,4,4,543801,Yes,Yes
56,216675,570,677668,34,0.58,Contract,3,0,734283,No,No
43,180550,812,163766,17,0.46,Contract,3,0,599187,Yes,Yes
33,175511,319,580657,7,0.4,Salaried,4,2,656915,Yes,Yes
45,183819,788,615600,16,0.2,Salaried,3,3,924668,No,Yes
22,143332,429,421871,2,0.56,Business,5,2,143452,Yes,No
22,178882,306,288995,0,0.57,Salaried,1,0,743178,No,No
36,36302,609,186898,16,0.36,Self-Employed,4,2,812402,Yes,Yes
29,84236,772,704659,3,0.3,Business,4,0,70266,Yes,Yes
48,82467,401,969696,27,0.21,Salaried,1,1,81569,Yes,Yes
33,120350,637,961089,5,0.54,Contract,4,3,629635,No,No
55,183913,618,463136,27,0.47,Business,4,4,178572,Yes,Yes
61,193785,812,163554,33,0.18,Business,1,4,415482,Yes,Yes
33,198618,324,991187,10,0.57,Contract,0,2,92865,No,No
51,21048,729,75692,26,0.62,Contract,0,4,431485,Yes,Yes
41,182362,442,805984,20,0.09,Contract,5,1,897498,No,Yes
52,76906,448,533007,30,0.55,Self-Employed,0,1,601628,No,Yes
54,94637,354,656741,29,0.6,Business,1,2,429818,Yes,Yes
28,47778,770,583697,8,0.69,Self-Employed,2,4,289014,No,No
61,176497,662,786425,35,0.2,Self-Employed,3,4,741433,Yes,Yes
22,232460,508,589083,1,0.29,Contract,4,0,699733,Yes,Yes
58,138918,484,388860,31,0.68,Salaried,1,2,520949,No,Yes
52,108036,364,240644,28,0.11,Self-Employed,3,0,881281,Yes,Yes
60,207248,848,727095,34,0.39,Salaried,1,1,688026,No,Yes
48,161746,411,527115,21,0.38,Salaried,4,2,818084,No,Yes
57,211474,562,435555,35,0.44,Contract,2,0,160169,No,Yes
61,237803,375,618324,36,0.27,Salaried,1,1,954142,No,Yes
21,238979,595,573809,0,0.65,Self-Employed,3,4,185511,No,No
61,182125,477,103387,38,0.23,Salaried,5,2,884939,No,Yes
30,29957,300,520043,1,0.47,Self-Employed,3,0,494689,Yes,No
24,90644,447,940977,0,0.37,Contract,4,3,300247,No,No
55,202688,428,521301,35,0.22,Self-Employed,5,4,866168,Yes,Yes
30,131294,812,586309,4,0.17,Salaried,0,0,167602,Yes,Yes
31,35829,801,643938,3,0.67,Self-Employed,4,0,537131,No,No
34,23837,448,642408,5,0.41,Salaried,5,2,176556,Yes,No
58,213213,568,584028,31,0.44,Salaried,5,3,899070,Yes,Yes
32,164104,404,805152,9,0.56,Contract,4,4,113021,Yes,Yes
65,117770,765,760914,40,0.1,Salaried,0,4,415693,No,Yes
37,44352,580,801639,11,0.51,Business,2,2,851271,No,No
36,48215,706,194391,16,0.16,Self-Employed,1,2,823313,No,Yes
55,205391,657,565951,28,0.53,Business,3,2,584545,No,Yes
22,223714,502,279603,2,0.14,Business,1,3,182224,Yes,Yes
31,59247,580,398535,5,0.59,Self-Employed,1,2,910414,Yes,Yes
61,243374,556,448458,36,0.49,Contract,3,3,278285,No,No
23,147692,393,620457,0,0.3,Self-Employed,0,3,950603,Yes,Yes
49,192120,623,836220,22,0.28,Contract,3,1,65233,No,Yes
38,224604,661,794903,13,0.15,Salaried,0,2,341116,No,Yes
40,84714,650,637999,16,0.64,Business,0,2,271996,Yes,Yes
34,53319,361,996911,6,0.13,Self-Employed,4,4,673949,No,No
54,137058,486,627792,31,0.36,Salaried,2,2,641579,Yes,Yes
51,34025,841,464528,25,0.2,Self-Employed,5,3,614203,Yes,Yes
60,27780,603,391774,35,0.7,Self-Employed,4,2,348808,Yes,No
62,40706,735,164481,33,0.43,Salaried,2,0,365771,No,Yes
38,191988,512,417763,13,0.15,Self-Employed,0,4,83108,No,Yes
50,93503,705,164050,26,0.48,Salaried,5,0,839907,Yes,Yes
45,179928,433,587276,24,0.69,Business,5,3,718897,Yes,Yes
39,121166,518,390878,16,0.44,Salaried,4,0,893169,No,No
28,27179,720,771594,8,0.35,Self-Employed,1,3,662653,No,Yes
48,187695,618,771333,20,0.24,Business,3,4,328901,No,Yes
28,166659,456,268811,0,0.11,Business,3,1,632758,Yes,Yes
51,172805,487,852427,24,0.2,Salaried,3,0,772115,No,Yes
23,237378,775,940916,0,0.41,Contract,2,4,780794,No,Yes
23,117423,461,190948,0,0.54,Salaried,3,1,638891,No,No
64,141076,428,330681,40,0.62,Contract,2,3,114230,No,Yes
42,153047,603,826086,19,0.57,Salaried,2,3,487888,Yes,Yes
37,227527,388,891592,14,0.13,Business,5,1,718780,Yes,Yes
56,93138,461,662583,32,0.55,Salaried,2,4,801367,Yes,Yes
37,194535,335,536242,16,0.43,Contract,1,1,720972,Yes,Yes
34,248668,526,176097,13,0.35,Self-Employed,5,0,563275,No,Yes
29,191226,450,792416,8,0.42,Contract,0,1,479391,No,Yes
50,224748,346,448494,23,0.06,Business,1,2,484674,No,Yes
41,104706,530,739087,20,0.09,Salaried,0,0,710527,Yes,Yes
32,134905,838,60031,7,0.39,Business,1,4,973116,Yes,Yes
57,46830,464,112745,36,0.16,Self-Employed,2,0,11822,No,Yes
52,128076,365,926821,25,0.4,Self-Employed,0,3,289174,Yes,Yes
31,221198,379,922572,11,0.28,Self-Employed,5,3,595718,Yes,Yes
40,195817,439,823804,19,0.64,Salaried,3,3,650306,Yes,Yes
55,48609,699,942323,31,0.67,Contract,1,0,216212,No,No
31,35401,429,403599,6,0.69,Salaried,0,3,703441,No,No
28,176801,745,529906,0,0.63,Business,3,4,707128,Yes,Yes
24,121480,328,648730,0,0.69,Salaried,4,4,738559,Yes,No
47,136278,501,260906,20,0.51,Business,2,0,187780,Yes,Yes
64,194239,536,944433,38,0.67,Salaried,1,1,306515,No,Yes
60,243253,638,823969,40,0.47,Contract,1,1,438809,No,Yes
58,75391,698,101866,37,0.58,Self-Employed,5,4,687474,Yes,Yes
50,144543,738,903315,27,0.14,Salaried,5,0,348752,Yes,Yes
64,146886,588,513760,40,0.49,Contract,4,4,977654,No,No
47,112583,551,105237,20,0.66,Salaried,0,3,746514,No,Yes
41,207243,399,860985,18,0.4,Salaried,1,3,355514,No,Yes
40,237168,721,273626,14,0.17,Self-Employed,1,4,62140,Yes,Yes
24,155719,317,972372,0,0.39,Business,1,3,508073,Yes,Yes
31,170178,770,146441,4,0.51,Contract,1,2,535392,No,Yes
33,24015,306,185032,5,0.55,Salaried,4,2,155913,No,No
29,39506,718,571272,1,0.39,Self-Employed,2,2,257081,No,Yes
24,42067,679,977448,0,0.19,Salaried,1,1,722263,No,Yes
32,148819,807,759608,4,0.65,Salaried,4,1,868141,Yes,Yes
29,20056,413,466975,5,0.55,Self-Employed,3,0,272983,No,No
33,246327,810,461337,4,0.23,Salaried,1,1,260076,Yes,Yes
46,47328,768,226201,23,0.58,Salaried,0,4,637058,No,Yes
58,95712,392,426291,36,0.28,Contract,4,0,310281,Yes,Yes
62,70832,791,427940,37,0.25,Contract,0,0,249346,Yes,Yes
33,60771,401,396743,4,0.61,Contract,2,4,57057,Yes,Yes
59,115421,792,999063,31,0.62,Salaried,3,2,370471,Yes,Yes
48,235877,835,186832,25,0.31,Salaried,0,1,983128,Yes,Yes
39,195587,784,681695,18,0.06,Contract,1,0,824419,No,Yes
44,82538,778,259689,22,0.17,Salaried,4,2,34435,No,Yes
39,217722,466,428928,17,0.64,Self-Employed,3,3,853179,No,No
33,228050,439,819449,12,0.63,Self-Employed,4,2,75420,No,No
33,58151,393,962325,5,0.34,Salaried,5,2,123444,Yes,Yes
48,150701,480,345270,25,0.25,Salaried,3,1,848930,No,Yes
22,101463,303,80961,0,0.25,Business,5,3,411668,Yes,Yes
30,114853,688,285329,1,0.63,Self-Employed,0,0,562867,Yes,Yes
42,107432,571,477060,17,0.26,Salaried,2,4,471527,Yes,Yes
33,46155,431,850520,6,0.38,Business,5,0,153860,No,No
29,167360,811,188308,2,0.53,Self-Employed,4,1,147142,Yes,Yes
53,68588,351,940407,24,0.19,Business,1,0,706883,Yes,Yes
34,236023,589,629255,9,0.21,Contract,4,1,877233,No,Yes
40,185157,745,661972,16,0.28,Business,5,1,199806,Yes,Yes
35,29251,536,830343,9,0.48,Contract,2,0,330647,Yes,No
52,120420,790,677566,30,0.58,Salaried,5,4,406525,No,Yes
53,174646,579,807191,24,0.41,Salaried,0,4,834323,No,Yes
37,27623,343,887886,16,0.14,Self-Employed,1,0,257531,Yes,No
44,235544,658,747924,17,0.34,Business,1,3,249608,No,Yes
50,72715,825,83843,22,0.13,Business,0,2,180341,Yes,Yes
33,24123,761,201504,8,0.11,Salaried,4,4,53719,No,Yes
36,21061,400,525464,13,0.43,Self-Employed,1,1,31544,Yes,No
22,124393,760,64433,0,0.67,Salaried,4,4,299263,No,Yes
37,120035,567,733168,11,0.59,Self-Employed,4,3,868536,Yes,Yes
52,57095,661,348389,25,0.55,Business,0,0,998918,Yes,Yes
63,208690,707,132922,40,0.52,Contract,2,3,369966,Yes,Yes
28,177523,336,505438,3,0.63,Self-Employed,2,2,46958,Yes,Yes
23,99897,767,271760,0,0.54,Business,4,4,423755,Yes,Yes
32,99443,558,992406,7,0.46,Self-Employed,0,1,470210,No,No
40,136005,808,541414,11,0.29,Contract,2,1,931383,Yes,Yes
36,52814,608,695362,10,0.12,Contract,5,3,953558,Yes,Yes
34,103141,572,960839,11,0.35,Salaried,4,0,787164,No,No
36,246864,409,64702,11,0.65,Contract,1,2,479700,No,Yes
63,225940,559,675413,40,0.43,Contract,1,0,86604,Yes,Yes
53,186904,567,245283,26,0.17,Salaried,5,4,648963,Yes,Yes
50,244084,331,618473,28,0.47,Contract,3,3,658081,No,No
32,158517,476,142393,4,0.35,Salaried,3,3,315990,Yes,Yes
35,182562,403,226779,8,0.66,Self-Employed,3,1,771765,No,No
38,47767,535,527516,13,0.15,Business,2,4,587087,Yes,No
48,64057,392,648510,19,0.51,Salaried,5,1,851141,Yes,No
43,229818,500,174018,22,0.49,Self-Employed,1,0,874617,No,Yes
34,238767,334,838848,7,0.69,Contract,1,3,193630,No,Yes
50,222172,416,960668,25,0.42,Self-Employed,2,3,120583,No,Yes
53,190115,757,403409,33,0.62,Salaried,1,2,64448,Yes,Yes
65,104755,770,954369,40,0.07,Salaried,1,0,580156,No,Yes
35,45946,698,510894,11,0.13,Salaried,4,4,155085,No,Yes
27,185659,416,528524,2,0.27,Salaried,1,2,64240,Yes,Yes
35,21364,661,835290,15,0.45,Self-Employed,4,3,994115,Yes,No
62,218926,503,567220,39,0.34,Business,3,4,455470,Yes,Yes
58,205160,445,170003,32,0.18,Business,0,1,262020,No,Yes
64,95015,743,813898,40,0.43,Self-Employed,4,0,529240,No,Yes
31,156470,596,574495,6,0.42,Business,5,1,365474,Yes,Yes
49,151524,786,388526,28,0.39,Contract,1,3,313227,Yes,Yes
51,105208,530,681256,24,0.11,Self-Employed,3,2,431701,Yes,Yes
45,141208,502,756150,16,0.65,Self-Employed,0,1,445893,No,Yes
44,182265,661,333655,21,0.43,Self-Employed,0,3,912111,Yes,Yes
39,228473,694,992215,14,0.22,Business,3,1,173739,No,Yes
22,43345,547,966065,0,0.5,Self-Employed,3,0,642250,No,No
42,103895,739,753374,14,0.26,Self-Employed,0,1,313933,No,Yes
40,223407,695,939092,13,0.38,Salaried,0,0,638913,No,Yes
53,208268,655,993250,28,0.27,Salaried,1,0,256437,Yes,Yes
28,172125,700,304409,0,0.62,Business,5,4,342809,Yes,Yes
45,249500,540,711384,16,0.7,Salaried,4,2,547762,Yes,Yes
29,147022,640,735752,1,0.15,Contract,4,1,587069,No,Yes
54,232292,528,155909,33,0.07,Salaried,0,3,776743,Yes,Yes
43,154087,842,487747,15,0.19,Salaried,0,4,59761,No,Yes
25,246273,838,859191,0,0.43,Self-Employed,5,2,602498,Yes,Yes
45,157729,828,404404,24,0.16,Contract,5,4,187480,Yes,Yes
28,69116,566,111586,0,0.58,Contract,2,1,586474,Yes,Yes
36,171023,428,288074,12,0.32,Salaried,0,1,646257,No,Yes
65,115599,519,454013,37,0.45,Business,4,1,305630,Yes,Yes
35,247351,381,302007,13,0.35,Self-Employed,1,2,837482,No,Yes
21,44521,319,109727,0,0.64,Business,2,4,450666,No,No
42,72431,626,664845,22,0.07,Business,4,3,438670,Yes,Yes
23,28731,336,937517,0,0.52,Business,1,4,786607,Yes,No
58,167816,681,279819,32,0.47,Contract,5,2,75772,Yes,Yes
34,81094,338,754629,8,0.47,Business,5,0,771370,Yes,No
56,36423,408,878932,31,0.32,Business,2,0,327465,Yes,No
38,132612,728,833264,13,0.06,Contract,2,0,136123,Yes,Yes
61,166640,363,159266,34,0.5,Salaried,2,3,316832,No,Yes
38,196483,474,279942,9,0.59,Contract,2,2,491167,No,Yes
23,21934,331,856418,0,0.11,Contract,2,2,937385,No,No
30,94945,830,199392,7,0.34,Salaried,2,0,654965,Yes,Yes
59,148443,405,352838,36,0.16,Business,3,2,310343,No,Yes
21,114946,781,747972,0,0.45,Business,5,2,602093,No,Yes
47,114344,505,496939,23,0.56,Salaried,1,1,609529,Yes,Yes
47,157244,546,424244,18,0.48,Business,4,3,271540,No,No
31,45358,388,524773,3,0.26,Salaried,0,2,919261,Yes,No
25,215385,615,758902,0,0.14,Contract,4,0,58721,No,No
27,147774,310,464415,0,0.57,Business,3,4,734187,No,No
39,37763,348,383180,16,0.26,Business,3,4,388087,Yes,No
49,197745,470,341810,29,0.06,Self-Employed,2,3,465311,No,Yes
35,249794,442,186474,12,0.42,Business,3,2,377873,No,No
55,245778,506,269979,27,0.21,Self-Employed,4,1,170723,No,Yes
57,103997,762,611837,31,0.6,Business,3,2,565933,Yes,Yes
32,85975,808,720875,7,0.14,Self-Employed,4,0,700504,Yes,Yes
50,156876,500,788483,29,0.33,Salaried,2,2,400582,No,Yes
40,196666,304,964342,17,0.21,Business,2,4,455630,Yes,Yes
57,227820,510,683721,37,0.5,Salaried,3,4,319106,Yes,Yes
23,105189,328,253665,1,0.41,Self-Employed,5,3,379983,Yes,No
29,105507,489,245670,8,0.56,Self-Employed,0,0,33616,Yes,Yes
61,85525,487,304357,38,0.35,Self-Employed,2,3,903594,No,Yes
59,222476,449,324243,36,0.05,Self-Employed,1,2,729093,No,Yes
46,117248,824,688447,18,0.19,Contract,1,1,340888,Yes,Yes
22,42604,665,948314,0,0.7,Salaried,2,3,316131,Yes,No
43,134585,456,596385,21,0.31,Self-Employed,5,4,325226,Yes,Yes
43,171207,379,645007,17,0.45,Business,5,0,96182,Yes,Yes
41,245152,572,496582,14,0.64,Self-Employed,3,2,22450,Yes,No
36,186990,817,463679,10,0.06,Salaried,2,0,426416,No,Yes
29,147716,531,99094,2,0.48,Contract,3,0,21660,No,No
33,199921,459,933028,5,0.24,Salaried,4,0,674397,No,Yes
48,179919,643,66696,28,0.23,Business,0,4,890052,Yes,Yes
47,192846,588,844786,18,0.2,Contract,0,1,92944,No,Yes
37,209781,504,461128,12,0.58,Salaried,4,3,765889,Yes,Yes
58,28680,604,750708,35,0.29,Self-Employed,4,4,419414,No,No
56,131508,659,275969,36,0.09,Business,4,1,112318,No,Yes
21,113619,699,334024,0,0.11,Business,0,2,644336,Yes,Yes
38,73037,748,682349,9,0.15,Contract,2,3,78597,Yes,Yes
29,117969,405,393440,6,0.63,Salaried,1,1,879222,Yes,Yes
33,129115,381,120304,13,0.33,Business,5,2,307203,No,Yes
60,76914,641,598239,35,0.65,Contract,5,3,403907,Yes,Yes
65,175381,720,738526,40,0.58,Self-Employed,3,2,783921,No,Yes
35,125255,348,949980,7,0.59,Self-Employed,1,4,132093,Yes,Yes
63,28349,505,236854,34,0.24,Contract,3,2,451460,No,No
64,224151,517,504146,40,0.23,Salaried,0,0,150635,Yes,Yes
24,209892,735,722791,4,0.41,Self-Employed,2,4,915222,No,Yes
53,224068,621,854758,28,0.32,Self-Employed,1,2,457661,No,Yes
44,183625,530,733066,19,0.38,Contract,4,4,838531,No,Yes
56,46525,786,345151,30,0.08,Salaried,4,3,720910,Yes,Yes
61,23948,728,797830,35,0.68,Self-Employed,4,0,571623,No,No
30,32498,583,89232,1,0.09,Salaried,5,0,27998,No,No
56,168063,785,83439,33,0.17,Contract,1,2,661799,No,Yes
40,239582,575,540976,16,0.49,Salaried,2,3,348522,Yes,Yes
61,77790,732,888203,39,0.15,Salaried,2,4,647478,No,Yes
65,156732,484,467519,40,0.12,Business,4,2,252621,Yes,Yes
64,44245,515,85229,38,0.15,Self-Employed,1,1,397266,Yes,Yes
31,149310,396,798865,3,0.09,Self-Employed,4,2,497241,Yes,Yes
32,168992,418,500961,4,0.21,Self-Employed,3,1,669659,Yes,Yes
38,64659,664,363402,14,0.23,Salaried,3,0,15288,Yes,Yes
50,143983,702,332676,27,0.37,Contract,1,2,565164,Yes,Yes
64,92874,696,804751,38,0.34,Salaried,3,2,810455,Yes,Yes
57,60517,757,384456,35,0.36,Self-Employed,0,0,373465,Yes,Yes
40,144618,617,714694,17,0.45,Self-Employed,0,4,201248,Yes,Yes
45,93885,681,955501,17,0.2,Self-Employed,0,2,338584,No,Yes
32,64350,441,174945,8,0.14,Self-Employed,3,3,788102,No,Yes
41,95179,756,743252,12,0.62,Contract,2,0,616697,Yes,Yes
45,177346,800,78484,19,0.46,Business,0,4,626953,No,Yes
31,63013,622,565463,10,0.09,Salaried,4,0,275998,No,No
29,57913,567,603119,1,0.67,Contract,2,0,145171,Yes,No
45,63819,786,815815,21,0.5,Business,1,4,90532,Yes,Yes
55,100168,459,558045,31,0.15,Self-Employed,3,4,251222,Yes,Yes
52,110680,313,820444,29,0.68,Contract,4,4,566975,No,No
34,226929,454,568723,7,0.29,Contract,1,3,666263,No,Yes
21,112792,400,204737,0,0.69,Contract,3,1,227645,Yes,No
37,213982,342,341349,16,0.12,Salaried,5,0,750051,No,Yes
45,172557,492,821603,21,0.15,Business,3,2,449942,No,Yes
28,151932,610,909022,6,0.48,Business,4,1,88957,No,No
25,67875,764,748828,2,0.06,Salaried,5,2,703445,Yes,Yes
25,163991,462,178609,3,0.06,Business,3,2,219288,No,Yes
61,247945,650,836024,35,0.56,Self-Employed,3,2,53981,No,Yes
55,91947,533,509780,30,0.16,Contract,3,3,696511,No,Yes
39,27586,702,977872,18,0.65,Business,2,3,716659,No,No
43,69986,650,333579,16,0.33,Business,0,1,339779,Yes,Yes
29,107848,466,787950,5,0.62,Contract,5,4,638124,Yes,Yes
50,41055,447,688714,25,0.32,Self-Employed,4,3,453394,Yes,No
36,183962,327,480578,9,0.39,Self-Employed,2,0,725372,Yes,Yes
53,212153,558,261219,27,0.26,Business,4,1,893870,Yes,Yes
22,46807,741,456610,0,0.48,Self-Employed,2,0,382055,No,No
34,234992,826,674447,13,0.26,Salaried,3,2,537422,Yes,Yes
21,65177,510,440261,0,0.2,Contract,5,0,816039,Yes,Yes
46,243533,842,688911,19,0.1,Contract,3,3,613311,Yes,Yes
45,86625,744,670572,22,0.09,Salaried,5,0,464755,Yes,Yes
36,163314,752,430261,9,0.25,Self-Employed,5,2,54834,No,Yes
35,74317,703,890860,12,0.53,Self-Employed,5,2,384645,No,Yes
46,189050,365,748398,20,0.18,Contract,2,3,437544,No,Yes
64,34433,704,535334,39,0.24,Salaried,3,1,120775,No,Yes
36,51282,734,784493,7,0.64,Salaried,5,4,888950,Yes,Yes
34,94519,527,59880,14,0.47,Contract,0,1,975878,Yes,Yes
49,61578,775,464031,22,0.65,Business,4,4,762148,No,Yes
44,148843,767,924808,19,0.64,Contract,5,3,260510,Yes,Yes
35,126333,400,259494,14,0.09,Business,3,3,722417,No,Yes
39,219279,722,520718,15,0.67,Business,5,3,65240,Yes,Yes
28,173205,655,468656,7,0.08,Business,5,2,179090,No,Yes
54,68317,438,711874,25,0.65,Contract,1,1,663176,No,No
22,145878,430,349812,0,0.41,Salaried,2,4,535321,No,No
47,126745,848,881801,18,0.4,Salaried,5,1,643009,Yes,Yes
30,147230,767,623467,5,0.51,Salaried,2,4,469470,No,Yes
55,83950,779,835562,29,0.62,Contract,5,0,913676,Yes,Yes
43,77612,410,884501,18,0.45,Contract,3,1,922509,Yes,No
28,82873,452,776245,0,0.33,Self-Employed,2,0,884319,Yes,Yes
48,133792,541,835956,28,0.12,Contract,1,3,521500,Yes,Yes
43,235850,578,902997,21,0.56,Salaried,2,2,191291,Yes,Yes
24,211074,662,346908,0,0.13,Self-Employed,1,2,734715,Yes,Yes
34,201580,707,493709,13,0.52,Contract,2,1,255120,No,Yes
62,249792,474,469040,40,0.39,Contract,2,0,277950,Yes,Yes
49,187451,434,769904,29,0.3,Contract,1,0,386057,Yes,Yes
21,142814,805,797608,0,0.45,Self-Employed,4,4,90950,No,Yes
24,33231,593,360605,4,0.55,Self-Employed,5,1,796080,Yes,No
52,105385,794,461687,31,0.66,Business,0,1,666327,No,Yes
53,59163,718,468472,33,0.22,Self-Employed,5,0,770079,Yes,Yes
46,139880,505,607430,21,0.67,Salaried,1,0,442687,No,Yes
37,180748,617,94329,14,0.67,Salaried,0,2,922434,Yes,Yes
59,105592,372,708405,32,0.58,Contract,5,1,446155,No,No
43,124564,558,720088,19,0.62,Salaried,5,2,578141,No,No
52,234555,657,604001,23,0.5,Salaried,2,3,476536,No,Yes
35,73535,447,129374,11,0.08,Salaried,4,3,695402,Yes,Yes
33,128952,524,596947,6,0.42,Salaried,1,0,487611,No,Yes
22,240648,404,285325,0,0.54,Self-Employed,4,4,348863,No,No
39,195182,655,449568,14,0.66,Salaried,1,0,171152,Yes,Yes
44,196050,837,569135,19,0.42,Contract,5,1,591606,No,Yes
65,239890,560,400710,40,0.57,Self-Employed,3,0,470650,Yes,Yes
44,240809,369,672870,19,0.51,Business,1,2,620653,Yes,Yes
31,221441,746,616035,2,0.23,Salaried,0,0,987186,Yes,Yes
42,153824,746,253758,16,0.15,Business,3,2,555278,Yes,Yes
35,42507,556,866055,14,0.54,Business,2,3,763545,Yes,No
30,234777,830,67716,8,0.2,Contract,5,2,815214,No,Yes
61,142225,418,778961,36,0.21,Business,1,1,814363,No,Yes
47,128282,365,980068,18,0.47,Salaried,5,0,136567,Yes,Yes
29,190567,544,593819,1,0.56,Contract,0,1,221490,No,No
48,239538,356,830585,20,0.43,Contract,2,2,751601,No,Yes
21,209958,343,615048,0,0.63,Self-Employed,0,2,641462,Yes,Yes
37,88559,823,53449,10,0.19,Contract,2,2,497039,No,Yes
51,18982,723,935168,23,0.21,Business,5,2,963695,No,Yes
64,228913,835,828074,36,0.46,Salaried,1,2,881115,No,Yes
30,147128,694,345921,1,0.59,Self-Employed,4,0,880828,No,Yes
57,165218,749,57279,29,0.4,Business,2,4,723499,Yes,Yes
49,203915,556,55191,25,0.06,Contract,5,1,977378,Yes,Yes
38,94737,660,910476,13,0.49,Salaried,4,3,892583,Yes,Yes
58,100446,679,819044,34,0.58,Contract,2,3,582307,No,Yes
59,106567,742,317451,39,0.23,Self-Employed,4,1,739557,Yes,Yes
26,41636,833,709576,3,0.09,Self-Employed,1,0,682266,No,Yes
60,100850,773,510117,40,0.39,Salaried,0,1,177195,No,Yes
32,176404,456,941532,12,0.08,Business,1,2,231164,No,Yes
34,200506,388,504959,12,0.32,Salaried,2,4,403959,Yes,Yes
64,101866,501,976631,38,0.06,Business,3,1,173859,No,No
30,210343,761,659726,10,0.2,Salaried,0,0,280276,No,Yes
40,80726,780,160283,14,0.3,Self-Employed,4,2,237058,Yes,Yes
35,98901,753,836927,6,0.12,Self-Employed,0,1,83662,Yes,Yes
51,159180,769,119128,22,0.12,Contract,0,1,287875,Yes,Yes
27,86896,679,904200,7,0.59,Self-Employed,1,2,410697,No,Yes
61,191625,700,90816,33,0.08,Contract,2,0,55863,Yes,Yes
30,58880,378,986823,6,0.5,Self-Employed,5,4,859670,Yes,No
30,70077,850,769655,5,0.58,Self-Employed,5,4,156261,Yes,Yes
59,21625,685,392347,31,0.13,Contract,1,2,113844,Yes,Yes
48,56237,642,587288,26,0.18,Salaried,2,3,974351,No,Yes
50,19223,744,187791,28,0.47,Salaried,3,0,283384,No,No
57,208375,351,119981,33,0.26,Salaried,1,3,385196,No,Yes
23,83197,550,884373,0,0.36,Business,3,3,282459,No,No
63,92693,628,674959,40,0.59,Business,2,3,162924,No,Yes
35,129555,793,519528,12,0.14,Self-Employed,0,0,917683,No,Yes
41,55760,649,613611,20,0.45,Self-Employed,3,3,520498,No,No
57,228254,758,788185,29,0.66,Self-Employed,3,2,528762,Yes,Yes
32,128174,797,762680,3,0.09,Contract,2,1,683429,Yes,Yes
24,145192,424,716779,0,0.09,Business,2,2,193569,No,Yes
29,207038,503,254508,8,0.41,Business,1,1,933064,Yes,Yes
59,47024,320,600691,35,0.67,Salaried,1,4,342885,Yes,No
62,219395,661,602586,40,0.19,Business,2,3,852273,No,Yes
48,41202,660,273764,21,0.27,Contract,3,4,77016,No,Yes
43,137414,415,873797,18,0.11,Contract,4,4,759897,Yes,Yes
65,69524,354,926005,36,0.29,Contract,1,0,254818,Yes,Yes
60,192980,591,489449,31,0.08,Contract,2,3,50549,Yes,Yes
64,185139,350,122771,40,0.3,Self-Employed,4,4,564504,Yes,Yes
42,158432,553,898398,21,0.41,Contract,4,1,385602,No,No
44,116228,791,88056,15,0.68,Salaried,4,1,642347,No,Yes
46,122755,524,369109,22,0.58,Contract,4,0,575469,Yes,Yes
50,162013,768,424762,24,0.58,Business,0,4,132648,No,Yes
53,33993,402,547656,25,0.2,Contract,1,4,877537,Yes,No
36,32620,347,638525,8,0.11,Salaried,4,4,68803,Yes,No
42,141271,641,192267,17,0.44,Business,4,0,461583,Yes,Yes
63,38193,532,828351,40,0.39,Business,2,3,745769,No,No
38,69559,527,899971,13,0.39,Business,5,4,112243,Yes,Yes
