Age,Annual_Income,Monthly_Spending,Credit_Score,Savings,Loan_Amount,Years_Employed,Purchases_Per_Year,Website_Visits_Per_Month,Spending_Score
56,58024.15,1970.82,625.54,52060.97,91948.8,27,24.5,20.51,40.46
69,68954.73,1508.16,675.02,20729.64,66125.02,45,17.17,10.22,33.53
46,53063.1,2406.7,628.18,25671.36,183781.07,21,13.85,15.01,60.19
32,67568.14,1000.0,674.28,31313.65,92672.66,5,14.77,15.28,45.41
60,44440.96,1455.99,553.7,20022.53,141014.11,35,8.96,19.39,44.3
25,57463.3,1636.83,636.46,45624.16,213511.23,0,12.39,20.9,70.3
38,65697.73,1358.81,740.63,30127.15,108025.17,13,22.25,20.6,28.15
56,63413.9,1138.39,738.38,755.2,64558.3,29,5.99,11.49,32.56
36,31101.63,1152.92,562.87,38674.91,49741.62,7,13.46,9.18,59.64
40,52097.89,2242.49,572.01,53502.28,35145.94,12,15.35,19.04,44.25
28,90194.33,1450.76,798.97,40995.06,292925.05,8,19.61,32.39,47.37
28,51135.97,1000.0,604.86,72257.4,86042.24,0,18.75,12.4,57.22
41,60284.54,2735.45,635.82,12459.96,149861.27,22,16.33,13.38,48.44
53,58438.4,1000.0,662.59,20434.93,68434.88,32,13.57,15.73,23.78
57,88228.32,2597.59,747.74,57901.98,97048.88,39,15.54,16.8,40.22
41,83226.63,2472.14,714.14,94554.11,365087.99,21,24.81,22.94,35.68
20,74535.56,1585.52,692.13,59917.7,15244.3,0,22.66,17.43,66.44
39,42481.64,1469.91,604.86,52236.86,83778.09,13,28.64,18.04,38.96
19,66465.29,2924.34,667.27,56707.19,73495.05,0,15.24,11.39,36.57
41,70222.95,1931.63,681.37,95468.24,61293.51,17,13.83,18.83,34.26
61,47425.11,1777.52,628.52,7143.05,132725.63,43,17.01,27.07,57.76
47,44330.69,1508.83,648.89,28282.72,60783.02,23,16.58,19.29,41.93
55,90690.25,2563.34,783.28,115193.56,264525.02,28,22.25,18.89,66.62
19,54585.54,1000.0,639.36,50437.72,80916.24,0,19.69,22.92,65.57
38,89069.58,3315.61,752.96,114428.17,202455.45,17,22.04,13.64,66.48
50,77947.69,1918.17,794.34,43596.53,277623.05,26,23.17,21.06,47.59
29,67341.78,1345.7,746.42,36797.98,93851.6,4,22.77,17.96,40.01
39,68145.57,3005.83,729.11,72413.27,6282.32,19,22.94,19.65,49.51
61,34792.45,1331.97,524.67,15626.67,56750.36,34,2.17,3.7,6.87
42,63721.95,2840.45,695.98,82610.58,111928.17,23,17.53,11.72,57.46
66,85506.37,1799.1,726.12,104394.45,212199.8,42,13.93,23.26,48.86
44,72264.11,2916.56,673.75,63639.97,331864.4,22,22.5,17.64,44.39
59,62778.06,2056.44,672.15,87506.6,34131.35,37,4.87,5.27,36.94
45,90814.87,4106.36,819.56,47836.35,288314.68,23,26.43,23.21,67.17
33,56669.27,2495.94,709.98,73980.41,45706.34,9,11.34,13.98,55.46
32,48848.0,2194.85,618.67,18857.62,35188.38,6,9.42,19.66,66.69
64,62768.97,2775.99,692.11,5441.73,145959.15,36,18.06,18.49,37.13
68,73796.41,1000.0,702.42,56213.22,279401.29,43,15.51,18.63,30.73
61,29079.71,1081.85,576.44,17824.78,29692.27,38,21.8,11.03,53.94
69,65127.64,1404.44,740.27,75003.31,82758.48,45,23.33,22.85,58.51
20,74586.21,2685.17,720.92,56966.48,180173.36,0,14.9,11.64,56.57
54,55146.45,2491.9,586.37,81781.16,188780.25,26,20.73,15.8,44.99
68,79925.37,1103.93,746.02,21235.6,263486.14,45,15.27,9.74,81.26
24,71541.36,2246.37,796.36,91542.06,107835.32,6,14.38,13.39,76.74
38,98544.9,3646.01,764.13,104764.49,316922.65,17,23.43,23.31,44.77
26,46489.15,1000.0,709.15,41959.28,74802.98,1,21.93,22.51,47.65
56,74952.78,1499.36,752.64,44675.49,145189.77,32,15.29,16.7,38.59
35,41688.17,1000.0,678.0,44969.69,33578.67,15,12.34,10.53,66.43
21,30923.4,1000.0,632.17,31386.77,29116.72,0,14.6,11.59,63.59
42,23360.44,1000.0,578.08,33161.98,55216.15,22,7.87,8.42,55.76
31,69689.83,2044.72,681.47,38421.18,176143.3,3,24.8,22.89,53.37
67,63316.46,1000.0,697.85,32418.09,68563.46,45,11.81,5.42,55.21
26,51377.08,2302.83,664.62,17670.18,180991.13,0,11.97,12.09,55.26
43,28076.92,1000.0,627.95,19823.27,51044.3,25,21.64,18.29,50.1
19,47573.04,1412.08,541.42,52560.93,138736.73,0,15.83,17.85,58.06
37,60073.67,1297.04,615.88,50874.7,114519.66,19,25.73,37.16,73.91
45,74277.05,2557.85,733.46,83323.94,160398.13,22,16.33,16.37,59.35
64,59702.36,1471.0,694.08,47447.8,70265.28,45,28.57,25.06,40.12
24,64537.09,2317.94,654.59,84945.29,259015.92,2,19.53,21.97,44.02
61,53229.62,1876.47,675.77,24001.87,162449.73,40,11.56,12.08,54.58
25,91486.04,1426.4,804.98,23634.51,306277.64,3,15.31,17.87,44.39
64,41671.51,1783.9,616.25,44475.15,94475.12,40,6.88,16.35,47.53
52,47413.71,1362.31,706.57,39836.43,142385.88,29,8.0,9.14,38.13
31,51137.55,1309.03,726.15,33894.66,1000.0,2,11.82,20.89,59.9
34,69768.68,3094.15,714.79,27427.15,180450.86,8,12.02,14.38,37.1
53,41300.52,1119.53,661.74,20352.13,106805.17,30,1.24,9.85,46.24
67,62442.93,2281.71,610.99,62052.21,59084.65,41,20.45,24.46,42.82
57,62968.38,2162.2,737.21,60565.09,153401.58,36,20.17,25.74,48.87
21,47501.56,1000.0,708.47,35320.78,9242.7,3,16.29,22.09,54.86
19,65939.63,3002.76,652.13,55192.86,218903.02,1,10.92,19.6,65.07
23,41859.35,1170.11,653.33,30621.51,203123.4,0,22.42,21.55,54.54
59,39892.67,1023.62,535.37,19787.14,83557.76,35,13.1,10.66,58.2
21,61792.9,2666.6,649.97,60958.04,70427.02,1,12.01,13.92,41.0
46,30124.4,1000.0,566.96,13215.88,109683.71,27,14.18,9.54,29.03
35,21393.55,1000.0,497.82,5526.28,90594.33,12,13.02,12.46,55.51
43,69591.0,2832.92,698.06,54176.35,257786.44,20,4.45,5.15,41.64
61,78881.46,1605.22,722.97,17623.0,57906.99,37,17.73,9.94,35.37
51,51597.54,1000.0,682.55,77758.36,203995.2,29,15.76,20.64,36.29
27,47974.73,1000.0,575.8,48185.81,69991.18,2,12.9,20.71,40.38
53,78099.63,3311.77,762.35,47501.68,255680.84,29,11.2,9.2,50.27
31,39380.31,1000.0,582.63,27163.2,112866.23,12,7.48,13.43,44.04
48,35459.29,1000.0,548.84,31722.69,170522.58,30,16.12,29.57,32.03
65,72737.46,1602.18,709.37,72047.86,205517.36,39,21.08,25.72,41.78
32,60162.69,1362.86,714.36,12728.13,121866.75,10,13.78,9.51,41.68
25,79167.78,2752.56,715.71,56342.78,295107.28,0,19.83,23.36,41.37
31,21475.21,1000.0,587.55,40205.08,1000.0,3,9.86,11.05,60.92
40,34787.87,1000.0,616.91,16216.95,57892.59,18,9.21,15.81,46.57
57,60257.98,1572.02,821.83,35157.88,244195.73,28,17.1,28.53,75.55
38,67518.13,2579.52,688.49,66477.01,130743.84,11,11.01,12.37,57.84
33,75245.95,2024.96,718.25,86872.6,225537.74,12,26.99,30.95,65.6
62,63146.72,2738.55,739.3,62956.37,82621.91,43,9.13,7.62,46.17
35,62963.79,1843.2,686.56,24331.0,70810.16,13,17.72,14.99,68.67
64,52990.77,1276.61,670.27,18656.06,145734.07,45,16.05,6.36,61.81
41,88636.29,3978.51,686.86,48003.87,242449.39,12,19.17,26.55,54.24
43,40145.58,1071.6,614.95,41060.7,63829.88,19,21.43,11.7,19.05
42,66462.36,1342.93,667.66,36743.37,116744.72,14,3.22,1.59,20.62
62,42219.44,1000.0,605.08,34768.6,64885.18,36,16.28,17.53,38.45
58,69626.01,3180.01,720.42,102743.0,236399.93,32,15.6,26.17,50.31
46,41333.68,1554.13,621.53,39241.76,71957.0,18,17.05,7.42,32.84
32,73388.68,1917.06,754.91,30124.27,250829.06,9,17.61,19.18,57.33
62,62017.89,2483.53,728.98,34832.24,69624.75,44,15.83,8.96,48.33
18,91403.51,2808.54,766.24,62091.47,299281.38,0,13.1,22.56,50.96
42,54941.65,1268.03,678.3,45140.45,132663.28,20,12.13,14.34,49.24
24,67649.39,2521.94,611.43,30892.21,133170.69,3,32.42,35.47,30.56
26,45966.19,1717.44,652.05,42885.88,7439.63,0,17.56,13.48,72.22
41,54817.93,1599.17,711.84,17848.27,194630.92,18,20.74,17.24,47.75
18,61903.49,1000.0,644.77,59234.5,298372.0,0,14.43,10.43,55.16
61,32510.04,1000.0,631.53,32786.65,75851.19,38,8.97,18.52,45.72
25,34482.77,1337.64,583.11,16376.72,75609.99,6,17.33,24.24,45.88
41,70797.47,2828.3,686.44,25590.64,99063.5,17,7.56,7.02,48.04
28,57370.44,2014.26,736.2,29625.13,97929.21,7,12.48,18.62,38.74
68,49327.32,1996.23,646.5,45436.5,78306.13,39,13.16,13.7,43.95
34,46734.25,1705.0,679.21,56747.63,30087.91,8,19.4,8.86,53.5
25,47427.2,2010.81,554.41,48253.78,90970.72,0,16.81,19.28,49.45
52,62025.91,1086.28,658.64,64498.59,110561.65,33,13.84,18.97,48.45
52,68010.65,1729.15,736.05,32338.5,195592.41,30,18.65,23.56,57.31
50,22342.07,1000.0,572.62,17081.52,16640.12,29,10.72,12.86,60.63
22,85431.01,1915.54,748.02,80245.29,128853.61,0,23.89,20.02,80.49
59,84150.61,3086.55,779.63,42007.52,169928.26,38,19.6,16.23,56.76
56,18048.21,1000.0,516.73,500.0,87255.43,31,20.49,23.86,46.24
58,79546.68,2088.05,793.42,81348.34,296240.47,33,16.57,18.7,34.31
45,78993.94,3466.63,727.42,44812.28,119577.41,22,24.03,18.64,46.74
24,60008.02,1783.78,643.32,76511.97,130898.53,1,16.45,17.93,36.67
26,36650.96,1096.49,576.2,18482.27,53929.39,0,10.18,15.74,46.72
25,78274.11,2544.48,731.15,31620.7,206865.4,0,30.84,30.31,62.14
29,55657.84,1193.55,647.78,38570.02,79537.59,0,22.11,20.47,58.94
51,69879.82,1766.47,733.32,84826.51,154784.31,22,18.16,23.93,51.93
50,99945.62,3092.44,797.75,92159.34,165441.54,23,23.82,17.74,54.49
65,64533.06,2832.96,677.58,22870.02,215329.33,39,11.04,12.97,48.36
40,43496.08,1475.52,646.39,46946.22,72916.0,18,9.12,16.05,62.39
41,53956.84,1273.59,638.04,25876.28,91327.11,13,20.97,21.23,41.13
54,45789.98,1000.0,659.48,500.0,147548.17,36,14.6,15.64,39.47
52,67802.81,3066.19,718.1,12108.64,159343.29,34,16.0,12.47,67.23
61,45490.78,1316.18,649.31,17193.82,25220.72,42,13.11,7.74,38.0
57,51488.67,2254.34,638.36,37775.24,65725.16,30,15.91,12.71,63.98
39,36880.25,1136.34,582.31,13674.66,121657.95,12,12.42,19.55,64.62
44,57622.43,1883.23,709.26,56784.84,82816.5,22,5.6,5.66,38.7
52,63181.59,2289.09,717.18,54967.26,133605.36,31,23.4,21.38,54.58
18,15000.0,1000.0,499.64,11695.07,6780.17,0,10.95,22.61,58.76
52,64672.32,2315.23,674.54,66592.3,225925.55,31,25.62,28.08,75.31
54,59177.4,1778.86,737.82,52706.72,63206.12,33,7.11,9.22,44.16
64,46230.14,1614.17,682.97,49747.7,146196.77,37,5.79,7.82,41.66
31,96515.32,3895.47,736.9,80739.67,139399.91,10,18.27,24.99,61.79
20,77252.58,1440.06,732.29,86868.33,126763.22,2,22.61,19.12,47.27
18,40264.76,1326.79,639.65,45633.95,118314.95,0,7.93,10.59,50.58
22,75088.26,1069.03,769.98,15458.08,188908.27,2,11.22,11.91,25.2
43,82400.97,1310.49,752.92,47789.26,143473.56,22,20.1,27.27,79.56
31,62376.38,2182.33,708.9,71637.72,73074.05,9,14.67,15.23,70.55
56,66505.96,1000.0,741.43,26737.12,197803.91,32,19.37,16.94,49.19
44,66090.24,2137.71,746.23,63144.55,106601.59,21,15.13,19.07,38.38
26,22455.31,1000.0,559.23,20837.99,1000.0,4,14.17,24.66,40.1
32,56636.35,1282.03,671.96,17995.3,155468.13,7,22.49,14.64,61.2
32,55699.57,1000.0,632.99,45340.82,112359.45,14,9.48,13.36,38.12
43,85742.8,1782.5,744.94,49434.97,33397.62,19,24.5,18.0,38.88
59,66007.1,2632.13,679.69,44620.48,41153.92,30,8.08,17.83,28.01
30,54643.0,1846.71,655.44,1062.06,76937.01,7,18.51,12.39,54.25
68,58377.75,2577.88,670.89,51431.65,204085.9,40,22.93,25.11,51.94
49,78420.94,1107.68,771.86,27734.56,230085.95,27,15.22,11.98,72.16
56,56677.48,2205.53,685.75,17251.35,89466.42,32,18.89,26.44,41.28
66,47432.48,1698.2,584.7,48432.11,144934.63,45,12.31,25.7,51.77
69,55037.36,1166.59,689.88,29482.96,192765.79,45,18.43,24.06,38.67
49,76932.53,2831.54,706.1,18190.74,292699.76,23,6.4,9.27,34.89
21,68930.97,2508.05,657.77,35928.91,250260.75,2,17.7,11.37,59.37
47,60796.82,1690.85,630.99,35417.15,204445.04,20,18.06,18.6,62.46
54,63447.71,2249.52,697.98,51893.76,47047.6,34,23.07,22.45,49.13
40,49924.64,1363.91,697.52,50940.77,33319.77,15,19.62,30.38,36.34
56,56508.91,1338.41,660.04,52024.71,194304.91,27,14.84,16.06,56.94
62,48060.52,1348.08,686.36,1671.76,50116.22,35,16.15,12.75,53.57
32,54693.97,2315.61,667.94,42221.17,74231.12,6,8.24,11.79,56.0
60,84231.21,2132.69,655.69,20286.3,58905.63,40,26.64,21.73,73.11
46,40598.31,1053.78,649.34,14719.27,143501.81,23,17.52,16.79,39.69
53,47603.08,1560.43,618.41,46889.58,124028.45,29,5.46,19.63,53.31
30,37422.62,1407.09,575.79,18973.9,42916.89,12,14.97,11.24,59.15
49,33523.64,1239.95,628.38,34178.13,100408.29,25,14.96,20.28,48.47
24,56638.11,1000.0,675.94,20414.65,218914.19,3,11.79,11.68,52.1
68,48883.03,1731.14,643.62,500.0,140171.44,45,15.37,15.59,51.24
39,91710.4,2523.73,779.5,33890.36,282155.06,14,14.8,15.3,57.59
45,54908.76,1645.6,626.61,25821.29,79045.49,24,8.47,6.09,37.16
19,83209.14,2597.97,829.28,87878.41,99369.91,0,15.25,18.62,64.86
59,77424.12,2856.23,740.04,47730.25,173947.83,34,18.6,6.73,55.31
62,56238.83,2261.42,675.86,48167.17,197719.8,40,20.27,17.68,41.63
23,97982.44,3335.52,790.03,95185.35,341733.3,0,20.15,20.58,59.73
45,64833.61,2029.09,621.76,57771.05,164739.89,16,21.17,22.71,57.59
45,87234.17,2177.28,731.35,90844.44,159990.32,17,21.97,23.03,57.46
61,85138.74,1455.53,700.35,57714.96,253370.29,39,13.34,8.69,45.98
61,67463.66,2998.93,643.01,68751.76,68826.88,43,19.95,16.88,37.72
37,73520.36,2050.83,651.19,44879.25,88228.5,13,20.7,20.19,42.8
47,71233.29,2234.85,685.12,68408.76,193732.63,24,25.83,19.33,73.31
28,39403.29,1479.03,619.13,35493.17,170879.79,9,15.99,17.08,53.09
45,61031.23,1000.0,619.09,27932.91,204780.15,17,9.93,14.65,59.13
42,79336.45,3252.82,769.5,57088.2,199036.5,18,15.16,12.9,50.78
56,87471.35,3417.29,775.8,108271.64,348087.18,33,9.48,14.85,32.81
50,47028.49,1801.86,630.66,49389.21,89460.29,28,17.26,15.81,56.22
18,69518.96,1000.0,805.85,72182.36,91677.82,0,25.22,18.57,58.55
44,62715.66,1884.65,677.32,16689.73,188066.53,22,4.32,14.63,56.2
69,57878.27,1000.0,709.55,40826.93,130893.47,41,24.27,19.57,47.16
30,66408.05,2049.51,708.65,71042.24,87813.18,11,19.13,11.21,47.04
58,63923.95,2329.92,756.52,38936.9,206601.23,35,11.01,10.15,22.65
20,69745.34,1155.1,758.04,46112.7,240386.0,0,18.26,19.01,63.21
56,85950.9,3065.25,744.35,27737.0,191229.43,38,13.37,16.05,51.0
23,74114.3,2036.99,710.48,19167.51,208640.18,1,19.61,13.28,47.7
25,65590.64,2594.23,636.41,39238.73,178591.82,2,16.88,19.92,58.33
44,93563.25,2833.68,785.91,97738.4,347699.64,20,21.0,19.49,39.71
26,79978.73,1895.82,769.4,83582.14,277121.26,7,13.4,7.13,76.09
54,58336.83,1374.79,672.23,45252.07,183385.72,36,11.97,5.02,25.02
50,38091.83,1615.71,677.3,15770.69,47625.83,27,16.32,17.48,43.38
68,42219.05,1165.06,633.19,31136.72,102896.64,45,11.71,11.59,40.77
59,76798.18,1998.68,786.53,77389.39,146054.86,37,18.42,13.47,44.63
61,48654.38,1000.0,638.62,53436.21,9112.35,32,17.13,13.89,46.69
41,41855.0,1031.48,573.39,36830.34,89826.62,13,13.07,13.66,48.75
32,46354.46,1892.23,610.94,34753.04,70600.32,13,20.41,18.67,55.2
49,47627.08,1803.46,641.43,12255.0,47141.43,31,13.83,14.08,44.45
49,75311.66,1495.97,692.21,65960.23,149411.17,31,16.45,15.78,39.68
41,57178.64,1502.0,597.06,10815.09,95645.41,13,12.56,23.65,51.88
58,35297.26,1000.0,515.79,500.0,76664.3,37,18.73,15.56,72.57
69,60558.81,2683.19,727.3,55019.74,136141.72,42,12.52,17.41,29.72
66,64000.79,2076.01,709.34,77032.8,169954.65,45,22.67,23.91,44.0
66,51371.94,1933.9,666.52,59197.1,49635.75,45,15.95,13.26,53.08
69,80805.93,2932.74,749.99,40817.03,193861.96,45,31.49,18.55,68.44
29,52423.1,2182.01,632.63,31851.28,187381.46,8,11.94,11.26,90.19
56,79950.08,3529.34,775.6,92295.79,296558.65,29,24.37,13.78,65.43
19,70742.09,1000.0,633.96,53992.06,117096.74,0,19.63,9.68,46.01
20,76678.9,3451.32,636.25,49381.92,202327.96,0,15.1,13.03,63.6
66,40226.08,1670.11,611.6,33142.26,59607.79,38,16.64,17.05,51.35
54,61769.58,1560.6,691.15,26820.73,197704.55,31,18.55,16.92,37.73
66,59049.1,2385.72,637.36,67379.33,240265.04,44,14.25,6.82,40.55
34,34403.88,1274.73,531.51,38998.05,124277.6,7,15.58,9.83,29.32
66,79891.09,3110.73,766.25,89095.89,101830.54,37,23.81,22.42,28.96
19,45286.78,1000.0,617.35,43393.03,160471.13,0,17.09,20.06,45.73
19,49027.78,1672.77,678.32,44944.82,182124.21,0,12.81,9.79,53.89
45,41760.31,1000.0,684.04,16887.27,157866.53,16,11.8,13.12,60.39
40,72621.35,2961.09,645.7,26531.31,298979.39,21,16.83,17.81,46.78
54,32533.27,1438.02,607.2,28093.78,31592.01,32,18.82,26.81,38.76
49,71121.75,2458.73,724.6,62079.09,150298.33,23,13.34,22.25,71.45
50,78801.25,2331.65,769.9,75947.77,136697.33,24,19.84,21.87,37.05
18,69669.21,2556.24,685.0,54415.09,143721.32,0,9.15,1.17,39.42
36,72827.31,1702.61,720.99,66075.37,59629.95,12,20.26,26.57,47.32
19,73671.84,2459.14,754.03,28546.96,230784.5,0,21.13,22.15,74.34
61,42910.36,1564.76,648.43,10180.39,125135.5,40,24.43,18.85,59.29
43,85825.23,1481.0,827.63,48319.61,193409.62,23,23.21,31.1,45.8
49,51718.63,1000.0,616.08,37276.05,136135.58,21,13.17,12.64,45.72
23,58805.02,2138.81,685.73,77851.44,138895.71,5,8.21,21.5,48.65
49,54012.53,1452.55,658.15,43938.0,165046.23,29,17.97,11.94,28.95
21,68847.76,2901.25,697.25,21080.92,155102.06,0,15.25,13.53,57.5
28,50315.33,1152.12,677.41,20395.51,133057.78,2,16.7,6.4,52.49
34,61204.48,1000.0,688.82,64626.15,2825.76,8,12.52,11.44,47.53
55,37763.81,1290.11,565.32,8119.65,44409.01,31,12.91,20.06,50.35
41,80963.97,2858.67,785.76,36843.01,95442.66,21,9.6,8.93,57.1
22,72073.34,2230.89,742.78,15374.05,59359.35,2,11.98,9.2,51.03
69,54739.32,1931.08,730.58,60130.49,150392.78,45,9.54,17.93,41.62
51,51555.32,1544.52,687.39,32236.92,64443.48,27,19.52,19.45,59.59
23,71603.31,2548.2,705.2,34584.24,295422.05,0,13.02,14.8,37.77
39,47268.72,1000.0,632.54,31350.51,76730.09,10,21.62,14.65,37.46
28,62256.58,1542.71,733.38,37022.45,218738.64,0,12.14,8.44,48.64
65,80905.18,1579.85,708.2,26915.13,119234.79,45,28.57,23.76,60.69
33,45397.37,1000.0,595.47,28389.71,33191.46,4,4.8,1.0,46.05
50,66634.81,1352.89,709.82,61744.66,165401.16,28,18.78,22.15,62.18
26,65683.05,1239.9,629.82,25918.66,280116.64,2,16.76,19.79,49.87
23,58247.94,2617.53,690.44,43459.83,14302.71,0,9.77,13.93,69.84
33,50931.79,1123.12,673.93,32726.69,148153.59,10,12.34,7.06,48.14
46,81866.35,1653.59,734.51,42853.02,97509.18,19,16.88,20.34,58.04
20,49243.76,1985.96,711.09,42523.31,176439.08,0,16.17,12.05,62.45
37,27383.3,1000.0,632.91,10523.46,100968.91,8,8.06,16.84,53.06
53,71529.6,1899.03,679.57,47518.8,64264.1,28,19.28,16.97,51.41
36,38376.54,1047.16,644.64,12530.74,129305.57,16,14.44,15.5,47.96
43,72453.86,1911.66,761.67,62276.39,275054.89,25,21.14,22.95,57.26
20,84028.26,1965.04,755.81,13380.83,196755.85,0,14.09,16.37,65.36
36,71335.5,1572.57,694.57,97393.35,87660.9,8,15.09,1.0,65.66
37,79285.4,3321.95,687.96,79116.5,64588.53,18,25.14,13.96,46.78
49,96360.88,1723.92,763.96,50714.94,386726.83,30,15.11,11.65,38.84
24,77401.69,1434.67,683.31,77240.65,212683.44,5,10.78,14.58,37.56
69,65950.32,2081.21,738.91,18658.03,87289.17,45,13.44,23.01,30.24
58,89411.07,2141.87,756.75,44348.46,121587.94,40,10.06,10.51,50.46
50,91585.96,2431.7,798.23,111859.4,379713.45,23,27.52,28.32,60.58
57,91837.89,3617.02,832.23,49694.98,280449.14,36,17.77,20.83,63.69
56,51141.42,2179.7,662.97,36140.18,33019.1,29,13.75,7.92,47.75
35,35627.67,1384.2,659.85,24897.34,1000.0,13,17.28,17.07,47.57
57,50042.54,1017.41,634.35,55356.24,206293.38,38,11.38,9.95,68.7
18,72665.55,3281.99,735.39,71458.06,228029.9,0,16.19,11.73,50.14
28,62864.86,1546.85,697.84,17835.96,54158.82,1,12.53,22.28,34.85
45,56283.34,1020.73,637.28,55385.03,143871.4,24,6.85,11.71,38.0
42,70088.67,2043.08,696.35,27602.18,146351.93,17,17.26,12.91,39.59
67,33525.51,1229.59,664.26,38906.1,119823.35,45,18.48,14.96,58.85
40,62541.05,1000.0,672.1,37836.78,80931.66,11,16.65,17.3,41.11
48,80132.24,2695.88,665.58,62837.15,141991.37,26,22.61,22.69,69.37
47,69887.68,2872.57,694.08,61814.73,41135.23,19,11.51,3.27,48.02
59,72452.58,1537.88,683.48,63116.25,107957.52,30,13.48,21.09,49.87
52,88752.71,3159.96,786.77,89197.02,113499.27,25,12.4,14.7,58.42
24,58809.42,1519.06,704.09,81622.51,3670.25,6,17.71,12.78,66.31
33,48244.35,1269.04,660.85,26154.13,29262.04,6,13.24,26.35,47.01
43,81411.27,1779.69,725.81,77670.18,265715.28,16,16.37,18.64,63.42
65,81080.17,2701.03,745.9,70137.53,297171.07,44,21.45,27.76,51.35
69,70049.25,1718.54,695.96,88391.65,37841.74,44,14.64,21.47,51.0
66,57113.32,2295.77,606.23,65134.92,190059.36,45,21.11,29.87,28.95
19,60024.83,2676.92,675.03,10908.15,218459.26,0,17.18,22.32,62.15
18,37018.09,1616.56,729.7,3811.01,1000.0,0,11.87,18.03,40.24
65,80033.04,1435.6,693.78,77218.88,80871.92,45,10.25,16.0,60.67
29,79397.72,1030.03,654.73,8247.17,208823.48,1,21.26,27.08,79.48
22,36389.71,1000.0,673.25,29119.07,27778.73,0,15.05,12.72,36.83
54,75617.38,2782.43,747.04,75821.04,214859.71,35,19.22,20.53,67.33
49,67273.83,3032.83,715.23,500.0,154070.38,31,18.54,15.23,56.41
26,41604.47,1606.52,608.68,64042.56,1659.33,0,11.52,17.72,44.33
58,38292.0,1219.66,625.06,66489.76,94849.84,35,13.07,12.66,26.72
52,66722.88,1000.0,702.5,37415.31,102244.58,29,14.38,13.95,10.26
36,52841.33,2114.61,717.51,66449.71,86342.48,9,21.53,10.54,67.13
65,92759.08,1707.22,819.54,32640.71,270612.7,45,17.9,27.5,62.25
33,77146.77,1107.33,758.54,55584.4,218120.14,15,14.62,9.03,44.04
20,68526.48,2798.98,674.86,44151.35,138222.78,0,23.45,23.55,46.75
37,69415.42,2177.91,718.55,67277.82,98723.43,17,22.99,24.16,53.94
41,83955.61,1409.2,724.17,19671.0,262671.72,14,19.58,25.75,50.71
50,75237.33,1909.88,780.99,65673.11,264483.0,28,16.87,14.35,60.93
41,68995.8,1059.18,674.81,60583.97,331195.46,18,15.0,8.71,49.81
69,42355.3,1430.21,621.01,18926.13,89263.72,45,14.02,19.62,57.05
28,115115.05,2522.66,796.44,124552.94,135027.58,2,17.14,22.81,44.48
66,40142.71,1660.7,598.01,63468.33,137468.01,38,16.43,18.34,49.16
25,54374.23,1328.17,640.2,44042.99,82110.87,3,23.7,21.83,63.94
53,30214.89,1000.0,583.77,18536.08,57167.61,34,15.83,15.91,44.49
55,69698.37,1018.81,668.61,45688.16,167952.77,28,11.45,7.49,45.32
57,62719.99,1360.17,742.86,45854.93,77977.83,34,18.55,6.77,72.42
37,73774.98,2586.47,712.91,38728.63,139075.94,8,18.35,26.13,68.29
52,28696.82,1062.99,562.08,19713.74,89644.76,27,15.1,15.63,34.05
65,80032.3,1648.19,774.73,67160.1,298206.84,37,13.91,18.84,49.4
42,45466.16,1331.89,733.71,50438.55,128461.78,19,14.56,13.43,26.02
52,57317.91,2278.45,653.76,34934.6,110265.88,31,20.15,17.34,55.79
42,76768.28,1931.77,719.27,35941.21,183374.94,19,12.33,11.3,38.42
46,64702.8,1097.3,660.89,58359.61,189183.73,21,14.22,13.98,46.36
35,65974.97,1774.44,727.72,19342.72,242406.04,10,15.16,21.25,57.8
63,74385.22,2419.08,766.15,32995.09,118526.4,36,22.43,21.37,52.82
35,67718.23,1000.0,701.07,39386.64,163104.65,16,22.51,29.16,43.97
19,53860.06,1299.05,641.85,67532.32,101335.48,0,5.81,3.4,33.49
52,57003.56,1866.74,695.04,81173.98,174446.56,29,20.69,18.6,55.51
33,63813.82,2822.51,724.73,67344.8,138088.68,14,22.28,20.33,45.37
58,43879.99,1146.07,701.57,7749.67,14854.63,40,19.96,22.62,46.25
53,77928.16,1397.44,707.57,38766.58,194012.96,30,15.14,12.1,33.38
50,65195.77,1975.91,733.94,76956.51,158268.42,26,15.37,21.52,21.11
21,61345.97,1351.15,688.8,63971.11,111890.45,0,8.3,13.99,57.61
50,81464.94,1601.54,666.35,28103.28,75229.07,28,7.67,18.37,40.02
31,57837.95,1861.23,742.01,63381.42,29547.12,4,13.98,12.25,41.69
38,56716.42,2440.48,683.54,30350.75,144031.0,13,16.05,7.92,67.33
65,51276.68,2068.54,681.14,61379.78,142561.98,37,16.01,21.03,56.38
37,66175.21,1229.3,741.11,36340.16,225296.45,8,20.72,24.97,57.49
25,65552.1,2492.9,723.48,75477.3,137385.95,0,31.86,15.72,60.16
24,48006.88,1000.0,600.51,56457.42,78526.01,3,12.82,16.8,35.54
20,56801.51,1260.43,700.77,11174.7,97172.94,0,10.4,13.84,57.78
34,48127.16,2077.57,666.73,51942.84,48571.19,9,17.54,14.56,67.02
50,47312.37,2028.2,566.79,28178.18,166836.88,27,15.84,23.87,48.44
65,28861.84,1000.0,661.56,500.0,25429.79,45,10.01,9.89,58.34
29,55843.62,1000.0,650.55,46452.82,45787.03,5,20.14,27.61,43.35
68,29360.16,1000.0,632.88,13640.24,94400.4,42,8.88,15.91,25.4
39,51669.32,1647.86,639.89,13644.09,39184.24,17,14.52,18.75,42.59
39,48971.5,2043.57,622.92,36639.57,63064.99,20,14.54,17.61,52.66
63,78934.11,1299.35,733.25,39530.63,95569.54,42,13.15,17.87,45.86
47,41731.17,1098.86,720.67,36175.11,136100.7,27,5.62,5.96,41.77
55,46298.65,1000.0,729.48,11568.95,113054.3,34,15.72,10.03,54.42
55,53132.57,1000.0,635.34,7593.72,1000.0,28,22.16,29.01,49.33
62,49557.41,1921.91,704.8,25036.67,50137.19,38,19.76,15.99,31.73
68,84646.59,3352.81,754.99,33712.12,111228.04,41,23.6,20.46,55.27
25,39505.79,1000.0,709.34,27938.09,127833.38,0,9.96,5.26,42.42
44,53170.72,1000.0,711.39,58342.77,162221.77,26,16.39,19.56,51.7
44,65977.17,1142.64,710.49,22948.38,225915.91,19,9.48,6.33,42.69
51,75861.3,2121.45,731.25,57779.92,67698.12,29,18.43,19.98,32.77
38,53155.65,1101.2,686.84,2262.55,70296.89,9,22.26,18.96,57.37
47,25474.21,1000.0,598.18,500.0,47365.27,23,19.65,19.91,42.91
50,57298.12,1451.27,622.28,21256.12,59504.58,22,25.88,31.57,41.69
45,84336.51,1647.06,762.36,68143.41,245372.65,17,23.38,15.7,47.29
64,65079.37,2443.06,665.91,81174.96,278842.44,45,18.89,15.64,52.49
50,64255.52,1125.25,668.93,45204.2,118011.46,31,20.8,15.71,51.09
22,40865.68,1599.08,672.75,17895.13,47036.67,4,17.49,19.71,41.03
65,39017.91,1217.94,626.22,21065.35,31419.46,43,9.87,13.97,39.88
36,60324.75,2427.14,660.52,66847.76,220356.4,13,8.46,9.84,53.69
21,34325.18,1000.0,548.44,51204.86,117434.34,0,17.85,23.36,53.74
52,74064.52,2775.42,687.27,92231.59,306765.19,26,27.87,24.65,41.63
66,44760.37,1000.0,631.61,7224.33,162133.3,41,19.1,15.32,56.54
34,59556.17,2630.59,754.53,59048.58,172638.85,10,6.51,16.16,64.77
61,26056.2,1000.0,530.96,22814.98,28283.78,32,10.01,10.81,38.66
45,52911.57,1226.09,672.0,48935.25,201288.3,23,14.31,14.17,47.87
47,38654.51,1000.0,634.28,37196.75,123356.1,27,4.59,7.78,50.69
46,18204.78,1000.0,609.63,4526.63,24399.57,20,4.94,9.58,42.27
63,69753.16,2971.11,714.88,86685.71,134313.64,41,16.79,22.69,53.8
23,89540.87,3780.34,786.98,9232.81,110099.64,3,20.26,23.64,38.77
52,80330.52,3169.68,794.19,22700.07,59430.55,32,13.1,17.28,47.12
58,72270.43,2876.44,681.84,96822.4,1000.0,38,10.11,7.24,56.19
54,52545.82,1660.04,693.24,25491.42,223073.08,31,21.22,19.74,36.95
41,74506.02,1001.44,660.79,42017.72,298315.21,23,15.54,15.17,48.05
46,82029.36,1262.63,748.98,65623.81,252963.23,18,17.01,19.71,34.41
66,62462.79,2133.22,676.71,82072.82,222761.36,45,13.51,13.49,44.63
63,38681.52,1000.77,583.55,38437.4,85231.49,38,10.01,19.2,54.32
48,51011.08,1602.27,696.79,40899.59,16692.45,28,21.62,23.36,47.59
52,90648.54,1831.33,818.23,96424.35,85468.66,30,14.67,18.22,57.32
50,58654.6,2002.89,724.07,62012.26,181881.31,31,16.76,11.85,61.5
69,15000.0,1000.0,562.09,500.0,45548.46,45,11.54,9.49,23.07
38,33559.38,1000.0,545.21,3826.61,101667.61,10,3.62,4.91,36.95
49,52359.92,1490.02,642.28,48370.11,98712.49,25,16.44,16.55,33.4
40,78644.85,1448.82,781.2,17303.54,223637.37,13,10.14,18.06,49.3
50,55083.8,2297.38,709.92,500.0,236940.76,30,18.69,14.28,62.62
20,78979.77,2371.55,790.79,63167.05,102159.56,0,11.97,5.27,55.37
35,50529.08,2091.54,665.72,56284.02,186350.24,15,17.66,24.53,56.6
42,24642.73,1000.0,565.74,14542.09,9067.48,19,10.32,9.92,43.01
59,51151.9,1000.0,565.01,26877.24,184417.66,32,11.74,12.9,53.7
48,66209.01,1000.0,737.45,34125.71,312285.27,28,17.67,22.41,52.21
20,64715.11,1011.42,689.68,36548.15,64720.2,0,9.11,17.23,65.48
57,37408.06,1000.0,555.8,14706.51,42979.64,38,13.39,9.81,48.89
63,53678.47,1000.0,695.36,49963.68,190905.96,43,19.28,19.84,30.62
41,108324.14,4592.51,850.0,40764.06,113392.96,16,26.05,30.2,39.54
67,37801.16,1620.96,652.43,25373.99,108422.73,42,11.47,13.24,31.09
49,71893.02,3144.99,746.05,89151.2,182294.63,31,15.61,21.46,42.09
64,22259.84,1000.0,608.78,22676.62,15520.49,39,4.77,9.16,60.44
39,75548.25,2182.93,603.77,30271.1,211417.35,12,13.8,20.17,63.48
40,43938.14,1325.5,709.27,18268.4,156627.71,21,6.59,16.27,51.76
19,67237.59,1133.69,666.08,4989.27,222500.59,0,18.92,26.92,64.19
44,36752.54,1000.0,578.58,55782.35,78290.42,20,17.89,19.89,58.96
59,65235.35,2495.81,674.51,31807.5,235318.23,36,14.25,13.02,59.32
19,43644.29,1790.48,614.88,55393.2,23098.71,0,9.07,12.73,38.34
43,47129.13,1821.88,708.91,60426.64,48694.85,21,16.25,18.04,65.43
34,67955.75,2739.92,728.34,43486.85,128705.57,10,12.46,13.78,51.03
57,52253.06,1134.88,626.23,21865.35,206989.18,32,18.59,21.69,52.74
50,66846.87,1874.09,676.82,78930.06,42056.56,30,26.36,26.29,66.5
26,56564.86,1572.88,781.94,16501.09,108802.76,8,11.23,14.28,53.97
60,61214.89,2796.06,699.53,17695.95,101289.61,36,12.41,24.69,35.56
65,68011.56,3001.98,684.6,16186.28,281106.29,43,9.5,7.59,42.02
56,53699.67,1742.53,588.12,51773.81,210662.61,34,16.1,18.11,56.56
46,42071.1,1000.0,550.81,16201.22,93442.78,22,14.6,15.27,41.76
59,50418.38,1064.83,601.0,68762.39,35760.18,41,13.69,5.36,39.79
43,81512.51,2007.28,748.85,37151.85,61957.43,18,18.23,14.62,54.98
52,62091.12,2583.43,736.2,76372.82,58212.05,23,10.99,5.62,48.78
67,44791.83,1000.0,662.1,500.0,37380.11,40,6.16,13.49,34.71
42,67228.09,1332.79,754.52,8523.93,78268.39,20,12.93,7.76,64.94
41,68429.68,1652.31,730.75,47907.15,104494.04,16,7.27,3.21,49.28
30,69359.98,3010.02,652.92,91741.28,70251.7,3,12.51,12.73,24.76
24,42398.93,1242.02,646.32,500.0,139895.8,0,15.79,14.32,57.68
53,47716.96,1625.3,664.19,35760.76,148636.94,31,15.07,13.56,55.92
62,47817.07,1214.91,638.05,21877.41,121722.66,33,5.91,3.7,51.47
37,53508.34,1005.1,646.76,52089.22,246751.62,13,20.6,23.9,47.57
18,69700.55,1388.9,702.43,28991.49,142087.81,0,16.0,15.33,42.48
25,65331.33,2564.63,626.41,16830.23,33569.99,5,10.04,16.89,50.72
63,66753.91,2822.54,640.31,54819.14,82072.25,44,14.85,10.48,48.83
33,84372.34,2441.39,850.0,43541.75,286807.5,10,15.52,12.67,60.42
31,72400.04,1766.55,660.88,49795.77,129811.75,9,12.9,9.66,54.57
29,57447.57,2265.03,592.85,14137.17,246499.55,3,19.81,18.74,66.82
68,38690.07,1351.7,583.66,29094.92,1000.0,41,8.34,7.45,56.95
40,47138.15,1000.0,662.08,50042.01,152732.24,19,15.64,21.34,50.46
32,55289.31,1337.52,691.12,13062.26,86749.91,4,8.82,1.0,37.11
45,74924.34,2640.27,678.7,75757.83,190980.77,25,17.31,25.56,62.52
51,59508.03,1881.8,682.87,42687.6,242123.06,25,17.28,15.59,56.22
19,48188.47,2173.41,620.06,44248.19,187811.76,0,16.16,12.44,41.74
49,46807.93,1936.47,648.99,42536.49,144299.3,26,15.08,24.77,45.95
40,58747.59,1000.0,663.05,78758.84,55916.62,22,14.68,14.77,37.7
39,76019.78,2789.34,696.83,40596.65,178959.82,12,12.28,12.11,25.83
68,88638.35,2101.69,736.7,75367.49,314899.03,39,13.6,11.43,33.53
42,56296.17,1983.66,569.93,19410.53,106931.23,14,17.12,15.67,24.88
39,59194.62,1957.81,667.61,34016.08,186951.45,21,9.61,14.16,53.65
39,38149.05,1116.56,611.01,32574.08,31398.09,10,6.36,12.04,47.3
66,94905.47,3884.64,721.33,37722.95,72468.73,43,26.64,17.7,40.69
69,34781.95,1256.43,589.19,20679.16,60805.24,45,12.18,7.68,53.25
59,81089.92,3418.09,731.78,88098.61,145355.22,39,21.28,25.04,32.5
23,53423.95,1169.28,576.87,42961.86,53886.16,0,19.71,16.16,69.34
32,49211.4,1186.2,612.92,17840.15,80131.01,12,15.18,15.33,45.79
60,40019.94,1329.93,583.92,7966.83,105895.03,32,12.12,14.09,51.03
54,103380.88,4622.73,818.23,54554.85,302711.13,27,18.54,25.32,36.79
50,63986.85,1592.38,748.0,39321.77,28480.01,27,24.44,28.72,53.74
25,60383.05,1000.0,683.27,23489.95,214674.81,3,13.24,15.98,50.26
61,75961.18,2078.52,780.06,65222.38,11171.81,40,18.48,14.56,44.72
61,48285.01,1479.02,634.84,49761.38,186084.62,36,18.22,29.32,42.58
22,60033.23,2353.28,696.81,9534.86,92996.61,3,17.26,20.58,58.42
56,61014.05,2244.5,686.05,76830.26,171833.14,27,21.52,26.9,39.54
21,50781.38,2267.66,760.86,55882.03,128597.42,0,13.15,13.01,28.5
23,81593.49,3148.65,737.92,26244.34,247781.09,0,21.53,14.29,54.36
62,56064.22,1258.88,703.4,16309.52,188243.7,41,6.63,12.19,56.1
49,32043.62,1085.62,605.25,16053.18,117257.48,30,19.94,19.04,30.42
69,54573.05,1905.04,714.37,9267.43,89975.16,45,21.07,28.01,49.06
47,64485.22,2951.32,721.9,49365.01,173128.72,29,14.93,14.94,48.89
64,43917.12,1000.0,647.08,17744.98,66672.28,43,16.59,14.38,53.55
52,45337.29,1000.0,584.64,35458.95,155684.07,26,18.99,24.71,50.92
57,50167.34,1000.0,603.09,12708.12,204937.35,36,9.83,9.79,37.04
69,81982.24,2634.53,718.22,20771.51,34495.21,40,17.48,15.86,27.24
33,51231.16,1000.0,640.53,29703.3,152839.01,13,8.59,3.29,49.53
30,85724.11,2946.07,762.17,46524.51,343198.25,3,24.26,27.62,47.08
67,48930.89,1922.62,619.17,32176.66,78670.64,40,19.01,17.42,37.23
59,65850.25,1773.11,608.58,47410.06,169261.83,40,15.18,9.74,48.33
47,51967.63,1620.84,702.13,13751.26,177042.41,27,13.21,20.04,35.21
36,73573.5,3158.07,740.85,93239.16,106311.66,18,16.61,15.3,52.66
34,39871.07,1255.36,622.32,29354.6,113539.63,7,9.5,20.74,55.11
36,73371.47,1427.33,776.54,13047.28,22526.49,11,16.47,22.91,33.14
45,62049.65,1485.46,649.98,19541.14,214780.45,27,11.02,6.68,59.23
43,48480.15,1462.24,639.55,28491.52,144562.08,23,19.34,22.15,50.91
54,57008.01,1006.95,678.2,49928.12,223512.35,34,21.39,25.23,62.69
43,87609.39,2883.87,744.15,16357.1,185310.14,24,23.49,13.06,49.14
40,62481.2,2862.15,651.64,13787.09,86596.05,18,10.28,10.9,70.24
26,47350.9,1621.82,681.42,70635.25,28406.69,0,13.69,11.9,69.18
29,38315.52,1000.0,627.73,42683.61,87074.56,9,16.76,22.16,52.25
18,69097.28,1627.81,735.37,45353.19,308625.96,0,20.75,15.02,53.69
18,63525.21,2766.74,653.51,42330.44,193633.85,0,7.16,11.34,21.18
64,72510.37,3012.84,754.88,43859.09,169405.21,43,20.95,29.34,46.31
51,33679.95,1000.0,572.99,23639.92,114521.89,30,7.15,1.0,48.49
49,38899.31,1000.0,627.82,41276.93,171068.13,29,13.12,14.66,47.7
65,80643.83,2917.87,831.01,97250.56,245814.95,37,24.35,22.69,52.19
42,65964.15,1516.08,736.24,38201.19,223767.32,24,22.21,8.17,58.41
57,69601.22,1147.04,724.07,82391.98,180803.94,32,23.59,13.14,47.3
62,42671.63,1000.0,688.79,42446.65,57567.43,44,8.94,15.59,46.84
18,42342.23,1142.25,601.39,13199.44,162141.84,0,10.14,11.81,43.72
33,77842.66,1635.76,755.61,49384.26,284865.53,11,14.97,16.46,36.46
56,78690.8,1552.34,698.64,46722.75,99237.59,35,17.14,16.27,68.42
22,40410.25,1000.0,604.95,20887.47,75781.52,1,15.12,21.81,38.39
39,36971.33,1239.58,682.5,18114.23,89066.11,14,20.08,31.07,48.94
46,58045.33,1914.43,686.45,5969.01,156062.57,18,11.16,18.39,56.55
20,45611.73,1000.0,700.16,18661.43,143002.49,0,11.42,1.25,48.45
29,45236.82,1988.38,631.09,48200.98,30931.51,6,21.64,19.97,61.13
43,37475.19,1000.0,667.36,33888.54,77794.44,14,7.95,17.63,59.63
33,51568.19,1000.0,657.03,46339.35,143525.09,15,18.79,16.01,53.43
68,39215.49,1000.0,623.67,47758.34,96708.54,41,13.48,21.54,50.72
54,40282.78,1432.81,621.94,36941.49,172287.8,29,15.97,14.49,54.95
39,65371.05,1256.48,712.34,68990.79,162573.77,20,12.48,7.47,39.05
46,59006.43,1000.0,665.37,16219.97,202609.52,23,19.44,22.21,34.18
31,68727.82,2274.22,643.67,40043.9,53883.0,5,13.6,16.81,74.97
45,30317.4,1000.0,589.35,21795.8,102167.16,27,5.93,6.15,50.86
22,60177.85,2279.27,686.49,42020.64,171334.99,0,18.42,24.4,43.67
64,97361.48,3724.5,850.0,35801.81,149402.19,39,7.22,1.0,68.37
66,53299.1,2371.69,558.18,29913.78,54976.18,39,12.49,19.0,27.25
47,74845.48,1077.82,797.32,41848.18,136873.97,28,18.94,15.53,40.02
63,74688.12,1030.67,771.24,35530.89,113399.22,41,21.26,28.67,43.42
69,75573.57,3431.54,757.57,13792.82,107365.68,45,23.69,25.67,60.87
22,62999.91,2141.68,695.94,36997.92,205153.75,0,25.19,20.9,52.1
29,70189.55,2551.09,664.66,88407.26,65529.97,9,24.38,17.23,54.15
33,72582.25,1140.71,805.53,48047.24,293725.95,12,18.22,9.65,37.58
43,71438.03,1059.22,769.87,59740.29,208101.23,19,22.77,20.55,50.64
43,39886.47,1000.0,630.94,39098.44,76953.87,22,14.87,15.69,46.2
65,29267.08,1000.0,600.66,32504.22,38966.19,39,16.36,21.71,27.63
38,32035.5,1000.0,591.21,30965.5,124760.34,10,10.21,8.54,44.56
56,55137.12,1509.53,692.16,27024.76,224193.53,27,17.82,19.3,37.94
53,70690.68,2206.81,710.08,41323.83,184394.56,26,14.7,13.51,65.19
50,40120.6,1000.0,634.22,35967.08,88051.72,31,13.14,21.69,50.99
47,76631.47,1249.72,749.6,81988.35,329244.5,25,19.99,18.35,68.62
54,50959.05,1274.31,762.24,48832.8,192255.4,29,25.55,19.23,29.2
40,51130.41,1000.0,612.43,24672.94,73981.44,18,17.09,10.96,38.42
27,44950.07,1000.0,642.05,20670.36,73246.51,0,14.44,12.84,43.05
22,26073.85,1000.0,633.46,37962.15,77440.49,0,8.45,9.75,40.34
53,64127.65,1719.91,729.58,500.0,22222.65,28,20.89,18.64,54.16
51,90828.02,3299.59,802.97,18658.91,290219.51,26,17.41,19.31,45.86
69,58872.04,1000.0,812.13,17733.16,114017.57,43,17.76,15.77,34.64
48,26688.63,1000.0,629.02,14543.8,70728.89,21,16.18,12.17,83.41
27,74046.17,3036.04,694.02,34300.34,68879.27,4,23.73,19.51,57.74
36,30753.64,1052.27,558.98,27795.56,89104.56,7,17.29,16.01,27.27
49,38237.38,1000.0,612.99,64483.28,76134.53,28,7.71,7.56,54.45
18,55709.91,1514.67,647.5,20679.9,213343.32,0,6.98,1.84,78.92
22,62211.18,2146.42,690.2,29429.29,81220.71,0,19.73,11.21,63.32
62,41844.05,1887.88,640.74,44989.26,9176.44,42,14.61,5.45,34.14
21,55008.31,2432.85,677.33,20460.13,57342.93,0,17.46,18.07,48.47
33,72872.92,1872.11,608.04,75782.0,120540.5,11,25.89,25.38,65.16
41,75339.22,2488.53,692.01,36382.09,236297.14,18,14.45,10.91,38.35
33,82526.22,3482.1,779.8,105538.5,257424.97,13,24.71,24.72,53.09
19,94369.54,3793.8,850.0,45748.81,363875.84,0,16.4,14.56,42.87
66,74578.01,2124.04,705.57,85887.05,201764.08,42,25.28,21.97,57.29
45,56098.74,1189.74,650.35,45462.47,97164.7,17,19.36,12.03,60.7
49,75467.65,1288.23,722.39,78870.46,130192.2,27,10.01,18.24,62.55
44,68400.89,1967.62,782.81,41126.98,142976.53,18,14.75,23.3,61.45
37,69114.61,2529.24,709.76,47463.16,155287.4,17,26.49,25.16,72.08
41,63189.94,2832.53,588.69,47822.77,175030.26,16,25.27,18.89,73.46
29,43583.03,1796.8,711.19,31042.98,104310.64,6,17.38,17.64,35.83
67,41494.26,1000.0,655.61,50332.11,30104.01,45,15.92,12.27,36.97
52,58251.87,2125.76,616.57,28663.43,126298.93,23,17.02,10.22,38.04
50,62680.38,1387.54,665.04,34935.5,1000.0,21,18.45,21.43,51.85
50,47770.06,1685.44,607.51,18342.99,83160.42,24,14.07,9.87,40.53
68,67620.16,2345.98,693.46,32147.07,87151.63,45,22.82,16.72,44.34
60,97453.79,2103.15,850.0,98814.06,249402.26,33,22.63,9.75,62.91
54,28602.05,1000.0,501.79,500.0,63690.63,31,8.03,15.94,51.74
29,70480.4,1125.19,695.99,36086.15,133328.0,3,20.32,26.76,47.82
20,58812.46,1000.0,681.44,56461.28,126418.92,0,16.71,20.37,63.15
18,68111.8,2800.42,701.21,72280.01,82933.32,0,15.25,19.73,56.87
50,52247.14,1000.0,620.89,34849.38,186181.9,28,24.72,15.61,55.9
57,57370.92,1000.0,725.66,30217.08,155319.31,38,16.26,15.07,55.98
27,62331.01,1275.4,679.85,69190.09,208981.01,6,6.45,13.15,19.09
60,54570.59,2296.8,650.79,28406.81,118951.27,41,14.25,10.1,35.97
61,32630.26,1000.0,613.47,30073.03,113288.62,41,18.23,15.72,35.91
46,55789.53,1054.05,654.76,3039.64,188155.96,19,10.95,4.49,47.87
30,34504.19,1254.29,578.6,27074.73,52701.15,1,18.25,16.26,62.02
29,71757.48,1660.16,673.62,82459.45,170429.36,9,12.19,12.62,44.33
48,26420.19,1000.0,677.81,15713.67,138152.81,27,19.33,21.04,39.31
63,78515.78,2915.49,771.24,40378.36,190309.47,40,14.99,7.19,20.52
19,67732.13,1414.82,685.99,48513.24,247224.41,0,15.01,7.14,57.6
68,67801.0,2874.22,760.61,54474.24,172170.99,45,14.65,21.41,31.52
67,21042.42,1000.0,586.68,500.0,53758.91,40,15.09,20.93,49.64
52,54085.21,1645.69,663.99,52602.34,57220.87,34,24.63,19.02,41.41
40,80764.14,1722.3,695.99,60616.81,263040.22,22,18.15,25.34,57.91
34,50665.06,2043.65,614.74,35983.5,46770.21,8,15.01,16.34,55.3
43,40594.88,1282.46,665.37,34171.58,162356.08,17,11.19,18.52,26.67
25,48539.94,1000.0,679.47,30277.06,101449.2,3,6.72,8.25,59.42
46,58771.0,1138.78,614.53,44471.51,157765.82,20,13.51,16.02,52.08
43,44675.33,1255.76,615.68,32823.85,86551.4,15,8.17,9.02,59.82
27,82208.71,3164.05,777.22,45816.29,158178.49,3,8.78,19.5,32.81
43,58835.98,2577.6,726.57,70296.93,181315.51,17,15.5,15.03,36.44
51,49999.75,1730.82,673.15,32944.4,44048.32,22,12.29,13.17,42.61
68,36575.82,1074.28,589.19,6820.46,21093.73,44,20.54,11.3,46.13
58,68720.04,1433.34,716.78,64017.9,48979.04,32,12.59,13.21,43.09
24,68309.99,2386.0,695.45,13825.58,154243.84,5,20.18,27.84,31.06
21,45740.24,2069.35,654.41,49976.3,80822.23,0,17.83,24.25,57.16
67,19746.08,1000.0,625.75,500.0,108249.04,39,18.66,17.15,43.99
62,67393.72,1206.67,666.98,58526.12,253547.64,37,15.82,15.61,42.46
28,56637.54,1000.0,682.56,28898.44,203064.23,4,22.26,14.35,54.91
46,66049.28,1418.42,693.79,10597.75,248564.09,23,19.41,20.33,53.78
53,95229.14,2997.95,773.86,98003.79,278378.77,31,25.22,24.28,50.7
42,59517.03,2622.33,672.26,61707.95,79826.09,21,27.92,27.19,43.22
38,50750.9,1140.48,711.36,500.0,75996.02,14,14.46,7.17,33.47
53,39348.2,1000.0,644.12,22682.31,46735.14,33,14.79,21.15,58.55
27,54376.41,1551.87,641.57,19234.32,63697.04,2,13.63,13.39,39.61
54,62890.39,2711.71,717.9,22692.25,120826.25,35,24.0,27.94,36.54
26,60959.53,1613.51,657.73,24018.56,282798.26,8,29.12,26.4,58.0
41,91022.38,1815.08,692.55,76920.19,275321.58,13,22.77,28.09,58.7
52,68983.54,1237.41,603.24,38753.04,278488.39,33,8.85,14.44,60.95
66,57573.58,1596.74,695.26,21625.72,69083.71,40,11.34,8.75,34.11
52,47281.91,1852.94,629.05,34603.51,101194.53,30,20.53,23.47,41.59
65,64800.11,1439.32,739.29,11648.52,234187.18,37,10.76,17.62,47.03
53,43673.85,1292.05,648.44,47926.59,66937.48,28,11.36,14.01,54.28
35,63236.96,2061.54,701.43,40789.56,169391.94,15,13.15,12.8,42.98
66,68773.45,1892.35,686.03,31543.84,213827.53,42,16.49,21.16,54.57
56,56103.86,1059.78,691.79,29796.66,124454.69,37,16.89,22.59,41.15
49,48654.84,2103.1,715.79,2627.75,185088.86,24,5.42,2.23,46.25
41,20664.66,1000.0,471.13,11657.48,29245.13,17,4.43,8.77,29.88
40,80589.06,2966.04,735.03,49188.89,326180.1,11,10.54,11.4,53.25
49,67259.41,2266.74,762.31,40638.96,147832.67,27,9.81,21.34,52.69
54,67697.11,3098.38,651.54,64720.38,82961.7,25,16.85,13.22,51.04
29,31895.66,1000.0,601.69,12726.7,43900.37,1,14.16,17.69,28.78
66,84837.1,2262.24,723.76,65105.77,209132.88,45,23.55,24.95,44.74
30,51626.1,1265.08,642.84,9476.0,100175.05,12,17.94,17.87,56.99
40,54801.68,1345.62,584.61,37065.35,180316.74,18,12.57,20.7,39.5
42,40752.84,1000.0,666.57,22175.47,126776.76,13,15.22,15.18,64.25
52,27834.98,1257.8,590.28,34570.63,31634.72,26,18.05,11.52,76.73
58,80832.23,3356.64,677.5,39033.82,157132.39,31,16.95,24.2,37.53
47,83158.75,1917.29,768.31,60971.56,173840.28,26,16.76,14.5,57.19
34,57020.49,1292.9,680.42,49480.88,41012.04,8,10.98,13.16,47.43
66,47771.08,1000.0,612.32,5088.37,137647.21,37,10.75,11.75,49.75
37,53213.2,2220.82,748.21,48792.94,12854.48,18,18.75,13.4,50.58
65,53706.93,1336.88,684.35,1968.51,194150.95,44,15.35,11.16,44.17
42,38402.53,1213.03,673.27,24819.41,121661.94,16,23.63,13.84,47.62
39,54739.41,2327.11,656.97,65757.81,138253.45,18,12.09,16.06,55.16
30,62755.84,1638.14,615.14,47478.54,203568.41,8,20.08,22.66,35.38
36,78326.83,3085.73,630.42,34738.42,76515.15,8,19.76,20.08,44.1
66,60256.39,1617.45,635.14,11191.17,159736.19,41,15.58,18.95,47.31
53,31625.67,1134.25,655.53,31341.52,68938.69,35,10.99,12.03,39.26
29,66363.86,1783.38,676.15,24811.27,135174.52,11,19.64,19.75,68.25
58,55393.25,1417.62,713.03,59869.8,102419.23,32,18.25,17.64,55.12
36,84667.37,3854.37,701.51,46610.92,83936.4,10,19.48,18.27,39.5
29,85730.24,2821.52,727.37,95564.23,204020.25,8,20.7,14.07,50.86
26,86360.18,2137.1,735.75,88701.97,175467.14,7,18.82,24.76,63.05
24,49891.42,1052.41,659.81,14135.13,145946.07,0,6.78,8.3,52.79
45,95817.39,1324.73,726.6,45048.31,325812.12,24,20.0,16.69,49.75
31,66316.97,2390.87,663.2,64531.18,156003.61,8,15.29,12.89,49.66
48,89274.85,2223.41,757.33,34455.3,204129.05,19,28.66,23.14,68.33
69,50952.85,2031.75,592.43,33694.02,121963.98,45,18.26,15.91,30.97
36,54625.26,1345.36,584.69,27777.73,163832.32,7,16.47,17.51,73.18
64,64932.49,1619.7,696.08,40953.12,68770.43,38,18.81,9.75,50.39
33,62733.8,2413.54,628.46,4189.96,222439.93,11,11.16,8.51,70.07
22,82586.61,2379.78,802.42,52819.35,123723.17,2,15.21,23.08,52.39
52,55821.67,2344.31,723.36,55109.63,69188.47,31,13.91,21.83,77.66
29,80963.07,2604.68,716.63,102544.28,248649.71,11,20.04,17.72,46.07
42,73180.22,1501.77,746.63,25350.47,125477.44,16,15.14,28.08,50.68
69,56158.94,1765.77,671.58,46351.1,25493.63,44,13.11,17.68,54.68
38,71784.18,1000.0,763.4,48324.79,75634.57,17,11.84,20.65,58.45
53,51481.23,1179.6,633.82,8160.35,217362.59,34,15.27,16.15,37.77
40,102303.7,1987.94,829.88,85751.18,54216.79,14,21.06,18.49,35.06
33,15000.0,1000.0,559.03,23389.28,1000.0,12,13.64,19.31,40.44
56,72112.98,1228.42,728.08,30720.7,271313.31,30,13.73,20.2,44.19
62,28237.27,1000.0,557.0,9027.29,104819.82,35,14.68,13.91,44.83
59,55938.18,1316.99,721.17,54348.64,163463.41,39,10.39,14.48,46.58
56,58459.05,1000.0,657.02,19590.27,229424.78,32,14.75,1.0,56.18
31,87137.4,1225.05,742.78,55125.14,283493.93,7,20.22,15.9,52.12
48,47541.26,1087.31,610.22,34717.21,136054.76,21,13.46,21.56,24.28
22,83544.21,1663.52,720.94,80444.15,116092.55,1,10.55,9.71,62.58
52,38781.3,1000.0,605.56,26682.97,111213.5,33,6.66,9.4,58.81
40,84240.06,1485.89,772.96,10705.53,186270.12,12,19.53,18.05,55.7
46,51461.78,2076.55,689.64,64728.11,57011.89,20,18.04,12.16,46.93
60,61321.82,2163.27,689.75,51811.18,250318.22,39,17.83,17.04,51.17
28,53945.18,1544.84,725.57,55929.7,130193.13,3,18.41,16.85,67.11
35,83082.54,3555.59,754.54,36305.95,257054.88,16,16.91,12.25,38.15
64,79579.32,1073.13,657.94,85438.47,253846.89,39,21.65,19.43,41.64
29,67983.03,1631.45,652.0,44947.59,118718.81,1,18.48,12.05,45.44
26,39266.37,1568.54,649.3,27853.57,104891.87,0,10.73,12.27,36.92
27,47129.61,1576.15,626.75,30804.19,159058.01,5,17.29,16.73,84.89
61,41485.62,1876.1,606.74,17824.88,99614.43,37,15.63,25.8,48.61
34,19533.43,1000.0,515.2,20008.66,68842.82,10,20.32,15.22,39.48
55,82703.73,1502.29,730.1,86170.21,107521.13,26,25.17,26.67,35.29
24,54099.18,2429.03,644.95,34282.69,188363.31,0,14.95,8.24,62.47
63,53907.11,2372.87,683.8,62021.46,94208.67,43,13.3,26.63,59.6
30,86929.84,2169.22,749.78,63080.91,279048.89,3,26.49,25.52,67.56
57,51432.21,2327.96,711.74,51698.83,182776.04,36,17.9,18.73,71.12
59,44871.52,1000.0,605.14,47348.5,57095.86,32,13.62,17.59,41.32
26,55954.58,1931.83,677.06,35710.2,16912.64,5,5.65,9.28,32.94
67,39611.96,1000.0,544.33,35021.68,68560.58,40,10.18,10.06,74.87
44,66198.4,1113.16,728.25,16038.28,185387.17,22,12.49,9.06,40.2
19,53274.08,1691.51,595.89,54955.16,105690.34,0,14.6,16.23,60.64
22,50869.11,1155.32,678.26,34694.93,187618.13,2,18.18,23.99,43.9
46,49309.74,1712.4,565.1,21013.15,140188.33,25,18.79,8.82,63.48
54,58088.01,1771.65,627.75,16890.55,145276.69,34,23.31,32.38,35.88
55,61502.66,1573.63,722.21,58315.76,122099.92,36,20.81,15.26,80.82
36,50640.45,1000.0,722.32,40972.57,213848.59,9,8.56,12.54,52.69
25,53542.21,1742.35,538.39,5879.19,167041.61,0,20.5,15.73,38.32
65,58532.59,2349.56,626.56,57044.8,58826.38,39,24.52,21.87,24.54
62,56716.47,1843.29,752.48,24604.29,153047.97,44,24.09,23.5,49.47
18,60559.37,1989.42,688.07,35835.37,254590.92,0,9.99,11.1,64.5
39,47819.93,1413.62,597.01,36464.04,151511.18,14,13.83,15.57,44.14
69,78082.67,1986.53,800.71,22456.42,328820.7,45,22.61,21.38,64.21
34,61742.91,1713.28,711.57,59363.82,231293.52,5,10.38,15.08,36.86
24,50930.76,2316.57,657.74,33282.47,92026.62,6,6.47,12.01,58.14
42,66198.92,2481.73,612.32,75444.36,299016.04,20,18.19,6.89,47.64
62,58661.37,1575.17,770.3,43977.04,28362.73,35,12.49,12.07,54.42
21,28791.13,1000.0,598.18,34228.1,28832.07,0,4.72,15.0,38.87
53,66137.15,1928.19,684.48,45028.72,144652.31,31,22.76,25.16,44.21
23,41648.89,1435.93,690.73,10741.23,139753.41,2,14.99,9.91,35.96
48,76819.7,2153.41,689.21,72581.89,94440.08,30,15.08,13.7,62.84
36,55648.51,1968.43,617.74,39745.36,52416.9,12,10.75,11.38,43.01
61,74041.27,1737.97,678.33,83801.73,54949.91,35,18.28,16.57,42.33
56,48656.07,1274.2,628.87,42581.62,115631.5,33,17.44,16.4,42.45
44,61258.73,2530.09,684.98,74057.31,188234.53,24,17.76,14.88,57.04
27,81784.38,1918.95,774.16,73390.49,269849.03,0,10.58,7.57,23.24
43,55157.7,2462.68,609.18,17268.71,178098.9,22,17.9,28.16,35.35
36,49365.29,1000.0,661.74,24688.05,81380.15,9,18.41,18.8,68.22
56,71790.73,1475.73,688.26,71929.51,133247.45,34,15.46,14.74,50.56
20,71441.91,1997.23,709.46,74131.0,53325.16,0,22.34,24.4,48.68
62,50122.52,1958.8,704.78,4095.11,89916.04,33,10.75,4.73,55.6
30,24261.7,1000.0,594.96,27270.48,50241.13,12,18.88,20.95,55.51
67,49019.59,1000.0,672.98,44308.26,112090.72,45,15.56,8.57,62.4
45,72192.47,1471.97,688.85,61870.03,68855.83,27,14.74,17.13,41.84
37,46049.38,1458.63,724.79,26055.92,27737.95,11,13.01,9.79,40.07
45,59803.12,1335.93,709.65,22550.87,82751.2,21,20.98,23.19,35.02
25,48165.27,1280.11,625.38,51703.84,169469.27,5,16.0,29.49,65.68
58,25220.99,1000.0,627.01,13323.51,52664.51,32,15.75,16.79,60.42
56,47841.34,1545.67,669.13,25971.11,169917.14,37,20.16,11.64,58.06
18,72116.38,1504.95,659.51,77373.6,57552.43,0,14.58,11.95,41.28
20,17335.46,1000.0,561.01,500.0,46543.12,0,12.37,15.38,34.78
30,64539.01,1664.17,650.05,71574.51,161879.71,4,15.33,22.07,62.42
45,38650.75,1000.0,524.15,24429.75,13448.53,22,18.95,12.68,53.78
66,70951.96,2132.73,693.38,63842.95,206762.16,39,15.18,24.99,35.15
42,72857.74,2949.78,769.6,64026.18,126306.62,20,17.52,20.43,58.22
50,56904.94,1000.0,737.06,68106.74,221906.43,21,27.17,23.96,75.81
55,56945.97,1000.0,647.86,44937.91,157641.16,31,22.12,24.8,46.42
23,45485.47,1000.0,623.61,41146.17,159537.88,0,9.37,5.23,49.29
61,35779.5,1458.45,670.16,2983.74,134077.48,39,18.09,13.09,59.4
62,90565.67,1375.71,801.88,39903.95,204840.95,43,22.5,13.88,64.56
49,44428.71,2011.82,655.31,22882.63,172070.73,24,8.94,22.46,46.91
62,88220.33,2156.49,770.94,65261.95,50073.64,38,18.27,17.86,26.87
64,44529.0,1044.59,666.2,31240.7,141236.22,41,9.71,12.72,57.04
38,69453.43,1080.31,707.02,42928.08,194516.78,16,4.98,14.15,38.45
33,39519.47,1265.47,687.39,39580.52,100832.27,11,13.22,7.13,55.38
38,69421.11,2223.52,702.88,68620.49,129194.6,12,14.41,11.02,63.73
28,54139.43,1567.89,656.33,17516.67,37159.65,10,9.91,13.7,58.04
54,54374.71,1243.4,570.63,48285.06,158236.5,28,15.39,24.21,49.33
53,70980.42,1759.32,760.56,13147.72,138245.33,30,6.49,13.98,44.2
52,51555.46,1195.23,611.34,36792.61,71429.52,31,15.36,17.53,39.41
36,34293.33,1000.0,496.23,43859.17,31525.45,9,13.51,15.75,53.11
37,73703.5,1760.99,713.06,83809.83,146379.85,13,20.76,25.16,39.97
35,39373.79,1378.76,602.9,41008.57,45943.95,9,5.92,4.32,57.26
64,69297.31,1549.46,728.14,37358.45,294199.47,42,27.63,25.83,62.64
58,77513.94,1875.42,761.75,52983.23,106283.34,36,26.53,25.92,51.16
66,53241.11,1438.33,622.47,18888.44,3105.77,41,11.46,11.7,36.31
31,81282.35,1026.76,850.0,18624.92,83590.18,7,25.43,22.14,34.57
32,68672.11,1984.81,696.96,94067.41,89525.25,7,21.15,11.75,43.84
48,47474.49,1000.0,566.45,36847.74,159012.16,20,12.55,11.03,39.41
18,85225.72,1224.84,826.9,95585.47,125131.05,0,15.49,4.02,54.31
20,39449.91,1691.11,651.13,41136.49,1000.0,0,11.29,16.27,40.88
33,53219.39,1237.21,678.06,43725.43,186248.87,14,29.45,26.24,67.49
40,56286.33,1503.01,649.27,60572.87,89974.34,14,22.43,20.03,70.1
28,70894.03,2841.3,714.74,31486.6,67064.98,8,16.08,17.55,53.68
29,80077.8,1446.18,642.65,49934.21,175387.02,6,17.43,18.7,36.36
27,78950.25,3224.61,724.65,62515.32,173102.29,4,22.13,18.77,27.84
49,64027.47,1316.06,802.64,10023.96,210666.21,30,20.42,12.32,51.5
33,54955.16,1765.96,621.92,5739.78,172048.02,4,10.71,14.99,44.56
25,27132.28,1000.0,589.35,38124.84,94472.94,1,14.2,9.99,39.57
55,36345.37,1550.75,533.22,21421.02,108355.77,29,10.87,14.36,42.7
29,91799.8,3006.87,751.97,102529.82,336294.74,0,19.94,25.51,82.98
41,26950.7,1000.0,523.92,500.0,118090.38,14,12.46,22.58,70.63
45,45879.17,1448.66,656.87,48955.04,46894.15,17,19.68,20.67,72.32
25,80602.91,1550.48,751.52,71995.26,180901.79,7,16.72,15.16,47.56
45,63774.84,2262.04,632.69,45640.0,123590.5,20,16.97,14.51,46.51
53,76704.81,1436.63,734.09,30116.24,129233.09,34,8.28,12.49,57.12
43,69770.91,2168.13,714.88,71198.14,70963.91,25,18.6,8.3,51.64
25,86452.49,2946.89,767.23,93438.0,315658.85,0,14.75,11.3,59.23
67,65317.69,2772.92,734.38,55030.61,82305.58,45,8.95,7.45,28.39
45,71942.06,1978.86,786.25,33218.91,175838.19,22,22.84,23.04,57.65
45,46963.56,1800.79,613.27,37802.68,82899.8,22,14.49,14.86,31.08
54,70553.99,1275.92,697.88,72851.06,154599.79,32,6.67,10.44,16.27
58,52869.73,1000.0,650.81,56343.28,94769.47,33,11.37,12.34,41.23
53,51844.09,1554.97,596.94,25545.02,141694.43,33,15.21,14.55,59.56
44,76105.02,2464.13,682.96,61417.66,208644.86,17,17.78,18.98,55.04
34,76229.22,2559.63,754.03,40616.15,276747.68,13,15.13,19.08,48.81
26,90391.96,3376.66,850.0,75402.34,190516.6,2,2.21,11.89,21.67
50,89218.74,1992.35,720.87,80754.6,218511.11,26,16.16,16.18,29.55
37,76511.67,2544.29,832.73,29723.74,266296.13,8,23.01,26.37,50.23
30,29031.98,1000.0,561.61,16822.03,29331.22,5,19.92,26.89,49.32
45,92898.26,1839.38,833.23,75458.39,143692.41,26,16.25,13.33,49.07
65,76523.42,1128.23,748.89,19421.86,121391.22,37,27.07,27.91,72.67
46,46214.52,1728.42,647.41,23798.98,66911.48,17,6.54,6.73,47.42
30,73120.36,2149.72,700.15,26832.73,242473.54,11,13.26,20.42,66.91
63,41329.22,1000.0,624.7,36745.05,113643.78,42,18.59,18.95,39.34
52,71135.34,2208.13,681.41,33102.32,169053.81,25,20.78,17.58,23.58
23,36307.14,1000.0,651.48,23178.23,106567.27,0,13.58,9.97,64.88
35,45452.07,1836.58,686.66,56776.85,167979.49,8,8.95,8.4,64.26
68,72778.72,2191.0,689.06,56101.96,53124.53,39,11.67,12.39,62.03
22,79311.96,1070.21,664.11,29597.73,224881.99,0,14.3,20.63,41.1
64,65857.86,2985.77,682.82,64662.69,102943.17,43,11.19,11.35,37.87
42,54848.96,1000.0,754.03,33150.18,186544.95,16,16.14,14.04,43.48
19,21932.41,1000.0,576.24,24057.64,114623.16,0,11.73,22.08,57.94
27,56237.62,1522.64,720.62,53593.1,204366.38,0,9.82,9.86,38.52
47,69602.73,1448.47,667.06,10593.49,109030.88,25,15.19,9.85,52.96
67,54298.23,1903.08,641.02,43280.29,30097.36,40,2.18,1.0,51.82
62,59593.6,1000.0,664.8,69934.62,215947.4,36,17.66,13.67,56.26
22,56658.89,2329.15,617.28,18338.51,202091.76,0,19.25,18.46,42.38
50,54209.29,1130.47,670.14,29310.23,112281.26,30,10.86,12.74,58.4
18,61365.79,1506.44,647.27,48436.08,99768.51,0,12.2,10.45,53.02
35,55091.5,1850.42,707.98,14528.84,51616.13,9,16.8,9.03,44.55
49,85979.21,1077.69,761.95,15398.51,161905.31,26,19.13,13.96,62.63
64,20284.46,1000.0,627.49,22677.71,54123.46,43,15.89,9.52,47.56
66,50174.83,2122.81,575.04,62835.95,43794.01,45,11.13,1.0,61.53
28,44335.39,1559.74,609.11,57097.03,113333.72,3,11.13,1.21,62.93
38,63943.99,1626.1,673.5,15101.7,80488.23,14,15.29,17.19,58.68
43,61388.61,2118.78,705.01,43377.4,76462.82,25,10.81,11.04,47.39
42,89199.48,3899.71,748.61,74985.29,138800.56,19,17.71,20.33,33.67
39,95120.56,1784.48,850.0,88079.97,193566.38,14,14.26,11.63,32.12
44,46084.5,1392.99,629.97,51198.36,211767.35,24,16.7,13.65,81.08
66,60009.0,1219.66,639.28,34592.78,160360.02,40,11.32,8.63,51.03
30,63533.48,2603.23,683.36,15288.26,216515.48,3,17.62,12.88,68.42
50,45639.35,1667.43,622.26,45368.11,68354.34,31,21.85,16.5,53.1
51,71310.88,2795.57,755.7,49673.18,44043.33,28,19.27,27.15,48.82
58,55688.87,2446.62,648.54,10306.94,99229.67,29,16.45,15.96,49.01
52,40782.57,1000.0,553.93,18024.33,61668.27,34,7.26,6.12,47.83
18,54967.77,1000.0,672.89,64288.33,123937.19,0,22.44,25.51,56.82
38,42041.86,1000.0,596.84,57092.2,79749.56,10,19.78,18.72,71.81
65,78659.64,2029.78,684.01,49132.28,48173.69,45,17.08,22.36,57.46
23,94228.07,3141.44,783.7,43727.39,157518.67,1,17.5,19.74,58.31
45,64406.75,2517.67,687.27,12216.57,86696.45,27,12.37,14.35,58.52
34,62002.98,1498.0,676.09,29710.36,255249.95,9,25.15,24.1,66.58
22,62743.83,1774.6,699.95,49972.6,158653.47,4,20.19,21.03,59.03
48,81280.21,3144.1,717.79,42906.66,177712.33,22,14.34,8.67,55.87
22,80892.58,1618.74,747.89,51859.99,205843.11,0,23.59,22.1,65.08
55,57918.24,1143.17,647.22,48205.9,60976.88,27,22.49,22.15,59.14
20,64546.62,2074.6,730.64,50410.79,175677.34,0,16.35,18.49,53.39
40,71747.64,1939.71,714.17,73188.25,315895.66,11,15.45,13.38,59.97
54,39521.63,1744.09,697.3,7390.21,113266.44,35,8.99,17.32,32.8
54,81826.95,1996.66,723.21,29486.86,153560.7,36,21.72,21.33,52.49
27,91226.97,3450.07,789.75,120989.18,246999.59,1,16.99,14.83,52.84
27,80970.58,2585.91,793.75,79019.35,212356.66,6,15.75,18.05,61.29
36,37579.31,1000.0,636.87,17553.23,133125.41,7,13.7,19.8,41.83
34,24539.99,1000.0,579.94,3765.52,55756.73,16,8.36,7.22,41.81
38,72756.94,1402.16,733.39,64903.39,39201.84,20,24.92,18.15,44.32
31,46316.59,1000.0,661.79,9908.08,103184.15,7,19.47,22.72,60.91
26,65168.4,1530.09,708.91,26003.01,268609.94,7,16.9,21.65,32.47
63,87632.68,2786.69,762.24,78788.76,306350.81,39,14.51,14.61,35.4
18,48174.81,1569.48,677.7,42329.98,146000.92,0,10.83,11.65,27.53
68,53204.02,1707.44,655.8,49933.08,72865.45,44,11.11,17.22,36.01
62,64981.01,1067.01,650.63,11111.89,193321.63,35,10.34,8.26,45.24
30,36644.83,1191.23,702.56,40190.36,48483.08,4,15.28,3.76,66.07
21,46358.59,1212.66,678.56,37905.38,73174.65,0,11.42,13.56,67.44
18,60447.44,2575.17,640.32,54600.89,76804.82,0,12.55,14.35,35.57
66,54591.81,2341.96,652.78,38127.39,167276.24,37,11.39,17.64,40.12
57,70951.34,2703.66,687.22,84548.89,75455.14,32,22.11,24.49,55.37
49,109787.63,3945.43,806.95,48831.88,324416.24,24,17.19,25.35,45.63
51,61784.49,1009.05,724.37,15949.28,84920.4,30,22.52,22.1,41.41
45,44849.18,1000.0,619.62,4354.59,175182.05,20,13.05,25.19,27.4
48,85528.33,3466.27,842.81,62407.41,140609.05,27,12.33,19.49,34.39
25,31401.27,1000.0,514.7,35198.73,146137.65,0,15.49,16.4,67.79
56,34999.65,1000.0,603.66,42925.37,78496.44,34,17.94,22.9,62.39
43,49288.14,2008.97,587.95,28086.18,106904.21,22,10.64,7.99,80.15
51,54908.04,1823.74,679.46,45143.63,65089.45,28,15.81,14.67,59.37
20,48856.69,1000.0,666.7,15117.81,132493.4,1,16.48,15.78,41.84
67,59432.78,1160.95,718.75,39325.36,81587.59,38,16.42,15.55,52.16
29,64945.35,1000.0,639.62,49085.87,57126.69,10,14.2,19.21,57.98
18,79241.27,2867.66,757.14,38812.56,233828.53,0,22.33,26.15,64.16
61,61641.39,1768.31,645.62,77318.86,173558.85,35,14.91,19.35,44.9
22,49884.97,2203.19,653.97,40779.74,59922.61,0,11.96,10.24,48.08
47,78263.62,2841.0,714.9,31649.16,129188.02,27,9.0,14.7,52.37
47,45281.12,1000.0,578.94,20872.63,137187.98,20,5.75,15.09,35.09
34,30613.15,1000.0,624.34,24473.02,113657.94,13,14.14,18.53,63.72
65,81707.21,2387.82,733.49,25419.1,247136.28,38,17.79,10.4,34.44
64,80553.36,3490.31,780.25,51259.15,152959.23,35,22.49,15.9,35.22
40,45738.63,1000.0,679.02,40018.28,146400.36,15,20.23,21.95,47.31
32,52816.22,2113.67,717.46,18682.1,69409.83,11,14.06,20.66,57.47
54,43495.3,1000.0,607.68,37055.45,82147.01,26,19.09,13.47,61.7
38,65879.24,1416.18,655.84,73509.51,146991.64,11,13.78,14.62,55.31
31,91176.89,3879.25,827.56,93931.81,320233.26,4,18.37,18.08,45.37
19,72651.87,1022.55,722.58,78437.28,310594.99,0,16.37,11.42,51.82
28,78643.04,2715.13,796.63,35357.19,297597.87,6,25.76,24.45,50.75
68,74755.11,1042.01,671.04,26014.98,204367.77,42,11.08,14.73,56.97
56,59997.86,2351.44,710.98,55501.13,117067.14,35,16.3,17.26,50.63
55,79500.13,3191.68,740.44,74942.13,91137.37,35,14.47,20.12,64.24
51,73410.55,3103.69,718.37,46307.08,86906.44,32,15.85,15.89,57.92
55,85910.02,1606.78,743.26,75141.48,196983.66,37,16.88,20.36,45.25
67,51728.12,1000.0,605.21,57017.84,125412.63,39,15.53,18.02,44.62
51,28713.99,1000.0,616.01,4852.06,57278.13,28,19.61,22.03,51.17
35,78814.52,1698.8,718.8,69046.12,210393.73,8,27.39,21.84,55.0
47,66295.85,2168.53,708.4,500.0,188931.2,28,19.91,21.62,60.07
32,54671.17,1619.63,750.97,17518.09,254214.99,7,10.57,18.22,54.5
44,55677.25,1000.0,642.87,48796.34,95333.56,21,14.69,19.98,42.71
68,105984.35,3936.51,804.56,35450.1,266851.73,39,21.9,26.48,73.12
51,48440.5,1903.36,637.99,50798.11,97240.17,22,12.81,14.93,49.98
69,44640.54,1991.03,616.18,8225.92,60801.7,45,13.08,22.17,33.28
55,61535.12,1580.51,668.26,500.0,85264.87,36,15.8,14.64,55.5
50,81248.84,1930.3,775.14,29816.08,111124.13,26,21.99,19.14,38.63
41,101011.24,1910.0,850.0,81490.62,233245.48,22,22.75,29.7,56.74
32,71832.57,1330.97,721.34,40706.18,170648.24,10,14.13,17.23,50.19
47,37132.64,1000.0,644.69,22102.85,100446.65,28,16.68,21.24,50.38
59,95475.56,4318.09,778.65,92426.01,309951.19,31,28.17,16.15,42.32
68,59649.56,1000.0,670.04,60545.15,91517.5,41,8.4,12.7,41.72
34,44921.23,1000.0,616.77,12149.11,112553.76,6,12.31,15.01,48.58
22,40570.94,1000.0,587.3,46630.13,140492.43,0,11.49,15.94,51.17
46,75053.92,1622.74,780.8,85111.5,143218.12,27,17.9,20.32,72.49
21,64298.93,1001.78,670.31,32187.97,10889.43,0,7.31,8.44,43.09
27,66211.36,1949.5,726.13,45126.27,51989.42,1,23.43,33.65,57.95
34,83157.06,2254.54,711.8,90152.95,265513.68,12,18.55,14.06,36.59
27,45561.22,1000.0,638.75,11035.67,78086.97,3,16.05,15.06,27.53
34,84590.78,1550.29,753.74,66429.0,71155.88,13,19.37,23.26,48.79
37,50655.17,1690.38,614.66,47833.3,145156.95,18,12.48,8.71,66.45
41,98952.13,2513.78,781.25,16521.53,98689.37,21,23.39,21.14,38.1
22,70777.3,1017.29,664.25,58370.61,283984.94,3,17.1,20.9,62.18
51,43435.71,1875.25,631.06,19556.77,171876.61,29,3.92,5.48,58.15
23,23542.47,1000.0,491.4,500.0,53221.22,0,11.81,9.94,68.44
19,74560.65,2400.97,721.08,68314.26,103937.32,0,16.07,18.48,61.59
30,53264.76,2237.85,689.09,28488.17,82142.44,10,18.81,19.06,43.44
60,57199.82,1481.78,671.02,55036.02,50647.16,39,29.23,22.43,38.08
60,73791.53,2940.99,689.87,18893.92,94247.87,35,19.27,19.29,26.08
65,78187.45,3361.41,705.34,25529.94,190537.53,44,28.42,24.88,74.04
28,82026.79,1501.27,800.45,24280.61,127439.34,4,14.77,20.35,62.13
68,38852.86,1641.52,623.68,57871.26,136452.36,39,10.77,7.8,51.8
64,85666.11,1413.01,795.0,25932.8,43886.5,41,17.33,13.04,18.75
40,49577.18,1074.38,691.15,500.0,53015.97,16,17.08,15.81,58.38
33,19387.5,1000.0,538.1,12409.8,19877.56,15,8.74,9.84,50.95
48,38788.07,1649.38,571.29,27698.75,88169.45,28,5.82,13.89,49.09
28,63924.45,2256.83,720.85,17850.63,147279.77,5,16.51,17.38,47.38
33,42381.34,1000.0,588.57,50712.39,137768.52,13,8.52,14.3,50.42
25,58415.2,1748.55,648.68,82868.51,147773.72,1,21.42,27.22,42.25
21,66088.54,2087.59,702.93,38386.76,173183.65,0,19.83,14.88,55.71
57,56735.06,1242.23,658.9,39256.25,250561.2,37,11.88,20.59,30.91
21,51101.62,2327.33,549.17,41961.86,120420.31,3,17.39,17.34,66.06
42,37487.47,1000.0,556.91,48242.19,78848.74,15,11.01,1.22,58.26
20,60394.99,1178.22,726.58,74848.67,55013.49,0,15.78,17.25,62.02
49,22830.77,1000.0,564.83,14038.57,85832.82,20,12.07,6.56,29.38
20,47652.04,1196.86,675.93,24792.34,112742.19,2,13.09,7.58,53.31
44,43299.89,1540.93,593.38,63523.92,25522.3,26,18.48,12.99,59.48
46,55691.22,1125.74,617.04,35350.13,114244.52,21,9.97,11.64,56.26
49,56160.06,2142.59,700.97,32574.5,156319.64,23,18.3,11.58,71.26
67,77279.22,1314.78,790.18,63128.77,20082.06,45,19.25,24.83,36.09
68,88502.59,2405.7,726.24,89156.2,273358.27,42,11.83,18.89,40.88
36,39879.98,1432.19,665.44,15336.55,81956.46,14,10.02,25.03,53.81
38,95870.99,1630.8,743.67,99660.82,193942.8,13,14.12,14.5,51.97
22,45972.68,1490.81,564.25,43507.72,75085.96,0,12.77,11.55,62.08
35,63105.48,2469.43,715.68,64279.43,153864.21,11,16.55,17.68,29.16
45,69195.53,2238.59,664.61,57621.91,38298.55,24,12.28,17.94,44.23
59,104002.49,3073.15,757.55,69419.23,248795.97,40,25.25,29.15,47.4
39,50238.92,2031.83,597.23,56306.9,172017.47,17,20.31,16.21,61.67
38,27658.72,1254.25,567.32,14703.84,91987.51,10,18.94,23.31,66.3
23,86826.83,1610.1,683.95,94440.18,103069.26,0,5.09,13.58,52.48
18,44999.28,1599.49,661.74,500.0,110769.73,0,24.24,36.78,81.0
22,53491.41,1000.0,682.14,500.0,97953.58,0,16.18,23.41,52.41
58,39880.51,1000.0,641.27,36812.42,115717.46,35,14.22,24.35,39.61
29,53543.33,1170.49,714.98,30598.12,108645.93,11,14.84,25.35,71.13
43,44872.95,2013.18,678.31,33113.22,25851.56,23,7.88,7.23,44.65
63,72175.95,2230.71,675.68,83914.54,82527.27,34,19.02,14.51,39.24
51,61454.25,1317.73,714.7,43632.35,181608.89,30,24.21,26.95,64.2
66,47741.01,1000.0,693.23,18234.74,23479.45,40,15.54,14.11,37.69
31,77925.7,3364.27,770.41,65043.1,319019.63,3,12.22,17.48,56.87
43,64589.94,1587.55,733.78,59156.44,246804.75,20,8.83,10.84,63.55
62,26771.13,1000.0,573.54,10227.03,107598.92,41,11.21,14.92,45.22
44,76554.66,3146.3,700.5,42884.39,67710.82,26,13.94,16.44,64.66
26,63327.62,2067.44,679.43,63860.92,159162.57,1,19.85,22.53,59.06
43,85033.18,1540.9,723.67,50968.73,179362.42,15,25.36,16.86,35.29
64,62230.51,1652.24,731.84,38383.58,175528.38,45,18.57,11.59,59.22
39,45749.23,1987.39,645.65,33571.99,63764.84,11,14.15,14.44,68.45
64,56322.68,2395.97,706.04,40300.56,141558.33,36,14.97,16.08,52.59
47,74470.55,1104.92,658.22,50503.51,55422.67,22,17.8,25.85,46.17
60,46126.73,1000.0,618.29,29106.78,39874.42,37,8.81,13.33,48.24
65,52074.66,1000.0,610.09,60520.7,221428.51,40,18.22,18.97,41.39
34,56009.61,1696.74,594.87,41631.85,226132.77,11,10.2,10.89,66.15
43,39311.31,1474.15,631.43,28684.6,120127.16,21,19.51,21.26,54.73
53,46386.18,1036.8,591.26,36096.06,163333.15,31,12.82,12.83,51.76
18,63105.9,2383.29,672.53,27333.07,83977.41,0,20.46,13.41,54.0
25,81644.6,2840.46,701.22,75037.22,237319.49,0,10.8,17.91,63.92
66,65708.65,2416.37,678.79,41850.56,149818.63,38,20.69,17.01,37.86
52,59174.5,2610.08,704.02,16312.41,131652.54,27,22.73,18.79,80.21
69,45037.13,1200.41,592.06,17500.48,115383.42,45,8.1,3.57,43.83
32,79712.89,1906.65,718.72,76075.47,274781.33,7,17.4,19.09,55.3
64,67803.1,2393.1,727.19,70493.43,216110.56,35,18.45,26.47,36.89
39,47278.86,1863.67,672.51,52959.65,188838.09,14,16.65,8.11,71.24
31,76175.67,1438.31,710.8,44053.22,214475.35,7,15.92,8.11,57.65
43,70072.39,2853.81,723.51,80276.46,119416.88,24,14.43,17.12,59.18
45,45356.45,1000.0,672.85,24873.63,17093.62,17,15.8,17.39,43.27
40,58175.19,1000.0,626.97,50763.3,261057.97,14,17.58,14.94,67.72
31,51130.09,1000.0,621.27,20125.91,106889.18,7,11.98,10.62,43.23
41,107403.68,4846.29,805.39,19221.87,371087.83,12,16.62,18.09,61.86
19,69571.41,2083.82,728.82,72332.99,119499.47,0,23.01,11.62,52.13
62,63361.72,1000.0,698.49,74051.67,213246.47,39,16.87,10.29,33.48
43,68507.94,3133.5,708.43,62695.69,244699.79,17,5.49,3.8,40.2
31,84824.93,3166.55,708.21,47906.64,184740.12,13,24.57,20.25,41.72
68,58499.16,2365.33,714.69,58613.49,115682.17,40,12.86,12.19,44.54
24,49381.63,1000.0,625.69,24753.97,91883.1,5,15.27,2.69,71.69
20,75197.1,1204.28,713.6,34634.36,67045.7,2,19.39,12.07,76.54
64,56851.0,1686.74,679.34,66648.76,137490.61,37,8.27,13.67,73.65
40,40741.88,1557.94,711.01,30149.81,61366.96,11,12.63,16.38,46.4
63,37235.64,1257.05,582.86,47427.96,165284.98,43,20.31,23.54,47.84
60,87527.34,2935.26,731.49,59667.59,311721.23,32,24.2,24.56,54.09
64,62369.6,2353.61,670.25,89553.62,203905.27,42,14.79,14.82,26.79
62,49387.79,1000.0,700.41,37860.79,14654.93,44,18.52,13.09,41.44
35,55781.97,1927.3,674.06,41523.43,47926.07,14,19.82,13.94,45.67
55,74534.0,1905.86,740.52,68086.43,246744.58,30,21.44,15.76,39.84
52,54718.7,1000.0,700.46,55611.38,199654.94,29,9.74,15.93,42.11
68,33910.44,1000.0,652.47,33978.97,54560.23,45,21.6,22.76,31.48
32,65865.14,2566.55,667.46,32238.72,145218.01,3,14.27,10.16,52.14
42,81750.26,3463.3,768.78,76644.07,129851.83,24,18.72,20.0,32.23
54,80546.36,1766.17,793.51,51390.88,264832.96,34,16.3,19.55,41.32
45,49932.06,1000.0,659.06,50851.73,128968.8,18,16.14,18.86,29.57
27,82845.11,1109.36,711.68,101640.05,43762.78,2,13.96,19.25,65.32
56,63833.1,2814.4,645.84,9786.76,172001.37,28,15.26,15.93,71.77
34,82340.65,2906.23,767.35,55607.08,20454.3,6,19.15,17.09,46.15
56,70326.37,3122.56,659.1,39166.76,216161.1,31,23.16,21.58,40.59
39,32611.26,1346.68,561.25,20153.23,110377.35,19,18.78,23.22,59.59
43,91441.3,2180.77,752.28,87877.04,310493.35,19,24.92,26.24,46.1
61,60932.11,1000.0,695.42,14963.07,178334.35,32,20.44,19.78,34.58
42,70382.29,2050.6,737.41,35418.12,21267.66,22,26.27,29.13,33.45
34,35807.2,1000.0,575.47,51840.89,154763.8,13,12.13,22.78,34.81
30,69095.88,1208.99,648.94,59740.25,250644.68,4,16.12,29.08,66.07
37,79852.7,1619.5,776.29,45999.83,234217.55,16,16.99,29.62,65.98
42,94835.77,3289.68,814.91,51047.05,113760.71,22,19.18,34.5,45.33
21,85207.2,2513.26,776.74,17763.08,64220.72,0,11.34,19.68,56.89
27,69976.04,1580.1,726.82,37852.3,104405.48,3,18.32,4.46,68.78
20,32201.21,1008.72,578.73,21688.62,36117.14,0,15.7,17.05,37.76
58,62380.91,1040.1,679.15,38404.88,2704.19,37,14.95,8.13,50.15
62,49334.83,1859.44,651.42,42866.13,90892.38,37,6.15,17.68,21.99
35,64229.6,2327.33,654.76,3143.8,257119.04,14,16.53,15.01,48.85
64,38106.14,1000.0,631.57,8093.62,117641.05,45,7.34,12.37,52.69
53,56217.0,1839.03,674.02,14388.35,107902.04,26,17.76,16.7,65.96
64,50690.7,1484.06,645.98,31724.73,35029.23,41,15.67,24.96,54.41
39,50133.01,1000.0,691.46,13855.84,241495.04,20,16.1,10.34,23.6
51,50311.75,1095.38,646.39,61221.87,90910.93,31,9.73,15.34,32.94
64,57554.62,2636.93,702.35,23917.46,250413.2,45,22.06,15.23,46.26
25,65151.51,1030.56,641.96,24424.63,207318.82,3,17.37,6.48,56.35
57,15027.12,1000.0,582.89,10356.85,1000.0,31,6.93,10.79,46.44
66,17224.21,1000.0,578.86,13292.12,24787.46,45,14.62,9.11,37.54
61,53903.56,1214.0,758.99,77287.24,131222.32,32,15.88,8.64,59.26
36,56440.16,1195.98,741.36,61583.74,77663.4,12,24.83,14.53,55.35
59,63404.0,2675.21,732.35,13491.1,139976.18,37,13.58,12.56,33.02
58,46901.9,1062.84,616.46,37239.85,233185.49,39,8.45,15.58,37.63
54,60170.37,2058.82,640.67,64807.52,173651.97,29,17.46,9.92,81.54
23,62277.42,2315.29,654.21,75589.69,219889.66,0,21.29,25.31,70.72
69,46777.95,1814.39,663.26,35039.34,134232.86,45,26.29,20.71,61.33
43,78242.2,3572.43,792.97,33152.12,282305.54,22,34.92,24.12,61.35
51,63185.75,2481.5,635.07,54673.57,268764.56,30,8.56,17.06,33.88
62,69845.3,2402.71,671.58,49009.55,217766.57,43,16.31,21.24,46.32
23,61239.22,2593.41,685.22,46652.95,16878.64,3,9.9,16.0,42.65
54,97866.12,4178.05,742.5,105159.57,308379.08,30,18.55,19.14,47.93
50,70735.15,3178.76,693.18,17704.93,46407.71,30,29.46,20.26,43.23
39,51216.12,1965.79,709.66,58035.62,54957.25,17,11.02,18.93,55.18
38,74777.4,1420.59,756.8,84452.5,68692.57,11,17.37,17.3,42.08
23,30523.11,1103.72,628.9,47616.14,19282.74,0,10.15,12.78,42.61
23,62152.8,1000.0,642.16,63914.96,111413.87,0,11.2,14.8,56.38
65,65744.89,1518.63,618.67,66652.7,88489.13,44,25.54,27.83,74.28
21,62358.37,1020.2,667.77,3259.54,134654.97,0,8.54,2.84,37.69
47,53991.98,2384.54,557.23,61982.45,50162.43,27,14.99,15.28,40.74
28,41779.08,1000.0,645.7,20893.89,67711.58,4,14.62,12.96,52.35
47,45791.75,1661.04,671.01,500.0,137731.49,23,14.41,22.51,42.98
48,61837.35,1950.59,650.16,24772.76,239428.22,27,14.61,23.9,22.22
41,39956.65,1000.0,646.06,44503.57,46188.62,22,22.07,21.91,71.99
26,91863.02,2867.18,801.54,65504.8,281437.23,0,8.63,4.47,36.88
20,15000.0,1000.0,494.55,8477.01,32798.79,0,13.68,11.62,56.37
68,54178.12,2269.19,644.54,32849.5,54854.52,45,17.82,4.85,55.95
48,61987.01,1000.0,664.91,19623.12,198279.88,30,17.63,22.42,36.66
57,69133.58,1545.44,749.38,37752.87,252684.04,38,12.76,11.07,49.94
54,43513.35,1548.12,663.5,18932.25,143800.45,27,20.38,25.32,57.87
53,80417.31,1097.24,767.01,13258.68,114793.43,27,23.82,18.87,27.08
41,34911.04,1000.0,579.48,31889.77,1000.0,12,9.16,10.43,45.33
48,49809.69,1000.0,710.89,23335.37,63694.01,23,8.99,9.41,51.26
23,71173.46,2477.61,721.67,74856.71,108797.88,0,10.16,4.13,62.19
19,78723.39,1734.44,758.47,61174.68,123668.37,0,19.0,10.16,33.81
37,34727.98,1128.19,682.06,34091.32,33156.0,19,13.71,24.47,51.14
45,107610.66,4807.86,850.0,48510.07,164777.79,26,18.96,14.47,61.98
28,43845.15,1707.39,626.15,17672.16,131672.74,7,24.79,26.09,59.6
21,36380.72,1000.0,586.73,31069.02,56050.4,1,11.33,26.09,60.28
32,69048.87,1950.4,629.12,67051.18,67647.34,14,17.84,15.42,61.01
23,53730.72,1031.05,590.7,31507.58,88336.27,0,14.4,17.38,41.52
66,51071.06,1000.0,691.72,33863.07,165832.88,42,24.92,23.89,61.24
47,70721.59,1566.99,623.25,91250.08,183568.14,26,7.12,11.66,54.81
55,32508.68,1000.0,643.03,5437.54,40968.19,26,11.7,15.64,40.54
68,29361.58,1000.0,624.24,19554.06,38472.08,39,16.01,10.21,45.37
19,49246.38,2165.31,608.81,6227.71,69763.37,0,13.81,7.44,62.57
32,79402.23,3501.25,746.38,59636.15,215929.79,4,11.42,12.82,65.19
28,50027.0,1000.0,676.01,39391.97,121857.64,7,15.89,23.12,49.99
25,88784.82,2928.85,770.49,50739.99,1841.47,7,10.77,17.14,55.24
43,81618.27,1135.45,800.26,8453.96,56317.39,16,21.51,12.98,68.49
68,65093.03,2219.85,632.63,52561.33,93132.77,45,14.44,17.99,39.45
62,66115.03,1085.84,721.03,43487.33,69831.46,44,13.7,15.86,64.72
61,65076.05,2866.39,667.83,33529.07,234306.99,43,21.74,20.91,39.11
22,62874.92,2597.44,610.41,17323.92,46673.07,1,11.27,13.5,49.15
23,53407.65,1000.0,608.01,23269.91,217704.2,5,7.63,11.88,58.76
43,55496.62,2140.56,642.89,45772.02,148885.28,24,11.0,12.55,62.24
21,40740.72,1372.82,623.27,17129.57,85431.38,0,24.31,19.03,59.11
36,20219.23,1000.0,520.11,20274.92,57691.14,12,7.0,8.79,25.3
37,79873.27,2602.9,716.85,56433.3,157680.88,18,19.81,9.63,50.04
50,62830.65,2205.88,670.67,77587.96,166371.89,25,20.5,21.96,48.0
37,60111.8,2523.61,640.76,77560.44,78578.97,13,11.31,15.41,47.45
66,67172.08,2557.82,676.02,40587.99,52657.95,40,12.02,21.7,59.6
29,45088.85,1428.38,661.05,13824.55,87400.68,6,15.41,18.85,38.41
64,41980.88,1678.7,700.15,19611.42,40159.82,43,15.32,14.77,45.5
18,54893.68,2492.03,674.06,58206.49,69182.64,0,22.23,22.99,54.17
43,84625.77,1904.59,759.8,94490.23,316610.35,22,14.62,13.64,46.69
31,38962.66,1000.0,613.27,28641.09,135614.69,7,12.01,10.05,39.14
55,15000.0,1000.0,527.41,8678.51,93313.1,29,25.69,11.03,54.83
54,50614.78,2283.73,677.75,20874.89,134115.75,34,6.1,11.21,39.71
28,80568.6,1320.54,785.95,67158.1,78982.95,8,8.07,13.14,41.03
53,28814.21,1000.0,534.17,10153.21,36927.97,34,5.97,15.65,38.57
30,38754.9,1000.0,662.99,49963.72,151270.5,12,19.38,25.79,46.3
60,64743.84,2485.15,767.38,3458.35,232295.52,42,14.28,16.73,35.18
20,106258.33,4688.5,773.43,76297.16,181722.8,0,18.43,11.67,45.01
50,35552.19,1035.75,648.09,21208.19,79952.62,26,8.73,5.1,28.15
23,34855.19,1000.0,678.16,10264.85,136194.72,0,18.08,18.76,74.87
67,66096.57,2826.11,730.5,67238.67,189334.14,41,9.77,16.33,46.17
27,81684.14,1384.24,737.13,37083.68,320543.63,8,15.26,20.48,50.78
22,48766.22,2058.88,681.35,9691.75,87606.84,0,10.25,10.0,62.9
40,30814.91,1000.0,555.88,1298.99,54350.23,22,1.0,1.0,47.64
27,67807.49,2111.99,689.36,25542.96,143463.23,8,14.39,9.04,59.08
61,71067.15,2139.81,680.23,36823.28,201244.15,38,16.81,7.1,49.62
19,92015.79,3039.52,715.42,24900.23,364497.71,0,15.32,17.4,74.33
30,71825.05,3153.41,717.34,15969.6,234544.59,8,15.84,14.77,82.77
57,74905.19,3311.13,738.4,53001.7,65592.37,32,16.28,14.9,70.43
19,55281.39,2222.58,695.65,43632.95,30670.46,0,14.86,17.79,16.0
37,103947.08,1963.02,610.31,79983.12,275570.18,9,15.12,13.79,43.26
18,52833.44,1247.78,666.72,47168.88,142192.83,0,9.73,21.43,44.62
54,48985.4,1408.86,650.5,52675.93,27136.98,36,15.13,14.64,64.0
26,92571.27,3951.13,728.63,90385.23,273325.7,2,11.88,4.67,46.02
34,33463.73,1000.0,580.39,4947.12,104689.32,11,12.28,1.0,45.93
26,26746.65,1205.77,614.18,10687.84,109924.49,1,20.85,22.27,48.68
28,62152.02,2815.16,690.84,40169.61,117468.49,0,16.02,19.39,48.34
32,59968.74,1946.15,679.11,36633.43,110480.57,7,6.86,12.88,47.68
41,55898.02,2333.73,707.88,57944.6,56988.0,22,16.49,9.99,57.3
55,77890.74,3567.97,837.84,65798.84,252679.78,30,21.88,15.89,49.33
52,43652.29,1782.06,620.04,38235.53,164672.42,29,10.39,20.65,44.68
47,61155.01,2103.55,694.57,40365.62,85295.04,21,14.62,14.31,43.04
48,53518.09,2176.64,620.43,36816.11,114366.82,19,10.96,9.58,49.99
66,43958.07,1000.0,728.39,50265.67,69531.55,42,12.08,20.38,22.48
22,58886.88,1982.17,652.37,62380.1,175222.34,3,12.56,8.65,30.97
61,75346.72,1485.64,644.69,62923.18,75545.26,36,19.71,16.72,36.7
67,98170.23,1606.93,822.49,73460.6,110649.21,41,28.11,30.86,58.63
31,70429.54,2976.52,638.83,32128.32,59708.06,7,17.33,23.76,32.24
28,15000.0,1000.0,603.28,8435.08,62711.75,7,3.79,14.41,58.79
26,59313.48,1222.94,704.46,10460.46,93713.7,0,28.58,28.7,58.92
51,60896.45,1546.33,636.43,26549.51,27332.54,30,19.0,28.39,36.81
29,76851.76,3453.91,760.73,74628.64,51922.68,0,21.62,24.84,60.41
52,63326.59,2611.55,674.96,25348.86,120451.75,31,16.01,17.86,37.36
52,82555.6,1074.82,766.87,31373.74,209967.72,26,19.42,18.65,50.11
18,67050.07,3027.98,643.49,50482.56,81175.29,0,15.0,13.98,47.1
57,88058.37,2182.47,703.75,70534.72,172866.18,36,23.32,15.13,62.68
39,52102.57,1859.05,670.61,40374.81,169094.75,14,12.82,2.91,59.09
46,62598.18,2269.55,772.57,38788.07,231776.04,21,18.71,22.86,62.64
25,74879.55,3211.54,695.61,91843.06,106136.65,1,22.33,20.13,70.1
28,49700.51,2087.52,616.67,39987.9,50636.75,1,21.2,15.55,63.12
58,45779.77,1002.16,622.1,72220.66,144221.24,35,19.74,28.97,52.7
54,48671.66,1652.46,586.46,40364.03,134501.25,29,9.75,17.81,23.7
31,46514.12,1191.86,664.42,42209.15,186411.83,7,22.52,19.98,54.75
47,69406.11,2083.44,748.81,43289.88,263224.92,25,20.26,22.03,26.63
52,26973.46,1000.0,602.62,500.0,44710.48,23,14.23,14.82,32.68
38,31992.54,1000.0,588.34,28259.15,16967.67,17,15.3,13.89,59.66
54,93529.44,2615.38,734.47,29364.67,22229.05,25,18.56,24.24,35.05
22,46948.26,1000.0,733.69,26276.84,170566.33,3,12.36,15.0,57.26
36,63600.27,2083.22,652.22,72315.45,167934.36,8,14.52,8.92,48.1
31,33195.36,1254.74,559.93,25434.44,115392.28,6,19.76,20.65,50.96
43,61694.24,1654.93,604.45,75798.81,130166.66,17,16.57,19.77,45.93
21,47057.88,2121.81,577.19,42936.52,160544.57,0,16.11,24.77,59.23
42,31864.39,1000.0,611.33,8921.39,86270.39,21,13.49,15.89,45.27
62,84064.57,2701.73,732.99,22868.75,100832.21,40,15.07,15.84,41.51
59,81286.18,2597.37,704.98,85320.84,183996.94,40,7.39,12.75,48.8
42,58067.61,1000.0,638.3,30429.83,67834.02,18,19.65,13.49,50.57
35,77989.54,1558.67,710.85,28902.74,268687.71,13,21.11,33.4,39.44
57,94259.27,4023.43,752.88,105271.48,156647.06,34,19.37,28.38,48.05
25,73573.37,2255.06,783.84,23952.24,155918.99,4,11.91,18.18,35.45
56,68634.24,1856.29,689.16,70434.18,254766.55,31,25.97,24.76,51.98
57,63581.09,1675.35,697.3,22175.9,150211.89,32,14.65,8.37,61.95
31,71690.95,3018.57,717.74,23012.56,134559.17,2,18.41,18.03,41.45
49,53449.45,1322.04,664.54,500.0,55144.52,27,11.83,15.77,57.49
68,55020.55,2263.48,648.38,9822.6,47693.05,39,8.75,6.0,50.68
55,68116.04,1553.48,683.01,38001.99,256365.25,32,19.76,16.1,31.23
50,51470.43,1555.27,683.35,27165.0,170728.46,30,7.64,7.93,46.8
40,53415.61,1000.0,670.13,47298.48,112327.13,22,16.49,13.41,64.65
32,60003.36,2400.2,645.88,58587.52,103079.65,6,17.16,25.44,44.9
50,80710.94,2988.93,613.44,49426.49,248393.4,24,12.47,12.9,39.83
42,39612.05,1195.09,591.52,32710.46,102950.54,22,7.48,16.99,36.66
34,73665.21,1000.0,659.78,99763.23,92753.42,13,13.51,12.03,53.27
50,74252.34,2119.3,681.21,38105.11,75971.9,26,14.29,13.27,28.77
64,74144.62,1483.38,662.94,37871.48,119413.92,45,9.77,12.07,29.93
19,45478.57,1195.14,688.62,28830.38,99290.51,0,8.92,12.28,40.25
31,29531.73,1212.21,640.46,28905.92,31921.53,11,13.33,9.08,27.89
57,70074.61,2673.59,744.34,24276.84,118736.01,34,26.96,25.65,32.31
57,63375.7,1303.33,675.1,69465.77,11651.47,29,21.38,14.41,39.21
68,78078.78,3539.45,704.27,87668.75,163752.63,43,18.61,27.28,43.12
56,47390.34,2019.16,574.92,45476.33,146634.2,38,20.38,16.6,65.07
68,73682.13,2219.49,762.19,72285.03,91786.36,45,23.15,25.53,61.54
23,78979.42,2382.94,776.03,28205.82,207203.25,5,16.37,13.66,58.52
23,58284.43,2479.55,697.03,40002.3,45699.85,4,17.12,23.31,78.9
20,67504.73,2275.24,652.63,54915.26,209052.55,0,21.64,17.78,54.81
24,66875.4,2032.32,685.46,27535.75,236986.4,1,22.26,20.31,65.02
68,45213.55,1694.22,630.26,9114.22,171983.88,42,20.14,17.89,42.88
25,69559.74,1414.61,629.17,59155.31,196584.25,6,11.82,11.8,58.73
59,89204.97,3726.92,831.91,81287.12,237275.82,39,24.8,15.02,43.34
69,60399.67,1824.91,620.37,44836.92,205109.12,43,25.33,19.1,27.28
32,33703.35,1099.29,566.03,3462.63,85303.87,6,20.84,21.34,50.16
64,47629.92,1000.0,563.16,7942.79,185359.88,41,9.34,14.27,59.74
46,27970.27,1000.0,574.75,20274.64,56701.31,26,6.11,3.59,24.27
50,83224.7,2224.14,738.49,25993.12,194454.93,28,20.65,16.18,38.51
69,73753.9,1939.51,765.37,92433.22,93537.32,45,24.75,21.93,52.44
47,50975.35,1959.64,610.29,49114.96,110641.74,23,16.23,16.77,56.42
56,34474.92,1000.0,554.59,11123.77,107581.88,29,12.27,15.51,57.95
44,45000.69,1000.0,638.61,45742.18,201714.67,16,14.05,20.04,61.24
53,48511.01,1548.5,552.14,8652.29,151876.77,28,19.95,20.65,49.95
46,61969.34,2045.02,745.82,46844.27,117035.15,23,14.59,10.19,33.97
55,61363.67,1015.74,624.62,32000.08,244393.92,30,18.54,21.45,60.81
50,84145.78,1058.75,834.2,26500.8,346852.2,31,17.76,22.34,39.22
54,47530.41,2048.0,606.95,16526.31,202358.97,34,10.31,4.32,34.45
44,32852.62,1000.0,534.35,22971.25,72407.59,20,8.45,13.27,66.09
50,39174.39,1662.13,643.76,24269.25,108163.54,23,16.54,23.16,45.23
21,59585.55,1537.73,702.4,38099.61,110936.82,0,2.43,3.46,50.88
39,46883.79,1606.64,665.39,28371.94,84302.97,21,17.08,20.45,62.16
19,54743.85,1023.01,668.76,19701.13,88073.15,0,14.62,11.73,54.14
27,51827.4,2071.22,756.27,24608.02,84146.08,4,19.91,17.46,55.08
22,77824.29,1440.25,672.74,70199.67,321842.99,0,20.79,15.15,74.25
27,49434.62,1254.83,709.58,12944.81,142847.7,3,15.17,18.73,40.4
50,53207.84,1087.26,587.22,58502.25,181398.51,29,9.98,15.82,48.3
55,72911.1,2946.84,793.07,61269.85,97550.72,35,12.22,15.66,51.31
30,49830.33,2048.58,665.36,4945.15,48607.56,10,11.76,16.2,24.08
48,67617.82,1683.75,773.02,37485.48,40889.79,27,21.1,23.39,42.7
64,65966.73,1500.48,738.05,49544.98,177096.98,38,25.44,29.61,35.35
53,62551.79,2394.83,589.8,35722.95,242642.14,27,17.9,14.66,59.96
62,39580.87,1653.84,603.53,24811.74,106117.23,43,11.01,1.0,46.27
41,82135.94,2735.18,690.01,68740.5,157317.2,19,15.79,14.01,48.22
69,99972.31,4340.14,850.0,77274.8,272256.86,45,17.8,15.46,44.06
32,60158.91,1520.1,716.5,56309.03,213227.07,11,21.22,23.96,67.03
46,41165.61,1000.0,630.31,26550.19,56914.49,27,11.82,2.01,46.47
25,60523.85,1118.97,663.01,31815.01,249797.13,0,15.83,17.43,56.19
22,77817.48,2710.21,752.51,30627.31,230772.13,1,24.51,28.87,46.72
46,48926.62,1276.21,603.66,69136.86,172643.33,24,12.06,13.51,58.49
64,57679.81,1021.54,685.7,24207.58,109544.0,36,18.55,20.83,60.41
21,66131.77,1470.83,692.85,64444.31,89335.46,0,21.12,16.24,35.7
29,81654.86,2464.9,708.21,74169.74,230154.94,7,18.48,21.54,46.77
62,73957.63,1223.86,753.17,53364.43,73416.93,40,27.17,23.57,39.76
19,74703.62,1000.0,808.97,30121.15,268116.85,0,25.8,20.22,59.81
44,52327.17,2254.08,592.71,27678.76,165511.82,16,16.55,16.87,51.61
48,67234.54,1523.67,744.22,100323.11,70241.53,28,12.7,18.09,55.24
68,47004.66,1000.0,604.68,26187.67,64653.79,44,10.92,12.09,35.97
68,75219.47,2691.56,751.94,61334.32,274266.07,45,18.59,17.18,46.14
53,80721.95,3305.3,714.39,67323.77,251162.48,34,12.62,13.6,42.08
53,69960.54,2348.99,696.39,34892.73,234705.69,33,18.34,19.19,32.71
43,53386.61,1120.2,651.12,28134.9,121267.86,15,23.78,22.68,39.25
60,56332.91,2322.11,730.26,23425.49,204297.09,40,15.95,17.14,23.94
44,92517.29,2730.58,773.41,75162.09,131228.32,19,19.16,12.31,66.2
22,53687.21,1353.26,645.8,38507.22,16529.81,1,19.63,18.01,39.54
37,78899.9,2576.68,732.97,87959.06,144343.16,17,20.51,25.67,47.98
28,66100.05,2369.93,783.62,35620.83,211722.19,1,10.87,15.5,68.67
27,53985.54,1743.43,687.16,51917.71,130295.37,5,13.12,20.22,44.63
57,35796.32,1545.5,579.92,27076.04,31729.64,36,23.05,23.2,60.91
55,63808.81,2133.38,758.84,7984.48,157181.62,29,18.01,18.7,43.88
23,61639.82,2575.68,693.04,29170.2,192927.9,0,11.13,19.99,54.38
25,92517.62,2966.6,738.72,62617.47,215194.35,0,18.29,15.59,50.31
40,44516.53,1045.66,651.27,51951.9,118358.35,16,5.54,6.39,31.27
64,101305.83,3063.82,797.16,97188.0,246838.25,39,10.84,21.27,67.44
43,66818.59,1027.53,548.26,67599.87,52554.27,21,21.59,24.64,64.0
63,66800.93,1347.54,715.29,23343.93,195244.36,42,16.66,15.25,44.53
60,49324.7,1876.36,599.58,23348.13,58705.68,36,17.53,14.1,36.76
29,65664.71,2268.66,639.72,14638.24,237603.7,11,22.36,15.49,44.15
43,68514.92,1236.74,618.11,24960.19,137528.24,20,18.55,16.39,47.11
30,76871.89,2083.27,736.38,56369.09,254835.21,5,21.35,24.56,42.49
57,42390.2,1000.0,620.53,39991.04,200105.71,33,15.53,5.0,47.3
35,85322.06,3500.53,798.67,35940.99,169880.16,16,24.96,27.95,69.83
42,66505.48,1073.33,663.63,79869.36,134979.54,18,25.52,26.4,47.52
50,70948.12,2434.08,691.19,31756.44,232575.51,27,18.09,12.5,65.76
64,56023.04,1833.82,757.15,7980.68,36500.88,42,16.39,16.77,33.72
57,43293.43,1223.44,541.01,22741.43,2442.17,36,15.93,13.62,60.18
60,61309.04,1334.97,738.64,6660.46,163203.54,42,15.6,11.4,60.55
29,63371.32,1645.45,655.02,17069.06,49798.65,10,14.34,16.49,64.02
61,35062.29,1380.74,745.35,19528.31,1000.0,37,18.75,20.82,53.59
53,74279.14,2814.07,755.33,47740.91,341736.32,26,15.43,19.65,47.32
65,77937.44,2893.58,705.55,31929.69,259568.69,45,15.51,6.92,57.58
21,46866.04,1757.2,577.88,16028.69,166593.84,0,19.18,16.21,56.34
22,41593.46,1000.0,643.2,22269.42,119003.06,0,19.03,21.43,55.6
54,54546.7,1000.0,577.7,61600.49,107917.82,29,27.12,28.84,41.13
25,60430.11,2490.72,712.27,75209.94,239433.17,2,22.14,21.76,43.91
59,55244.92,2232.22,603.02,62907.79,185999.12,37,19.66,24.17,55.05
66,58903.48,2074.03,633.07,56403.16,76627.51,45,20.75,20.5,44.12
45,63986.6,2092.16,565.84,77363.38,225952.88,19,15.66,18.6,58.34
48,35371.16,1000.0,611.97,1897.21,22504.77,30,16.35,12.27,60.78
26,37440.68,1000.0,624.89,50378.89,130089.18,0,16.79,20.39,36.51
68,15000.0,1000.0,546.28,15864.07,68750.52,45,8.79,4.62,34.68
46,76965.81,3304.49,653.39,4436.76,214024.68,28,17.45,12.1,40.67
31,60274.09,1631.41,745.38,12698.1,120234.16,2,20.79,15.71,71.88
57,78861.32,1782.82,729.29,60068.7,86244.04,36,17.79,25.84,46.91
58,39520.72,1000.0,595.08,22617.0,87932.25,37,17.01,15.12,52.29
39,60439.33,1000.0,717.46,88300.36,52673.24,17,20.53,21.61,42.87
28,63866.88,1906.04,671.79,34632.42,282138.73,6,20.64,22.25,54.72
40,49887.92,2266.97,669.52,38909.75,155829.68,15,23.64,24.2,46.63
18,32038.3,1271.11,561.0,24471.98,159136.38,0,10.3,7.15,29.8
63,91425.68,3877.9,811.0,75343.32,250061.59,35,27.36,25.99,44.31
54,85187.1,2828.68,791.13,67721.14,103141.23,34,20.89,14.77,53.04
38,53125.22,1516.63,638.98,51453.1,89854.31,15,19.48,10.42,92.96
43,69184.1,3148.93,714.4,52530.17,104448.36,14,20.4,27.78,36.21
63,51273.77,1405.18,652.71,45048.2,33854.88,34,18.36,16.61,46.66
53,42082.74,1812.13,620.62,18310.66,46165.49,33,11.02,11.73,49.46
40,92890.71,3520.08,725.21,67490.02,307321.93,21,23.28,26.63,63.25
18,30203.36,1000.0,543.48,22732.59,82161.45,0,5.83,13.28,45.17
68,54860.93,1605.71,647.25,19972.81,50742.78,45,25.96,20.31,43.39
57,61517.83,1557.08,687.65,44558.17,259960.98,31,18.06,19.44,57.64
32,89722.26,1528.94,729.41,15409.52,154453.91,4,24.77,25.29,63.69
38,76138.6,1857.19,729.07,77492.61,91131.34,14,21.02,13.55,63.21
64,29899.5,1259.74,486.68,26239.97,69560.6,35,13.17,10.88,53.83
26,59950.5,2253.41,679.98,29964.71,20208.7,0,13.29,13.09,32.4
26,60379.08,1313.41,684.61,36478.91,105488.82,0,12.39,14.25,59.9
27,55889.91,1384.05,704.51,36894.17,104079.12,0,19.49,25.64,55.56
69,71156.56,2351.57,777.49,28598.25,67233.46,45,20.75,16.58,21.13
43,34636.08,1000.0,634.71,36922.87,5025.48,23,16.26,24.23,57.32
58,52644.55,1540.81,738.82,56179.18,147366.92,35,14.68,18.13,41.95
52,68618.74,2454.65,704.54,62921.19,239009.51,26,18.93,10.7,62.01
69,72232.36,2027.93,718.78,81213.01,208004.94,43,15.11,17.69,42.9
42,62689.55,1182.68,724.37,59055.38,24161.01,21,12.86,21.76,55.77
43,54808.94,1636.18,659.62,36629.63,211934.32,16,14.09,14.39,55.01
28,57841.06,1409.62,658.63,45452.22,205446.37,6,14.62,12.05,38.82
55,73327.33,1627.22,781.82,63413.0,114724.57,27,24.65,19.92,67.59
19,60610.21,1420.52,714.4,72642.18,167403.94,0,9.24,14.43,41.04
24,41246.74,1119.16,653.43,10195.94,101185.93,5,13.96,8.38,40.96
35,37797.04,1589.51,574.5,10156.58,123642.86,16,16.94,26.19,63.58
44,33186.53,1226.86,642.03,30399.5,147442.97,22,23.25,27.35,54.82
51,86200.45,2996.56,762.3,79698.08,362532.0,33,15.58,19.92,74.74
44,74534.31,2102.51,679.07,23399.81,194468.52,19,11.87,8.08,34.67
34,58083.22,1000.0,705.61,67883.09,77751.44,12,19.42,26.51,60.73
60,51831.74,1236.27,601.54,35440.57,97460.19,31,16.01,23.15,52.71
61,49669.26,1967.22,540.66,47689.93,117768.51,34,13.86,22.6,61.61
68,79678.27,2026.94,657.81,81876.86,193215.75,45,20.16,21.39,65.33
41,94279.8,2950.39,771.66,46415.94,381243.9,12,23.74,22.45,62.31
42,49102.93,1000.0,716.66,48928.34,58217.43,16,18.6,20.14,57.45
24,80491.48,3463.43,755.55,76319.33,147420.95,5,19.56,21.88,54.23
69,60504.23,2618.16,676.9,41086.19,128161.11,45,22.63,28.07,48.99
23,56176.28,1000.0,727.89,34385.13,213718.23,0,16.6,10.63,63.97
41,87075.86,3190.34,784.19,21908.02,349479.86,18,18.92,20.22,58.49
50,59817.02,1000.0,725.53,36838.96,234675.99,22,19.55,22.06,57.35
66,65334.56,2120.21,739.76,500.0,93542.3,42,10.23,18.21,43.33
46,64468.93,1189.78,679.29,45471.65,92266.37,18,19.53,18.0,34.43
60,30739.21,1000.0,581.79,21848.71,47153.64,42,11.56,14.36,38.07
39,65191.4,1000.0,658.07,83235.39,198487.57,18,9.87,12.17,41.32
43,49871.54,2187.46,687.0,20560.36,16790.58,19,17.11,19.33,53.26
45,34419.24,1381.65,548.01,500.0,123237.98,27,11.15,10.83,60.95
67,50691.53,1000.0,612.21,50207.2,191766.11,45,7.0,14.01,41.83
38,50543.0,1641.6,648.48,35965.61,1000.0,10,10.7,15.32,38.16
66,78537.89,1591.43,740.56,108499.48,177244.77,43,26.3,17.02,29.09
24,40851.79,1000.0,648.96,45578.9,100978.47,3,11.3,7.92,45.68
34,45782.75,1906.35,635.47,29959.02,73726.43,14,16.19,16.28,39.69
37,64236.99,1047.76,676.34,38828.4,77807.69,8,11.0,28.99,58.79
58,36135.71,1176.21,640.94,5774.74,90233.44,36,24.12,21.33,59.28
66,48137.88,1245.58,685.56,22083.9,187152.69,40,15.16,11.35,36.87
37,30039.42,1000.0,513.63,31954.32,88416.58,10,9.58,9.0,52.4
39,76560.21,2110.3,777.81,63561.95,27342.44,12,22.08,23.82,54.17
45,54575.46,2393.11,649.02,33942.73,188270.06,16,25.71,31.82,41.28
57,59713.48,2302.17,751.05,26868.26,158416.94,28,13.93,12.34,51.6
66,76488.19,1292.93,700.21,77148.48,93381.36,38,14.13,16.67,46.68
24,46999.16,1918.24,596.24,30378.68,120937.66,0,26.18,21.42,66.8
18,54384.23,2379.2,692.31,36533.91,237462.69,0,14.83,19.34,52.07
49,40986.1,1000.0,718.84,44303.75,70018.89,27,12.92,12.14,65.17
30,40946.93,1000.0,549.82,17661.28,118597.67,3,3.37,12.03,39.93
47,43429.51,1000.0,668.02,26941.5,105317.03,25,14.17,2.51,31.91
40,51135.17,1227.14,678.62,37088.28,1165.17,14,8.33,14.74,49.86
68,53073.68,1854.29,657.75,33664.81,226740.86,40,12.51,13.17,59.24
36,65195.38,1406.38,788.89,32481.01,188053.89,7,6.45,12.75,33.9
49,43958.09,1000.0,545.78,20608.22,184699.24,22,20.57,19.48,47.82
47,65753.39,1563.93,747.32,37043.56,60843.08,19,9.24,5.63,53.71
46,68730.02,1897.35,749.97,42721.22,225957.85,25,7.17,11.09,19.44
66,51579.2,1618.48,708.62,38744.93,110121.49,45,10.62,16.52,70.73
62,45514.96,1606.41,684.73,59489.01,43908.06,35,20.79,20.88,52.33
46,61531.42,1000.0,695.19,37336.21,222993.47,24,13.93,7.55,43.69
47,56347.49,1586.65,655.31,31996.48,127625.79,29,14.08,15.97,58.74
33,63966.33,1367.52,664.43,19475.48,66793.17,10,18.79,20.74,53.04
57,88257.6,3892.07,791.22,46463.07,128804.54,28,18.07,15.62,42.5
36,61235.47,1500.06,683.43,64363.36,79812.74,9,22.31,5.63,62.87
35,48493.85,1000.0,636.0,53272.83,212252.61,8,13.65,12.13,54.77
18,43963.99,1000.0,606.98,36912.92,182929.25,0,13.28,7.99,29.51
31,44660.37,1000.0,615.64,9214.17,81922.54,13,25.79,22.56,51.35
68,33670.21,1000.0,635.98,19248.97,53659.98,41,13.64,8.29,38.76
64,76789.38,2623.12,731.21,77954.03,124014.06,43,18.83,11.73,43.76
67,19800.98,1000.0,613.82,24866.17,73800.52,41,10.93,16.52,48.18
19,68785.89,1576.48,645.47,94285.84,75670.44,1,4.74,9.13,22.43
45,44374.85,1409.33,661.05,46093.88,56130.06,19,18.8,20.63,62.38
66,50776.71,1870.79,606.97,65328.92,154213.82,41,23.38,18.51,42.85
67,43836.22,1130.23,685.92,30736.11,167238.41,45,20.66,17.06,57.42
47,86025.56,1265.51,813.69,25588.4,224394.05,24,15.81,12.88,42.55
55,60293.68,1214.28,617.42,61854.91,232339.58,31,15.16,13.08,44.0
68,74226.81,3112.74,688.23,48313.87,255878.61,45,19.17,16.11,70.07
21,83409.48,3334.93,717.7,8059.42,204226.54,0,19.91,13.97,42.37
18,62941.3,1000.0,745.64,70303.14,54683.6,0,19.7,15.23,48.93
25,38478.77,1000.0,588.7,41245.92,117783.52,0,14.86,16.38,44.33
46,56028.43,2136.86,699.14,48756.11,58337.05,23,13.8,9.66,67.93
56,46639.54,1338.4,610.17,25025.92,88210.94,28,15.35,17.38,31.89
20,50936.93,1927.06,701.21,35488.48,181353.78,0,20.09,11.21,65.46
49,58296.77,1138.91,727.75,66558.03,211400.54,26,30.41,27.81,35.37
27,57585.2,2548.53,747.9,37443.92,96696.75,8,13.26,13.91,35.99
27,67417.96,2603.7,694.54,49948.77,167515.23,5,17.87,19.12,43.6
36,70031.48,1336.32,710.22,57080.77,119958.79,16,15.19,17.25,46.62
63,57585.39,1791.77,666.5,58358.79,117328.84,39,17.3,11.99,59.76
51,67262.44,1094.35,702.97,40267.76,180543.22,30,21.6,20.4,48.12
50,50111.52,1230.13,631.18,26159.02,160657.03,32,13.97,9.13,54.26
40,83666.04,2885.42,798.57,37845.65,251177.46,11,8.14,8.64,39.37
45,49820.8,1171.0,615.23,19258.31,174487.04,16,20.12,23.78,52.06
49,81549.36,2804.64,738.14,31342.97,200360.06,26,18.81,13.25,62.6
67,33430.79,1000.0,608.96,3505.2,25355.57,44,11.63,12.86,52.18
24,53152.67,1942.21,681.53,44741.64,125969.46,0,12.49,9.69,58.11
46,54042.39,1323.3,608.54,8070.69,110227.21,18,16.96,18.4,27.64
25,65021.85,2526.06,684.0,37860.51,180136.11,0,13.02,18.73,44.05
18,75512.7,1287.97,727.53,72030.38,11189.83,0,14.66,12.92,54.7
20,37510.89,1000.0,648.63,24932.18,127289.17,0,7.51,11.34,47.44
41,40056.31,1120.15,610.56,21242.23,62416.44,14,10.59,11.3,41.79
40,34765.65,1000.0,599.7,26148.81,37931.81,21,16.63,11.77,40.27
25,83763.32,2256.29,757.47,57382.72,193344.53,0,11.47,14.8,62.67
64,65356.89,1785.99,743.28,41669.75,180758.89,45,22.3,23.04,53.39
54,40481.32,1840.29,529.12,31108.79,125946.09,34,8.15,5.77,55.66
20,52024.29,1000.0,660.85,71520.73,46169.67,0,15.95,20.48,81.83
68,81271.71,3098.25,796.44,70367.47,122972.91,41,20.55,25.74,25.68
50,54993.85,1698.92,627.76,83243.83,127088.74,21,19.62,14.28,53.5
45,53930.61,1417.71,627.91,12793.12,134751.12,16,19.52,25.55,48.22
64,45936.66,1544.28,692.9,60228.97,105208.59,45,14.17,14.94,60.2
25,41550.14,1701.52,608.94,43538.92,48838.85,0,13.3,13.96,63.46
51,81299.83,2280.84,729.52,23926.28,105312.3,33,21.11,28.09,49.04
52,90130.23,3724.79,782.86,41117.12,163728.48,30,20.4,23.47,51.98
49,42266.5,1000.0,492.52,42523.24,209566.42,31,12.5,10.63,59.9
41,85288.96,2922.81,674.04,24244.19,295269.96,19,20.38,16.73,60.66
31,51226.99,1209.26,679.76,54472.56,160058.23,6,14.29,16.63,72.98
49,69605.66,1767.32,697.8,62778.14,164431.52,24,13.96,16.35,51.47
63,85383.85,2692.49,748.94,52064.34,194136.09,35,16.65,16.46,43.22
60,57388.62,1635.42,642.59,16311.41,115049.83,35,18.17,14.2,37.83
33,54097.05,1364.65,649.92,72960.0,60678.42,14,10.77,9.8,51.84
21,74419.46,1695.09,776.9,45996.37,261894.88,0,22.97,20.96,44.83
69,40020.85,1325.11,626.0,17423.78,64756.45,40,11.22,4.92,45.56
54,80647.1,2367.21,789.62,40933.69,311560.97,32,6.77,12.22,65.4
38,62570.57,1456.45,680.76,71521.8,150356.64,20,19.02,19.6,63.6
31,49600.49,1000.0,649.67,28193.27,103998.89,7,1.45,1.34,29.48
48,49124.98,1882.25,662.02,37704.71,64953.1,25,9.85,14.32,24.79
65,35097.67,1374.33,628.99,28230.31,104870.67,43,25.62,14.37,30.03
35,50348.9,1000.0,612.91,19001.66,64059.7,17,20.33,21.08,45.76
24,55247.32,1172.44,664.58,10442.78,45324.79,6,20.41,23.78,50.62
27,40896.72,1000.0,592.3,35789.39,79169.4,4,8.5,12.92,62.78
24,59181.63,2484.78,745.45,22371.84,167782.38,0,14.99,18.5,62.06
50,68512.51,2624.33,627.95,50729.76,77901.92,21,23.06,24.47,58.58
40,56157.5,1000.0,694.85,33888.64,46417.22,16,18.81,20.15,44.26
38,71929.06,2895.54,680.99,30619.47,161110.68,11,22.87,20.74,46.69
36,45471.48,1000.0,585.34,36967.46,27231.0,9,23.45,19.82,45.91
65,78060.89,1634.59,720.58,33136.57,124855.93,45,21.11,25.5,65.53
36,62192.66,2682.56,744.64,3923.75,80364.46,10,10.07,15.08,41.18
53,87814.63,3627.71,734.54,96148.11,141994.88,32,21.77,26.17,33.13
46,103455.91,3988.0,729.18,41055.59,259955.15,24,19.17,23.37,48.71
35,51535.62,1430.19,612.11,10425.65,83631.15,16,8.7,5.23,66.92
19,52276.85,1213.54,662.4,24190.69,96416.93,0,19.7,15.46,54.2
18,55567.64,2327.44,593.95,9006.3,102270.92,0,21.57,10.89,55.21
64,70722.64,2433.03,744.62,92546.1,249698.96,39,16.6,8.84,31.14
22,83867.46,1874.46,680.45,16849.01,231076.51,3,19.99,9.97,61.19
37,48249.45,1348.08,623.05,7572.8,168393.53,17,4.46,1.0,58.17
28,66862.4,2800.42,737.44,62122.22,166249.75,0,22.31,19.42,52.59
59,57553.31,2452.64,650.06,24110.18,31357.59,33,19.72,24.68,57.98
19,71125.96,2452.19,652.93,84757.06,178592.95,0,18.36,19.63,18.5
20,87170.24,3218.2,757.42,42108.4,271731.47,0,12.45,17.2,71.2
40,55674.09,1000.0,644.82,19348.21,192566.32,11,7.35,10.41,48.28
29,29942.38,1000.0,644.36,500.0,62401.5,8,23.13,21.91,46.57
37,73390.23,2602.89,757.16,46759.39,83381.41,13,12.34,17.52,44.55
22,45011.31,1000.0,657.82,29945.89,176202.66,0,15.17,14.8,78.86
54,57423.92,2333.06,673.24,1736.3,105608.52,27,10.9,13.26,48.93
55,74166.56,3222.01,712.65,62340.61,144090.53,29,5.97,7.15,48.66
47,65353.11,1335.24,685.98,36684.86,127610.75,21,18.78,12.05,51.07
26,58169.04,2367.08,597.57,23094.11,44563.5,0,18.84,17.54,47.04
51,49634.13,1721.5,649.03,21686.23,178342.22,30,6.62,3.76,27.51
61,15000.0,1000.0,509.34,5757.93,18157.97,43,17.04,21.33,56.71
52,72569.77,2946.64,713.86,18536.53,231417.71,33,14.62,17.68,43.84
69,55446.87,1220.96,668.69,14348.79,1000.0,44,10.13,19.54,42.54
39,87240.05,3390.31,739.87,84694.99,248912.96,12,12.98,10.17,62.18
61,67164.5,1543.71,743.48,27432.51,50488.81,36,21.07,12.89,58.36
41,50259.74,1947.49,602.41,18889.37,216364.31,22,5.41,1.15,40.75
34,79203.66,2180.88,715.38,37140.24,160736.0,13,11.71,21.07,55.67
27,80720.33,1323.67,727.38,38594.79,230334.17,9,20.23,17.18,62.91
47,56057.43,1413.62,720.17,31939.47,137414.88,23,17.1,9.47,40.88
63,81485.61,1652.78,745.85,17395.67,318810.12,42,13.04,16.48,40.77
40,50004.46,1000.0,649.23,41520.44,214379.65,12,21.43,18.33,56.24
49,62873.66,1017.06,727.79,50317.36,76878.37,24,10.72,7.78,56.08
34,70285.35,2706.15,687.36,92297.22,130308.32,8,15.99,23.62,56.15
67,74126.07,3104.39,761.76,16276.3,158320.35,38,15.71,15.29,51.0
68,71187.39,3089.84,731.46,51156.34,88444.16,42,15.43,18.64,40.92
34,54012.17,2212.6,717.72,20057.47,217823.52,14,14.42,17.26,39.75
31,79686.56,3201.34,722.0,58872.26,111750.94,9,16.84,30.37,58.12
26,57760.31,1000.0,660.03,43916.42,28538.99,3,14.59,14.21,43.72
57,49757.51,1932.45,655.67,24896.49,1000.0,34,14.07,9.85,41.6
19,50021.92,1931.32,647.33,34791.54,63500.29,0,20.43,15.9,33.54
62,94919.79,1601.9,819.3,74894.07,312666.64,37,18.33,22.78,41.0
42,46644.3,1612.35,630.19,16474.68,101149.15,19,18.12,18.94,45.94
56,83249.43,2296.32,702.03,35828.86,92174.26,33,19.07,16.0,37.46
26,39561.6,1681.39,679.64,12541.61,68389.44,5,15.79,17.77,41.65
39,68782.3,2454.17,792.53,13601.78,267214.93,15,20.77,26.18,53.5
60,65347.5,2888.33,625.5,500.0,51702.41,35,10.83,20.88,51.77
63,89182.08,1426.68,789.15,89648.69,377570.2,43,22.06,22.28,56.0
21,48220.77,1000.0,678.28,24663.18,183147.33,0,13.76,20.31,59.93
43,43248.04,1944.11,640.7,4475.85,119333.19,23,9.52,4.55,59.45
46,57902.81,1000.0,744.53,40355.56,231600.27,21,19.67,21.88,65.93
62,89966.43,2282.74,709.51,66379.95,45667.38,44,16.87,15.91,45.44
51,44085.15,1506.2,606.89,55075.99,161046.43,33,16.3,10.66,43.37
40,15000.0,1000.0,549.81,24864.57,34692.09,17,1.0,1.04,53.41
54,61075.82,1281.73,724.62,57073.88,143648.7,27,19.74,14.74,32.55
28,77091.41,1038.31,785.6,31276.35,176120.31,2,30.66,27.93,56.96
23,41751.49,1247.38,570.99,39563.13,90755.28,0,14.14,9.36,42.05
35,75262.78,2122.69,645.85,66228.87,123249.21,14,16.21,19.89,41.74
38,41353.6,1000.0,659.14,36431.28,155869.1,15,11.83,18.1,42.59
59,57361.95,2387.98,677.33,26836.68,125238.68,30,18.51,17.36,57.0
53,73548.28,2756.4,728.04,60643.12,265798.81,31,15.83,15.05,74.11
58,38625.62,1587.66,652.05,31545.17,37254.47,29,17.1,17.75,57.43
55,63267.24,1132.08,653.35,41524.85,53961.08,37,24.94,19.99,29.45
51,81869.52,2912.95,734.82,86893.74,314391.49,28,22.39,27.98,48.7
34,68530.81,3084.12,729.16,9602.75,274633.28,8,15.98,5.73,43.54
54,47028.73,1547.11,598.3,40617.31,117785.17,25,9.13,9.45,33.23
42,87336.93,1590.59,737.6,73912.87,277154.51,22,16.69,8.86,48.22
55,71851.07,3283.07,720.27,25790.52,158582.21,27,16.38,19.35,39.6
29,26511.94,1000.0,603.1,37794.47,119274.4,9,6.06,10.31,38.35
40,75556.39,3060.18,661.59,76318.32,240155.04,21,22.99,24.86,61.44
59,49715.26,1000.0,679.16,27152.96,126367.92,38,17.82,18.27,50.5
39,63538.14,2204.98,710.27,30129.34,100666.39,12,11.11,14.74,68.1
38,78144.07,3353.99,696.53,66771.4,68433.43,18,8.92,6.88,33.17
44,50107.12,1514.93,751.54,32306.87,133886.82,15,18.6,18.76,33.45
48,30379.33,1000.0,548.36,23873.45,106547.29,29,4.82,4.46,40.85
23,87099.81,1458.69,794.35,79732.38,111074.91,5,19.13,21.45,48.25
44,80962.5,1810.71,755.38,87611.55,220446.4,24,16.05,11.5,57.67
57,58429.39,1421.56,656.68,43257.0,160383.27,30,19.84,16.31,54.39
51,75361.59,2725.46,730.15,23034.87,174449.09,28,21.59,19.69,58.04
29,53351.04,1000.0,684.07,43443.04,46481.53,3,11.23,20.52,31.49
62,61745.46,1000.0,813.7,58316.5,267963.62,34,20.61,19.59,45.82
24,57402.82,1457.92,607.02,82074.29,82604.8,2,14.29,25.11,29.39
27,54079.01,1502.77,540.24,33799.75,35747.8,7,15.5,22.76,64.9
62,66467.45,2223.08,653.95,42496.86,68516.6,40,16.84,15.27,37.43
34,38252.78,1380.33,613.4,26607.07,76279.3,12,25.07,24.56,54.56
43,55471.55,2337.71,696.36,50972.52,91548.37,21,14.95,18.24,31.76
38,65660.63,1453.19,701.32,8926.26,123160.21,9,8.21,1.0,37.79
45,93085.81,2803.77,772.41,107062.42,206620.04,16,15.74,7.44,45.81
63,38984.38,1000.0,686.1,20165.77,72791.63,39,17.59,19.56,46.23
19,69369.96,1000.0,672.52,81442.38,44557.47,0,15.52,18.42,54.43
60,71342.68,2269.72,788.84,57873.88,249476.21,36,17.21,17.8,56.32
18,26219.06,1040.72,606.58,21117.17,42898.79,0,10.46,6.75,63.96
68,67389.58,1000.0,769.65,82323.79,247248.37,45,2.66,18.92,48.83
53,75845.13,1000.0,685.1,89638.8,156769.17,34,13.69,17.42,48.93
68,70595.75,2595.14,695.94,71430.96,290800.04,45,16.67,21.77,38.87
43,58489.31,2064.4,609.71,6845.75,115979.67,18,7.0,14.57,43.03
46,65998.32,1717.83,711.5,43390.91,126552.57,17,10.71,13.23,46.88
38,63057.2,2178.85,703.61,17757.35,115022.87,17,14.61,15.65,54.27
28,29589.77,1310.22,679.15,13741.69,44283.85,9,11.3,17.43,40.15
57,63479.77,1317.97,694.08,33099.35,165725.33,30,18.32,15.21,47.13
28,53392.73,1105.1,591.9,48450.1,126146.48,8,13.95,19.63,61.82
53,47313.2,1000.0,684.43,68440.46,199133.39,27,16.52,17.44,60.21
66,104729.46,3836.54,773.09,65424.04,249127.88,40,16.97,19.84,41.9
56,82547.08,2003.66,690.51,78169.46,144022.67,31,19.31,19.41,42.68
57,39296.9,1786.3,649.48,22894.13,152574.19,32,21.29,15.47,51.39
52,66239.45,2405.92,664.16,84476.52,179639.91,27,18.07,16.81,48.58
51,86244.45,2134.2,731.78,24038.47,139502.78,26,17.45,23.32,27.51
64,33068.42,1000.0,662.32,17963.1,112111.2,39,8.59,14.24,64.66
41,61385.7,1978.72,707.27,37655.66,242059.6,23,16.57,22.13,42.45
39,62233.31,1389.68,713.57,80871.72,47049.99,16,15.13,20.29,44.54
22,37059.13,1581.82,549.24,41854.3,41144.46,0,16.52,13.71,38.24
50,66831.91,1818.73,732.25,28718.27,24485.08,24,7.57,2.51,57.69
53,80092.44,1782.46,727.79,18774.14,237950.57,28,17.07,21.18,40.57
64,87144.86,2798.95,741.45,75206.9,290681.03,44,20.81,18.72,53.7
37,55511.45,1000.0,684.92,42450.09,202964.07,9,16.2,19.79,58.49
36,105029.61,3278.85,815.46,99206.68,265996.33,18,18.84,25.19,44.48
52,22956.6,1000.0,503.02,20294.86,25818.17,33,10.56,10.62,37.26
69,66411.9,2173.64,742.08,53953.62,56508.37,41,11.15,8.99,47.15
60,34578.7,1043.31,650.88,13075.14,108007.53,41,15.35,10.64,23.22
34,61623.29,1840.0,658.44,33168.58,244529.68,10,18.29,17.69,60.23
62,50605.68,1786.66,679.22,17240.37,40156.07,33,8.0,3.54,40.83
60,69123.79,1000.0,748.48,89238.13,129219.35,37,20.74,21.28,40.5
51,57716.15,1605.92,589.06,34765.02,110512.52,23,12.5,15.75,40.73
26,45132.28,1232.17,612.21,37280.15,25742.4,7,12.63,15.82,48.38
43,46314.76,1288.76,540.96,20764.88,99761.48,18,23.9,13.28,48.14
19,94784.27,4280.75,812.88,68202.78,140730.41,0,27.49,30.19,74.79
26,67983.43,1165.41,724.04,91996.43,71384.26,2,9.57,12.33,36.12
26,29361.68,1042.76,558.6,3786.47,59102.88,5,6.54,7.33,37.32
57,69914.18,1810.77,702.98,80383.78,255805.27,39,11.74,16.46,46.43
34,56495.82,1669.88,652.92,57816.81,192027.14,13,23.58,24.69,67.78
18,60082.82,2277.93,588.43,64534.29,124573.76,0,12.97,8.35,47.96
42,74757.99,1326.64,782.79,8420.82,191853.63,17,10.1,11.83,36.37
60,81298.09,3085.49,755.38,84108.99,189503.51,39,24.29,19.01,51.65
57,44541.37,1000.0,627.13,43455.84,60977.9,36,17.42,15.1,56.47
59,59464.65,1701.3,672.19,60395.63,127390.78,40,27.2,26.66,59.4
42,50170.0,1868.11,682.36,46436.06,81697.1,13,17.98,13.23,34.83
56,70743.52,1338.35,640.82,42212.98,26467.2,29,16.91,19.62,55.73
52,55818.52,2132.11,628.06,62086.42,123854.19,28,16.85,12.17,43.58
20,60526.53,1093.13,691.16,36755.88,112542.31,0,13.79,20.69,35.15
67,55135.02,2158.06,715.61,31213.63,197317.22,39,22.04,17.17,60.04
54,58089.85,1634.14,565.82,41277.73,223110.21,31,22.6,32.3,31.62
61,90683.72,3203.06,816.87,97156.16,113888.79,41,11.15,16.88,28.89
61,103033.79,4438.72,777.24,96686.78,64177.1,37,25.02,21.55,63.08
68,66787.66,1744.1,687.47,76404.28,33849.8,45,11.32,8.17,26.84
47,58200.54,1179.45,676.12,18362.18,235737.19,27,27.89,27.13,46.36
55,31278.54,1295.1,544.12,11297.68,17804.72,34,20.71,24.57,38.92
51,46312.47,1000.0,583.13,14523.0,82438.57,24,8.94,14.37,43.32
29,57718.75,1936.42,682.5,30437.39,15524.43,7,16.97,13.98,43.71
36,47128.86,2039.51,726.65,25715.4,120475.0,10,19.68,25.91,40.26
54,49021.79,1714.78,604.49,64782.57,173157.56,31,11.78,14.7,51.89
61,88357.01,1680.79,722.14,56659.44,175760.8,40,12.0,10.15,53.33
66,60518.23,1063.68,626.49,27350.31,233480.36,38,16.56,27.67,36.26
34,62127.82,1299.1,676.23,29867.08,150234.53,6,15.42,19.05,55.41
27,47864.57,1222.79,599.37,31770.74,108513.05,3,10.22,14.19,80.36
66,81195.81,1445.72,700.34,27429.01,213104.41,45,24.3,19.59,49.57
64,56173.58,2196.04,677.98,28237.25,165739.71,43,9.17,11.24,44.03
29,50624.45,1235.3,586.87,35285.85,193987.84,7,14.52,11.1,50.43
33,31546.49,1378.67,667.64,8860.11,134394.01,12,14.06,15.77,51.15
41,58900.17,2390.35,623.79,60046.04,163724.32,20,17.43,19.95,50.15
36,50062.96,2142.39,701.1,39431.73,43049.72,8,20.66,9.8,31.25
25,90322.44,2015.67,850.0,23062.89,334663.71,0,17.83,11.04,56.92
48,93190.18,2947.08,833.48,105089.7,155860.34,20,6.3,4.86,37.41
38,37764.95,1000.0,661.62,8595.25,50398.65,19,11.84,5.77,35.94
34,39801.24,1000.0,655.23,17923.47,133710.62,11,17.61,13.19,35.03
40,55026.25,1801.35,674.7,37322.1,52982.02,15,14.78,22.72,36.18
54,45311.32,1801.87,688.98,40484.99,104664.81,29,13.85,20.4,67.45
33,63913.5,1000.0,680.01,17839.53,79525.91,5,19.02,15.21,45.28
23,54120.78,1174.0,701.3,53052.73,249221.26,0,18.7,20.86,47.74
25,65049.58,1257.92,745.0,25275.98,238942.51,0,7.57,4.55,60.55
42,78289.68,3062.04,757.75,89041.72,183442.87,14,17.74,27.2,60.87
35,40844.01,1781.31,610.41,22588.27,98016.99,14,13.11,13.19,42.79
42,77913.8,1181.54,755.71,34180.49,61146.43,18,18.17,7.6,38.85
29,46884.26,1178.69,624.03,15598.91,130357.11,2,4.84,19.55,65.43
32,98672.69,4241.31,771.55,87992.38,178516.58,9,26.48,22.04,61.72
43,89177.57,2139.19,802.98,76331.68,143226.58,15,18.95,28.44,43.81
58,57964.55,2101.53,680.47,71924.98,241892.25,35,17.92,22.13,65.87
62,42655.5,1000.0,662.88,41807.29,88909.49,43,23.1,22.65,44.95
43,39212.41,1071.01,624.5,35380.95,49684.14,18,16.09,7.09,41.31
64,75725.31,2216.99,750.1,80631.28,262986.59,39,9.87,12.46,31.27
49,59452.75,2244.67,741.28,48313.47,188993.35,21,15.51,8.06,32.87
27,76683.6,1696.82,722.76,34254.67,173098.3,3,21.04,18.07,56.21
33,99676.12,2123.73,780.87,100709.56,115916.27,5,20.25,19.99,13.92
24,46133.11,1042.56,657.74,12149.71,125454.29,0,23.15,27.85,40.63
34,37857.51,1174.46,497.53,22569.37,76288.07,9,9.51,8.64,47.97
40,63466.08,2646.55,722.3,61246.88,64654.24,14,22.57,31.57,66.99
43,80605.67,3240.19,703.02,68275.66,79090.92,17,22.26,12.9,59.61
38,43071.71,1000.0,704.63,49993.16,123245.22,15,14.75,11.25,64.98
39,60623.25,2533.96,717.41,18973.29,125639.81,20,17.72,18.3,49.57
24,84660.79,1326.66,795.21,62402.05,333480.27,0,13.58,2.87,76.33
31,30608.2,1000.0,634.11,500.0,129295.3,7,11.52,7.17,29.97
32,64235.72,2441.82,672.04,35902.79,236253.84,12,19.31,20.85,43.77
24,50278.14,1000.0,639.13,58109.77,64743.98,0,14.28,19.66,61.86
26,62234.82,1000.0,610.57,23500.2,216065.77,0,16.52,11.69,54.46
68,72776.12,1710.23,785.58,55622.6,53856.56,41,22.24,17.92,38.28
65,63974.55,2356.24,633.96,33703.59,49999.3,38,6.86,12.33,46.37
25,41816.0,1249.96,624.78,27614.66,115119.44,6,16.03,7.56,45.23
67,50977.57,1345.81,708.06,40963.59,182136.91,44,23.98,20.88,43.93
40,85678.67,3393.08,826.08,59889.63,157915.22,17,16.68,15.5,73.28
46,65920.79,2508.75,686.47,67962.57,145382.93,20,10.37,21.08,59.31
35,75125.74,2907.47,648.6,16638.86,104487.48,9,15.57,18.57,58.46
48,64505.32,1794.81,703.91,66673.14,77348.13,26,8.87,11.3,53.02
47,74564.09,1000.0,738.68,68142.88,259955.24,25,18.58,21.85,36.89
69,52869.37,1000.0,677.69,21609.88,56531.44,43,14.92,16.55,34.03
56,46184.79,1718.54,624.8,38595.32,88171.47,31,16.21,11.69,55.38
52,73746.56,2773.3,715.03,62990.57,259368.26,28,16.72,20.3,60.2
35,80292.73,3605.94,709.65,83077.59,93505.26,10,19.01,22.6,64.05
59,43542.94,1000.0,637.77,500.0,105178.15,36,16.61,15.02,42.12
56,49632.99,1000.0,684.98,36383.22,143872.35,36,8.98,12.28,34.54
34,57061.92,1000.0,683.03,25806.38,77528.64,10,17.44,26.97,56.94
31,89156.84,1663.63,765.49,15562.09,177318.26,6,26.16,24.35,38.39
48,70136.44,2112.2,760.98,61825.12,186413.22,23,12.21,12.52,42.0
41,36166.44,1627.74,620.04,49027.96,49524.23,23,15.16,10.58,63.48
52,58326.31,1875.06,676.37,45810.93,175819.86,28,22.31,16.12,44.27
61,55574.18,1662.94,670.22,26217.17,195011.39,41,9.78,12.33,53.41
62,38881.15,1358.71,562.18,42874.95,132211.83,43,17.88,14.38,22.81
51,58113.75,1000.0,625.29,76133.66,141839.18,32,14.7,18.28,45.61
20,54779.33,2173.56,658.75,33781.68,93107.55,0,20.53,17.27,41.61
54,53490.61,1822.03,627.29,11255.85,136362.04,28,11.23,27.2,22.76
60,52667.14,1000.0,655.97,37299.52,36023.11,40,15.22,16.82,38.72
57,86485.08,2899.31,798.01,41986.0,172595.68,37,11.06,4.84,44.45
43,53453.34,1730.48,692.12,5378.66,14794.01,20,17.53,18.22,46.24
40,60894.08,1000.0,700.35,49520.58,11880.07,12,18.33,15.98,53.0
61,58942.24,1261.23,714.84,54139.4,168009.3,34,18.6,21.61,54.3
56,50909.7,1299.8,699.09,24435.7,39404.11,38,17.55,17.31,52.98
32,61431.09,1269.35,729.03,71954.49,197546.41,9,15.69,18.06,50.77
66,61176.31,1260.56,727.16,11355.31,133409.3,37,8.73,24.67,47.45
21,61435.62,1941.26,630.36,10623.08,168932.09,1,21.1,18.71,37.88
46,44533.8,1255.64,548.5,3222.37,124176.97,18,14.26,18.66,33.45
39,56289.76,1955.68,633.76,13625.2,69655.57,18,17.6,22.85,37.87
42,73685.79,3270.19,700.5,66062.27,129236.13,16,16.44,18.07,50.41
30,56763.3,1959.39,712.08,28473.9,170609.31,10,25.47,14.77,65.66
35,62912.07,2007.1,684.39,65405.85,105545.23,17,13.45,18.31,69.94
50,63006.67,2567.65,667.43,57818.73,69333.28,30,13.27,4.34,52.75
33,67513.11,2266.35,709.9,46382.9,180924.93,9,8.94,19.8,29.01
62,70055.72,1262.31,734.28,37283.79,128255.26,38,17.57,10.78,51.52
59,56865.29,1307.43,705.5,35258.35,173980.97,31,24.98,32.3,60.48
61,43595.96,1610.67,612.2,31362.8,41674.5,39,14.98,15.91,40.53
19,38063.12,1412.63,571.12,17721.95,135084.74,1,14.94,19.83,49.32
52,78318.36,3555.68,699.92,94359.02,84080.6,24,22.7,23.44,62.18
59,73864.51,2467.01,727.0,42339.26,288654.17,34,18.2,22.6,46.58
51,71688.56,3045.68,667.71,68432.34,127182.41,24,23.17,11.36,52.81
47,74601.66,1068.25,766.48,72028.04,222885.96,22,24.2,18.72,48.2
30,57091.99,1791.21,624.36,51636.06,101068.78,3,12.74,15.96,63.89
30,48752.22,2104.22,576.17,31938.61,183854.95,1,7.72,10.67,30.43
35,42352.67,1000.0,634.05,42042.77,64270.05,8,17.68,15.37,48.64
49,40391.7,1000.0,608.75,31430.66,144840.44,22,15.65,16.92,43.12
49,81818.86,1978.68,766.66,87732.67,235479.2,30,12.95,12.96,40.91
52,51123.39,1989.1,630.91,47425.29,49061.07,25,11.72,24.25,32.98
56,78987.46,1210.35,755.1,83170.53,200257.17,36,14.49,21.86,63.25
63,56636.06,1841.31,715.23,36557.72,165836.99,42,16.4,23.9,42.78
69,47827.66,1000.0,615.43,20157.38,28895.68,45,19.77,27.88,38.89
46,40301.43,1088.85,643.97,17657.24,127411.42,25,19.3,20.96,60.34
66,49413.22,2208.73,729.05,40159.52,37308.79,44,18.9,13.56,47.57
46,85528.3,1625.45,791.29,31939.21,129533.57,26,17.09,15.57,29.24
61,40484.22,1000.0,585.76,42375.97,157255.68,33,25.15,24.37,27.78
33,98101.44,2623.24,809.37,70366.02,57539.77,6,19.98,19.74,51.34
61,44869.07,1424.89,576.03,16223.84,100572.99,42,12.54,7.15,52.25
64,73499.1,1647.65,668.4,63207.44,127660.13,41,10.52,14.15,43.49
27,57385.48,1753.64,739.29,27447.22,35862.25,2,14.0,9.2,34.4
47,54229.93,2401.3,681.05,45299.02,32358.17,23,17.62,27.04,61.16
42,37114.43,1000.0,680.57,25651.5,90589.88,14,5.78,12.94,36.48
56,58228.93,1328.45,693.86,21986.22,158656.47,38,11.05,11.78,71.61
37,39150.85,1119.41,592.91,22018.74,6976.88,16,11.58,13.42,47.11
22,29731.61,1000.0,591.14,20288.09,1000.0,2,9.1,20.0,56.28
18,62152.78,1000.0,698.52,25676.95,112004.18,0,11.93,5.87,65.47
47,48562.38,1603.98,745.3,55468.05,74231.87,21,20.48,16.94,54.38
66,90318.27,4131.63,802.59,37667.89,77413.46,40,10.78,15.21,43.68
20,78000.39,1734.23,700.55,45416.78,240145.01,0,18.68,7.79,63.25
62,90553.78,3036.0,762.96,58409.92,121289.17,33,21.65,19.45,45.74
31,47744.11,1000.0,664.51,37380.39,158021.26,5,12.35,11.43,52.66
47,62450.48,2038.65,638.39,28617.56,62735.44,22,15.11,27.92,46.74
67,15000.0,1000.0,544.2,3556.53,1000.0,45,11.3,12.23,44.9
21,54927.56,1657.52,655.57,21773.21,91074.04,0,18.66,12.91,64.33
35,61772.97,1892.12,707.18,500.0,74428.62,11,23.83,17.25,39.77
54,62772.87,1154.92,683.87,25096.96,33745.4,32,9.85,1.0,40.3
42,59237.37,2260.83,614.8,7465.53,238283.07,17,11.34,21.37,42.17
65,61198.67,1898.12,681.55,42568.07,69033.85,41,11.79,13.8,56.74
18,15000.0,1000.0,579.57,5681.91,1000.0,0,11.44,12.13,50.3
63,64611.99,2826.52,758.87,51306.36,66756.95,36,14.46,19.83,35.2
32,68701.92,1000.0,749.4,79903.05,303469.49,14,20.2,21.88,29.59
26,84084.46,3085.72,680.45,77848.29,97572.0,0,15.13,15.67,65.85
32,66637.29,1679.78,639.78,61217.3,111858.67,8,12.22,8.55,49.9
66,57646.73,1724.68,625.36,44062.0,16782.51,45,11.95,10.66,42.53
41,79888.95,1774.89,807.42,70010.4,246797.33,23,18.57,18.62,50.19
21,17567.98,1000.0,574.98,500.0,67595.86,0,16.58,19.95,66.85
29,50730.93,1000.0,770.96,21925.1,134701.75,4,14.85,8.73,56.81
54,46215.42,1702.03,696.45,25910.58,167994.84,28,11.83,12.85,23.99
54,59378.61,2149.11,682.43,8057.53,176586.42,25,10.78,19.01,53.31
60,20423.53,1000.0,540.77,15510.46,115950.02,37,19.35,12.35,27.36
23,83753.44,3497.96,768.1,103198.98,245334.97,0,9.57,15.42,58.94
56,55503.42,2361.24,704.36,37500.61,46544.8,29,14.62,8.73,41.9
63,65738.34,2041.05,751.71,46399.99,65492.47,34,20.27,16.53,57.48
41,64015.64,2261.51,679.04,42994.15,190825.87,16,15.4,5.88,59.65
28,82724.82,1064.39,846.81,78882.46,152897.61,5,15.44,17.32,44.44
30,26484.9,1078.24,577.46,11082.29,62440.45,2,15.33,11.88,51.44
51,62021.78,2463.12,739.31,20817.01,204266.4,28,10.73,2.53,49.39
42,80631.21,1062.31,757.05,84684.68,1000.0,21,9.36,12.24,38.75
24,58236.24,1781.69,658.76,70940.85,191398.9,0,17.59,22.61,44.65
69,42877.15,1831.79,540.27,18871.7,54161.56,45,9.31,13.56,48.8
21,49129.98,1000.0,591.64,20648.18,58917.83,2,15.57,17.7,68.44
25,52927.04,1283.74,711.73,56806.63,124465.17,5,14.68,19.2,38.14
37,47021.1,1106.65,674.92,45637.62,139203.7,17,16.01,12.61,56.97
46,57249.4,1394.86,698.42,55782.35,240960.08,17,14.59,15.76,46.1
68,87148.45,1211.03,831.38,18327.16,199458.02,40,21.47,31.02,56.5
62,49247.43,1073.62,603.68,41151.8,154296.51,40,11.41,13.72,50.79
63,51221.87,1143.71,632.42,48533.73,105055.98,41,19.03,14.14,51.87
27,68276.05,2824.06,686.63,20527.2,152186.1,4,10.74,14.26,32.99
60,56853.23,1377.96,610.32,38952.68,87807.62,38,21.55,18.18,72.07
51,36074.67,1000.0,572.26,500.0,39333.03,22,23.87,21.52,50.72
43,58898.61,1483.73,628.43,28422.55,126583.27,20,16.43,20.22,46.78
58,58219.95,1000.0,604.02,10290.29,141303.93,33,23.67,18.87,58.99
66,77562.21,3530.0,692.32,11418.16,345266.99,45,26.9,9.55,28.75
20,42501.26,1701.22,624.54,41264.59,64161.29,0,12.65,12.99,61.43
23,77681.75,2371.68,813.46,82857.62,153813.85,0,18.01,20.07,65.48
22,58239.05,1652.76,628.85,43898.33,74799.92,0,11.75,21.97,36.65
22,40057.05,1367.62,668.48,34809.21,137197.7,0,10.26,17.53,55.78
64,36441.99,1000.0,619.28,27663.66,155195.69,45,14.81,13.7,45.44
40,94818.99,1344.16,804.12,47207.95,147858.56,14,11.3,15.31,53.13
66,57121.51,1483.86,677.88,500.0,40580.06,45,19.89,17.69,30.09
26,76857.07,3481.57,647.16,36936.12,296169.54,7,18.52,22.39,68.5
52,29253.85,1000.0,540.44,23471.42,35539.31,26,16.33,15.64,57.13
37,107478.51,3234.05,848.25,91464.03,214918.62,13,19.84,22.66,39.87
66,76078.4,1000.0,730.31,33398.55,231311.77,44,20.97,28.02,42.51
59,55402.08,1000.0,592.15,66227.01,117021.53,30,16.78,29.48,60.14
52,54489.01,1747.63,653.68,54455.66,140528.69,29,17.99,10.13,53.79
67,73222.77,1641.2,746.32,9435.18,227441.67,38,21.83,11.31,40.87
35,72189.27,3081.72,660.15,65831.66,110931.09,7,10.89,7.94,51.68
34,63285.53,1647.89,672.01,43078.61,38148.74,13,12.81,13.69,45.31
41,60195.82,1169.87,748.91,30308.02,109164.69,23,27.59,21.68,40.32
20,70099.21,2151.09,736.82,50810.48,37939.64,0,18.05,23.88,51.43
49,28649.34,1117.3,657.35,27605.12,86591.03,23,4.28,4.04,50.11
52,53317.06,1000.0,643.02,39944.15,141820.91,34,6.78,4.18,36.97
55,30356.45,1000.0,639.75,30688.77,36474.99,28,12.66,20.55,53.09
30,70882.66,2713.45,666.23,52939.86,195516.35,10,14.47,17.85,62.38
64,47835.35,1000.0,680.87,13263.35,91760.55,42,10.75,14.01,53.6
42,31711.59,1350.7,562.96,45967.84,83420.56,18,22.14,14.93,58.2
26,45711.84,1000.0,657.71,7932.7,165667.64,0,12.73,19.27,36.61
21,62688.41,1140.1,710.91,49489.16,89977.72,0,20.37,18.11,51.87
31,56305.89,1809.78,699.89,27784.21,53826.35,11,16.88,17.49,54.49
54,38883.18,1000.0,571.29,33742.5,86408.73,30,12.41,15.39,46.25
51,29312.37,1030.53,602.18,24444.54,56763.46,30,7.22,16.99,54.7
28,61330.79,1768.58,685.12,47333.37,229043.99,8,19.98,21.21,52.64
58,49546.17,1000.0,705.09,26452.63,68231.01,34,3.23,3.84,55.12
20,55354.55,2375.61,637.26,32953.99,139985.06,0,19.89,18.89,65.63
45,57125.67,1995.98,612.6,36433.5,86504.37,17,16.47,19.92,43.94
46,67741.18,2079.64,629.18,56371.47,151837.12,22,19.87,27.4,37.14
26,75245.04,1879.47,712.88,45243.22,221972.33,5,17.56,15.26,63.3
20,62637.17,1064.54,668.7,67246.13,236780.25,0,10.09,9.6,66.24
42,54231.67,1956.89,649.17,2323.59,25406.67,18,17.43,21.01,46.59
51,60445.74,2394.97,668.02,48642.2,81482.34,23,20.29,14.79,55.57
29,53893.73,1000.0,724.43,19347.9,107391.3,10,12.99,10.94,62.11
59,30434.04,1000.0,584.69,18022.15,97099.86,41,16.33,16.56,30.41
26,79655.03,2283.04,789.87,43534.48,191406.75,0,19.45,20.8,72.15
32,76261.9,1842.77,746.08,53474.62,281116.77,13,19.88,24.01,48.95
57,95790.01,3717.74,746.29,46077.3,303715.06,36,15.28,16.52,66.52
42,101048.99,1598.36,803.53,79592.94,92737.12,17,26.52,24.0,63.42
22,38831.64,1000.0,686.04,22632.07,118137.31,2,15.36,18.62,56.99
28,53962.8,1000.0,707.57,44328.02,90643.64,1,19.55,11.02,73.96
51,105207.71,2623.13,850.0,124280.23,177633.79,28,18.58,18.4,53.87
41,59270.09,1316.15,700.53,33397.73,33069.18,18,20.84,27.65,67.39
32,64395.8,2665.97,671.71,79327.97,37059.75,6,14.33,18.94,60.18
55,32619.66,1218.68,671.66,11776.06,99491.93,29,8.8,11.04,39.84
25,62705.2,1000.0,713.29,65203.57,202774.76,4,25.13,26.27,43.83
22,94774.93,3525.49,826.22,108137.14,202509.51,0,7.61,4.16,66.27
65,83159.26,2911.68,754.36,98579.97,271152.52,42,33.27,30.45,55.07
43,49020.28,1073.09,600.56,30811.54,47230.24,24,18.41,17.72,58.9
35,52866.31,1000.0,676.37,39554.59,178279.11,8,13.71,15.12,55.78
23,39643.79,1000.0,695.16,2797.15,161984.95,0,15.59,14.07,58.95
54,44679.06,1000.0,670.41,27372.66,86093.17,31,17.98,24.6,58.11
65,25616.19,1017.49,601.77,33383.44,48746.88,45,10.9,10.16,44.03
30,58473.25,1637.86,636.72,20921.18,217151.86,5,26.02,17.89,73.86
45,87181.99,3758.69,830.08,73444.75,157607.14,24,26.1,15.86,68.33
22,66397.77,2576.56,759.82,13796.71,97579.37,0,30.27,15.42,53.53
30,84592.3,1866.98,673.58,108263.34,228813.7,5,12.35,14.74,45.07
34,79318.49,3226.58,779.76,67169.21,222759.3,6,19.01,14.39,39.54
67,50157.45,1000.0,639.25,47415.48,149424.55,42,8.08,4.14,65.55
57,46328.88,1000.0,652.11,59246.6,174399.77,28,9.18,10.11,41.54
62,47018.68,1541.49,604.26,35496.18,103321.01,33,13.07,17.57,52.25
49,29092.88,1000.0,592.71,1885.26,8834.95,26,11.37,12.46,42.05
46,60581.94,1422.52,632.23,32288.52,233442.13,25,17.91,18.2,55.23
68,15000.0,1000.0,508.85,17849.62,49095.23,45,10.95,18.52,54.01
20,70645.48,2884.93,735.23,21623.09,74835.94,0,21.06,23.86,70.06
57,61293.86,1424.42,649.82,26163.35,121796.13,33,17.72,17.96,60.67
51,68485.92,1598.04,724.76,62317.44,128798.7,26,25.09,17.64,35.18
57,79026.29,2394.1,742.02,49819.28,95106.16,31,22.05,17.7,59.19
44,63578.3,2179.01,797.92,18396.53,66613.45,25,10.46,12.47,70.34
30,89368.29,1721.55,739.0,60182.35,175521.52,12,18.21,21.33,49.18
62,71195.02,3055.88,698.46,35311.03,152446.15,41,16.73,18.42,62.75
50,46371.72,1591.19,606.87,53949.1,28462.56,28,16.84,13.69,37.65
23,55721.2,1857.67,731.5,43128.82,112757.92,0,20.95,21.67,61.66
41,19296.76,1000.0,562.68,23471.46,67462.4,12,13.34,22.87,49.46
36,43760.57,1870.42,624.02,23873.28,162530.87,18,17.27,18.55,28.79
33,53142.06,1000.0,694.09,30312.7,47948.81,11,9.64,14.83,42.49
57,69832.92,1210.61,670.34,51393.25,226429.73,34,14.69,13.55,59.77
45,46493.5,1762.02,579.08,35999.52,167639.61,25,5.09,7.6,52.04
50,37567.25,1667.84,625.53,28620.93,59164.47,21,15.97,7.74,48.0
65,26024.43,1000.0,585.37,15968.08,96358.63,41,16.81,17.45,56.67
58,49264.48,1291.25,614.65,32392.91,147081.9,35,8.33,1.0,26.9
30,95115.33,3355.9,801.35,30233.34,149708.42,9,20.3,11.6,51.3
60,64879.93,1305.84,777.88,21242.4,44080.68,40,15.98,17.86,36.89
62,76912.43,3519.94,750.88,63294.9,296664.32,40,26.13,18.35,30.02
42,43799.02,1176.86,542.2,49034.56,97378.5,22,9.91,2.03,58.35
59,31677.9,1379.77,658.8,3812.97,11458.25,32,17.76,17.77,53.75
53,38020.61,1021.23,703.58,15060.24,94870.8,27,19.52,10.96,46.38
44,58251.64,2530.33,698.57,28208.28,18863.43,18,14.85,20.65,43.43
55,24105.68,1000.0,580.03,17242.56,138002.93,32,13.87,17.08,30.39
24,41881.37,1585.27,556.01,41509.46,82185.76,0,19.58,27.84,52.38
22,49445.51,2185.49,609.39,51307.07,69071.61,0,9.45,13.57,57.88
60,36223.34,1232.78,594.86,13277.94,121012.46,31,11.49,22.47,38.59
62,21773.71,1000.0,532.27,34362.1,17939.67,41,13.11,9.34,60.08
68,65213.77,1038.83,672.72,64294.55,255088.59,45,26.84,20.76,32.75
48,60825.69,1721.81,688.03,47074.46,117958.17,29,14.08,16.32,24.29
40,74022.54,3113.28,691.26,49030.88,251972.02,13,16.06,15.61,51.3
59,40012.34,1000.0,688.41,33813.79,100919.43,38,21.74,20.94,57.62
27,73678.61,2857.17,724.39,55751.91,218037.83,2,20.68,19.33,60.42
49,87527.48,3065.53,785.29,51387.88,128890.37,22,29.67,24.73,38.78
60,64719.87,1290.05,717.08,4601.37,265046.41,41,21.94,15.67,47.13
47,49021.15,1074.86,664.28,49866.33,182837.2,21,14.17,11.25,52.22
56,62611.45,1674.98,689.97,63928.84,55183.03,38,14.82,10.91,57.36
48,48159.83,1000.0,689.46,79678.4,73826.14,29,10.69,7.58,24.72
35,45162.9,1939.55,689.9,7905.21,154905.18,16,7.99,10.92,47.69
53,72298.69,2685.55,624.05,58448.0,255819.56,25,18.93,14.67,53.28
19,57497.09,1418.19,607.82,14823.28,101254.79,0,18.88,15.6,42.12
31,81691.72,1837.15,720.65,108736.37,201376.51,7,21.91,27.34,57.02
30,52036.39,1846.56,605.91,6208.81,157743.11,10,14.59,17.6,42.13
46,53858.86,1434.84,628.5,23059.79,1000.0,18,25.04,26.57,61.6
29,49802.8,1003.26,629.03,14524.27,83956.24,3,8.19,16.34,63.43
56,39836.7,1069.15,607.95,25986.83,113365.95,34,6.63,17.86,32.34
19,74659.65,3101.6,656.88,45038.79,12190.6,0,13.37,14.3,40.62
49,99342.81,1468.97,779.39,93445.29,171915.7,21,19.96,20.34,64.57
30,53119.91,1316.24,723.38,43445.87,82744.42,1,9.83,9.3,54.02
63,47751.07,2128.65,631.94,38519.54,152193.52,42,21.51,15.86,54.61
44,46584.18,1000.0,666.39,29215.49,30287.95,18,10.96,5.22,33.85
66,47764.8,2015.1,640.27,25205.44,45635.0,41,10.19,7.07,49.2
58,89696.11,2241.91,774.26,32935.65,67875.98,29,24.25,19.35,51.74
34,47067.35,1000.0,636.0,25055.13,80339.47,13,15.74,17.02,62.14
57,49465.2,1000.0,681.83,23688.67,61131.66,36,18.87,12.5,56.88
48,37673.62,1000.0,576.08,9322.5,53915.36,29,13.53,9.61,45.93
51,65285.68,1190.03,703.55,52747.75,127203.66,25,17.89,7.06,41.5
41,58789.87,1000.0,650.41,20778.16,87975.53,21,8.71,7.66,56.55
62,39530.78,1000.0,648.75,21657.91,22074.96,41,13.21,14.56,51.48
52,43929.07,1000.0,581.93,59830.34,128660.64,28,9.15,11.67,26.71
65,87592.8,3116.01,792.05,21240.58,346599.76,38,28.53,23.36,41.42
23,60588.74,2411.24,691.15,50482.83,189760.15,0,22.52,19.52,65.96
36,61830.34,2601.95,628.58,63405.45,199568.73,11,12.91,14.07,27.96
47,61901.77,1906.84,764.28,46568.46,266857.86,26,15.15,21.83,37.9
24,85103.26,3748.83,780.41,75083.22,32654.9,0,17.71,15.6,66.34
27,41186.14,1000.0,574.7,36983.25,60428.67,0,24.89,21.72,44.9
58,52864.88,1000.0,665.65,27287.95,161904.15,40,17.27,10.61,28.11
49,56958.63,1268.59,597.11,53167.25,101057.16,26,13.56,16.84,39.14
51,29018.84,1125.95,509.91,7418.63,50522.96,28,13.64,14.23,39.29
45,43509.45,1827.96,684.36,45463.76,121426.63,22,6.67,7.02,39.27
32,78840.15,2609.96,682.52,53028.05,298589.62,3,17.52,11.37,48.14
47,73683.84,1862.33,756.48,49542.01,220707.95,28,11.96,15.12,52.63
54,76867.2,2666.9,783.13,56578.78,83818.99,29,8.45,5.46,61.44
46,49396.38,1000.0,603.91,38905.88,108608.45,24,24.87,25.07,38.93
39,51617.49,1433.03,748.45,30249.79,45919.65,17,15.03,24.48,37.84
21,27814.82,1000.0,587.62,29082.46,16643.14,2,8.92,17.01,61.05
37,76774.82,1228.07,732.5,83940.38,128608.83,16,9.19,11.59,67.07
49,79739.74,1086.78,694.3,12784.83,122092.95,20,16.87,19.93,32.32
53,79510.58,2981.93,694.43,44315.01,328104.66,27,17.21,13.57,50.74
67,88873.64,2694.96,667.89,72723.72,68300.61,41,22.71,14.33,55.26
21,67597.95,1593.6,667.84,51465.83,157155.81,0,11.99,14.06,50.22
44,88023.87,2383.18,816.55,70873.45,396700.46,16,16.13,13.29,29.78
34,56391.46,2505.1,623.35,28528.1,188647.88,8,11.02,5.85,68.29
29,28193.81,1000.0,542.68,24834.87,50171.2,8,11.73,4.66,21.0
39,75493.04,1204.06,668.6,34292.58,202581.47,11,7.58,8.81,20.16
34,27530.0,1000.0,521.33,32365.31,23418.94,16,8.73,16.08,52.18
27,63063.64,2150.57,729.13,10023.85,183353.21,8,19.45,17.83,49.26
18,77195.83,1000.0,676.92,81124.97,181351.66,0,11.59,12.09,61.73
39,65836.66,1552.3,691.58,82465.34,16426.6,14,21.58,19.84,32.44
43,101008.38,2587.55,787.04,58595.8,65818.35,17,24.47,17.35,55.89
35,24613.28,1000.0,616.89,20748.18,47730.03,8,17.25,14.87,73.7
67,58508.51,1319.73,637.89,16607.15,106640.44,38,15.83,22.35,38.36
31,60314.2,2094.76,661.55,26966.95,240806.51,8,15.56,23.53,60.23
64,35806.15,1575.12,558.26,7261.91,124536.98,45,15.18,20.84,53.76
46,39232.81,1685.7,588.89,20338.94,58232.51,23,20.52,23.22,48.44
29,44787.69,1551.73,593.8,30629.85,61345.3,3,20.63,27.18,74.31
53,40206.35,1181.91,614.11,12199.88,131963.82,24,5.71,3.56,44.68
52,58056.1,2323.82,746.21,37995.83,186396.85,32,11.43,26.62,40.15
69,49146.63,1983.78,638.28,37458.96,95211.26,43,9.64,1.47,44.36
29,65722.35,2638.91,750.03,26707.98,93430.84,10,20.21,17.52,25.25
24,71689.75,1273.32,757.59,71598.64,173153.63,0,13.77,1.0,29.07
46,70472.02,1000.0,709.5,28437.81,52804.44,24,16.03,19.98,48.63
28,52617.73,2382.17,701.12,20752.86,170179.32,0,23.8,15.83,61.82
50,65120.56,2897.11,705.74,61107.74,170508.58,31,22.12,15.18,38.04
23,78632.32,2462.18,671.6,33940.82,8541.76,0,24.74,29.18,34.37
64,68020.16,3101.86,702.31,19745.18,226808.78,36,13.22,13.03,37.99
32,93461.6,3568.82,789.65,51772.53,278329.96,5,5.49,12.03,45.06
49,77679.22,2310.65,812.37,86360.24,96929.11,23,15.79,13.72,72.16
68,90931.33,2316.72,730.87,44165.41,132311.83,44,11.89,8.58,49.98
28,15137.82,1000.0,566.02,19850.76,32504.31,0,1.79,10.72,53.98
40,61740.17,1833.28,629.83,64995.21,39846.41,18,21.82,21.13,72.46
43,54169.21,2471.57,731.94,10177.62,186576.15,22,10.96,13.74,71.69
51,57750.36,1666.02,728.32,28381.96,148657.9,22,11.74,10.24,57.33
63,45510.73,1837.0,582.58,500.0,161450.7,42,12.72,13.09,56.1
51,67131.59,2659.81,779.75,14352.38,221175.41,24,24.95,19.47,43.6
46,27449.58,1000.0,630.82,500.0,18093.93,21,11.94,17.15,44.21
21,67261.86,1035.85,758.72,50480.43,117750.76,0,21.48,20.2,46.82
34,46109.2,1590.48,708.97,19887.59,120282.36,7,13.03,17.24,58.58
52,50993.05,1077.84,703.66,10859.87,153540.62,25,7.2,8.45,51.22
30,67893.03,2336.71,688.55,56836.9,250740.73,3,10.84,21.55,64.99
58,61418.0,1063.81,751.86,18192.34,234823.63,31,16.12,15.96,59.42
56,78970.58,2032.36,696.72,82579.88,89100.73,38,18.44,19.68,44.27
32,42548.94,1000.0,592.75,12988.62,108171.73,10,16.97,19.78,57.32
46,58547.3,1282.37,655.15,53452.54,79135.88,27,18.57,13.82,73.11
46,75997.92,1173.66,743.01,73862.73,82742.88,18,22.1,18.74,50.51
28,66501.6,2982.77,658.2,9466.04,104113.23,2,12.8,16.8,52.26
69,67660.7,1736.76,649.08,49579.69,1000.0,45,25.9,15.44,47.08
49,79944.77,3400.82,698.61,58331.8,287533.42,22,27.59,26.46,56.04
19,52687.64,2364.22,641.72,61586.82,24093.27,0,12.67,6.84,55.6
64,48897.04,2093.71,649.86,33173.83,119142.16,41,10.92,5.19,56.58
31,70366.28,1946.71,676.84,39707.81,154547.59,5,8.11,5.18,42.05
37,57310.23,2204.34,617.41,45389.43,184283.52,14,16.59,18.95,54.26
39,80199.66,1413.38,758.14,53339.42,217118.61,15,20.28,32.44,37.49
28,66655.92,1043.9,781.19,40553.39,249663.93,4,13.77,8.28,37.36
44,48779.69,2035.58,627.68,53523.64,99511.65,18,16.29,16.74,61.81
20,66090.91,1000.0,738.41,57241.89,235806.64,0,9.67,16.7,33.67
34,43751.41,1964.92,631.35,14098.11,22259.43,9,19.21,21.01,58.94
61,77044.71,2689.2,759.81,89762.27,156838.68,43,15.05,12.14,36.54
45,34851.26,1000.0,641.24,500.0,86625.09,24,14.93,18.89,33.91
46,81997.17,1411.38,746.21,73430.18,285721.2,22,19.25,15.9,56.13
38,65775.78,2407.9,653.08,54739.52,89099.81,10,6.78,9.05,75.02
64,57037.9,1783.6,615.75,58836.28,158438.07,39,19.87,14.46,53.84
33,73740.01,2669.7,772.98,78112.08,106268.12,9,13.45,19.82,45.48
54,69203.88,1829.11,735.99,57090.25,220834.04,25,17.93,19.03,41.23
37,83946.87,1234.75,795.93,99875.98,214431.14,17,11.35,11.48,38.37
23,83779.11,1926.84,781.77,42930.94,31806.31,2,15.98,17.83,50.35
36,66341.23,1525.89,747.27,2383.75,229662.2,7,18.45,18.37,62.52
22,44308.13,1000.0,642.91,48440.81,76555.4,0,9.03,12.87,51.75
20,50252.84,1000.0,582.39,26388.15,174802.86,0,9.9,15.79,48.78
18,58710.36,1381.18,688.79,26431.91,216465.61,0,16.5,18.12,34.17
55,79470.99,2920.89,819.11,59838.07,86601.47,32,17.11,12.88,33.03
32,51785.04,1724.52,671.16,42441.68,150614.58,6,16.93,8.16,39.24
51,53287.07,1090.64,604.53,42854.3,87817.49,25,13.49,18.24,43.46
52,93270.31,3039.87,812.88,98380.31,79207.32,24,22.53,17.97,50.1
66,58122.63,1980.78,771.92,46276.97,215374.53,42,12.98,19.67,65.47
42,48574.83,1453.31,620.6,49888.22,39984.27,17,17.84,10.14,53.51
41,73979.63,2210.4,736.61,68790.61,132899.93,18,12.86,9.38,44.18
29,58989.58,1464.41,698.36,16398.62,181159.44,11,12.84,13.37,60.77
35,34987.22,1000.0,614.12,24905.75,44300.79,17,17.15,17.55,63.11
32,78736.45,1995.93,772.11,43247.6,187769.74,9,15.3,20.46,52.8
61,46553.29,1117.8,621.43,31020.34,89504.65,42,8.8,16.39,42.34
33,60784.54,1959.23,710.56,52288.3,172993.45,8,24.73,22.06,71.86
44,58773.5,2412.18,728.86,36512.3,240788.06,26,15.7,19.76,52.23
25,64141.82,1604.35,681.81,77239.8,120790.26,6,18.77,8.93,39.09
63,20560.67,1000.0,597.93,27564.9,74332.01,38,1.0,4.04,36.76
42,53968.21,2135.04,644.87,58058.86,186144.02,13,22.06,24.48,57.2
34,80247.07,1569.5,678.78,48913.22,260334.18,11,31.26,27.24,52.68
46,82778.02,3522.62,686.25,96517.67,187790.47,17,24.49,29.42,59.45
25,42156.77,1000.0,647.22,37279.69,138171.09,0,21.14,15.11,37.05
32,76570.77,3258.65,645.28,64064.96,255475.45,13,15.61,20.39,61.91
44,46294.26,1000.0,643.06,34886.86,189907.93,25,15.89,13.69,45.03
63,53258.42,1264.3,624.19,31790.96,137621.15,35,17.77,19.91,40.85
67,54204.28,1771.1,563.89,55206.43,62455.33,43,11.93,9.02,54.69
69,61958.47,2644.97,716.59,39446.86,91736.26,45,15.58,16.63,45.24
24,78024.6,1640.34,670.93,70157.18,237649.33,2,12.8,18.33,44.6
20,64762.52,2457.9,798.18,63613.19,198818.67,0,14.5,19.03,51.07
46,57729.63,2088.73,746.86,65639.59,217026.87,17,19.98,19.59,49.33
61,77411.6,1379.76,729.24,34745.47,172478.61,32,8.91,15.34,38.31
41,45552.09,1297.42,546.23,14285.06,40247.69,17,19.32,21.74,55.49
20,58610.09,1673.33,689.14,5909.56,29963.69,0,7.97,9.08,49.23
37,77924.06,1765.27,816.33,70590.43,170199.87,11,18.05,18.58,61.63
63,69527.51,2676.63,756.36,32904.49,114233.64,42,17.67,21.78,28.12
32,51606.53,2237.89,705.45,11286.06,191032.52,5,18.02,26.93,53.07
42,32766.78,1192.24,667.76,24245.03,55902.56,21,12.37,16.43,64.72
47,65595.45,2947.32,640.38,32885.39,192091.98,28,11.34,7.18,41.14
31,31583.85,1000.0,643.64,41647.61,6034.08,11,14.08,16.87,48.36
24,56174.98,1000.0,755.87,35554.55,73640.29,6,26.48,32.76,73.32
34,81221.07,3435.27,715.77,109928.9,146130.81,16,18.05,14.39,24.12
61,70741.66,3001.33,694.13,19773.88,227392.87,37,12.67,7.32,64.77
37,23574.23,1000.0,640.61,38010.41,93445.75,15,10.02,14.55,54.78
53,63608.13,1552.98,753.59,29518.83,36002.07,33,17.11,17.28,48.9
26,54254.94,2189.0,623.61,54097.42,128506.81,2,14.08,15.29,63.19
55,37073.09,1000.0,552.99,14433.3,73756.2,36,11.67,12.17,42.97
65,66030.38,1413.99,692.95,31316.29,199897.34,45,23.24,18.51,36.8
39,51148.72,1800.43,587.15,65423.8,25777.92,21,17.7,13.84,47.1
19,51260.39,2318.51,615.13,23751.53,160506.21,0,14.53,16.63,48.48
41,62232.81,2431.52,655.95,56265.48,73527.2,22,15.67,19.55,44.94
25,48734.08,1871.9,696.77,47166.22,173107.13,1,15.74,14.25,55.72
28,61723.25,1476.55,747.93,22997.3,91651.86,0,18.97,24.84,54.27
30,49320.15,1703.75,698.72,41207.3,120333.92,4,21.34,20.15,56.59
34,50307.69,1000.0,613.85,31167.75,49568.65,11,12.97,17.91,67.4
25,77872.74,3549.09,729.76,37946.55,189515.86,6,12.82,11.84,47.93
38,79704.09,2273.12,718.76,38833.08,178946.73,19,15.19,16.38,67.26
35,29244.22,1000.0,597.33,19594.65,31211.33,9,8.55,12.74,63.53
47,73447.31,3063.17,754.16,38233.44,150505.73,20,9.71,11.28,22.05
35,85174.64,1067.42,734.08,61159.17,28276.97,10,25.57,17.08,40.76
63,88032.78,3964.36,718.44,76211.79,236425.52,37,23.08,27.51,34.73
64,69366.84,1697.54,778.91,7972.79,222016.06,43,5.52,8.18,61.61
48,40966.84,1000.0,671.21,49559.82,51368.58,27,15.19,5.57,48.31
55,71339.66,1236.7,729.3,17978.69,126180.75,36,15.25,13.31,42.76
49,44353.46,1823.2,585.2,24422.94,44497.27,22,11.96,21.33,32.04
28,53826.63,2235.31,700.48,55143.59,165093.21,10,2.95,13.09,59.24
62,66895.48,1000.0,693.06,35231.44,87678.52,35,16.56,17.97,42.89
42,45514.33,1000.0,536.61,38337.45,57439.2,21,14.94,19.69,24.44
50,39364.79,1697.07,594.41,61515.68,54935.12,23,8.05,17.71,66.11
55,68383.92,1134.87,725.78,38037.46,208939.16,28,24.95,23.04,51.3
58,93610.04,3107.63,771.1,57324.55,360885.97,30,23.32,26.63,65.23
25,82378.22,2731.25,770.06,46773.86,312123.31,0,12.91,10.06,51.4
28,72729.35,3017.61,739.18,87485.13,251289.67,9,22.39,15.34,48.63
39,77625.34,2452.07,683.68,36770.28,225308.81,10,15.43,15.89,50.1
68,71478.95,1927.58,745.22,37661.55,42962.28,40,22.42,24.4,53.99
41,68098.2,3063.01,739.18,49184.92,155847.44,16,9.6,18.02,39.11
58,76175.12,1533.19,727.15,33142.57,282774.79,40,18.47,17.44,26.92
34,35369.46,1000.0,606.78,11070.16,121815.54,16,7.46,6.09,20.86
29,63590.74,1000.0,691.23,84797.57,159306.92,8,12.17,24.33,51.17
63,58542.93,2635.05,743.7,21873.12,188463.64,39,6.2,8.39,47.4
49,61420.25,2213.91,701.48,28890.2,147835.33,23,9.97,6.96,44.59
32,51695.3,1000.0,660.71,36979.65,72116.76,10,8.97,14.17,36.92
33,69368.78,2495.69,729.26,71340.16,158507.02,14,10.11,28.95,42.84
39,45277.3,1175.91,656.03,5043.92,22373.03,10,15.47,16.3,51.17
45,50390.61,2255.06,646.72,500.0,48135.43,21,6.21,9.73,49.47
37,48230.16,1048.83,584.61,29332.81,170507.45,9,16.32,20.2,49.89
50,75551.04,2733.15,731.55,84696.26,164207.27,31,22.58,25.49,43.3
27,59788.98,1997.82,705.95,25521.91,175834.59,1,11.53,7.21,66.75
57,51705.02,1000.0,668.2,9737.27,124986.31,31,14.75,22.77,36.62
49,53278.27,2238.07,637.41,43572.65,52540.35,29,13.65,13.96,36.34
67,60069.85,1030.42,671.41,52012.82,210132.32,42,13.95,15.1,41.3
50,89199.15,3088.04,812.28,86884.93,49192.69,22,6.14,3.65,59.08
19,37742.63,1447.49,537.37,46946.54,139732.19,0,8.14,9.07,58.44
50,72159.18,2419.56,683.01,28946.27,209139.33,30,24.52,29.29,51.66
50,68493.52,1077.89,711.41,40865.58,265124.64,32,18.47,23.66,37.25
58,44106.62,1985.06,679.1,30015.68,151705.69,36,13.2,16.54,36.04
30,86403.72,1762.11,840.88,76476.89,130845.32,2,8.54,1.0,45.55
47,69707.05,2330.22,749.15,62184.57,287196.31,26,19.94,15.37,45.73
50,50860.8,1987.26,625.91,32795.35,108122.67,32,10.53,14.55,40.8
30,26530.56,1162.25,500.31,20830.96,76208.99,3,6.47,7.38,64.84
69,64124.64,2092.62,776.43,14922.53,184776.36,44,10.73,15.79,80.86
43,59194.58,1251.09,639.71,72035.77,192353.69,18,18.47,21.92,41.78
39,41447.17,1673.97,630.91,37094.41,1000.0,14,13.79,21.68,57.61
56,41214.94,1000.0,618.38,40713.96,156919.42,36,18.44,8.89,59.88
19,75633.18,1001.59,723.79,31177.99,213260.35,0,23.19,19.39,50.14
55,24797.49,1060.63,521.92,36734.49,1000.0,26,8.78,7.31,35.88
56,65657.09,2079.99,777.8,62536.2,158075.13,27,16.35,13.62,37.06
43,56626.13,1000.0,630.51,46503.52,175932.43,19,14.15,14.5,55.93
63,68948.79,2194.25,713.99,64416.1,111172.01,37,10.09,13.29,51.41
67,54702.51,1000.0,644.08,37383.1,160179.83,45,9.38,14.85,56.85
32,65278.95,1000.0,723.45,59268.14,256613.12,6,15.71,12.13,77.11
51,46630.05,1000.0,630.48,49187.83,201899.21,28,14.38,13.46,54.56
59,59114.31,2266.26,663.25,500.0,24862.31,32,15.64,16.58,48.73
61,68803.51,2593.11,755.33,59915.73,162815.72,34,16.61,16.98,36.44
66,62715.69,2047.29,673.59,41830.7,75784.39,39,12.19,10.69,54.33
57,66845.52,1301.99,764.03,77171.59,163382.56,36,27.29,21.02,17.23
28,43297.42,1607.73,574.39,13443.85,123305.31,10,15.49,14.87,47.14
20,49367.86,1288.58,636.88,56116.73,64409.5,2,12.06,6.05,27.05
23,49679.88,1466.8,610.35,20795.5,52568.76,0,16.98,10.39,49.42
26,55023.18,2334.16,666.46,48927.74,219106.55,4,11.25,11.96,60.3
23,84454.49,2344.62,691.57,41043.02,249243.71,3,18.58,18.38,74.94
26,53624.78,1789.93,688.75,52380.42,18915.46,4,17.37,23.02,24.49
56,39415.93,1756.31,650.61,15676.15,85890.73,34,16.7,8.67,63.12
48,69749.62,1921.35,777.03,78953.53,333662.37,30,10.69,14.68,43.76
49,84239.58,2627.51,790.85,40201.12,212219.89,24,33.57,35.54,55.75
58,37298.19,1192.81,649.52,43290.05,100601.91,36,19.64,20.17,59.48
67,95510.59,1960.23,817.16,27266.98,289428.35,45,29.71,22.42,50.15
29,67473.18,2500.83,692.61,37800.86,187809.95,3,15.47,14.12,42.77
25,78610.03,2886.66,808.68,55617.51,174760.96,0,19.09,27.45,47.01
25,86407.29,1695.19,784.17,71789.96,123604.13,7,18.82,23.8,43.65
67,77507.12,1003.3,843.84,31692.14,238031.97,45,15.02,12.29,47.56
45,58010.36,2656.76,752.95,55796.8,231644.9,16,19.59,14.91,66.2
37,81918.57,2612.08,761.35,12447.44,321155.45,13,13.77,16.67,60.28
64,64582.8,1197.0,711.55,50146.31,164926.83,45,19.95,21.24,49.51
24,79628.73,1748.02,776.33,42465.08,150894.93,6,15.47,22.9,44.69
28,81597.76,2700.32,816.06,33011.59,114579.79,6,20.15,18.08,57.5
37,40363.86,1000.0,552.02,50443.42,42689.78,11,21.34,12.45,74.61
33,74297.42,1021.05,781.95,45483.36,281785.16,10,16.76,15.37,40.59
21,56725.95,2218.89,686.97,44194.86,25568.62,0,19.57,16.3,63.68
23,62487.43,2272.14,736.08,25877.43,76935.33,4,13.7,1.04,57.16
39,62287.67,1421.41,654.5,6836.11,178931.86,11,10.32,10.85,39.6
43,61565.46,1000.0,650.3,36557.09,159125.61,17,24.47,26.92,56.24
20,87423.46,2509.84,777.54,59344.84,200670.18,0,22.48,24.48,50.99
58,35403.94,1000.0,650.14,13037.69,76749.57,36,12.87,12.38,36.04
59,28997.82,1000.0,531.58,500.0,68448.37,37,16.38,14.34,36.01
31,25200.78,1000.0,557.66,10444.87,40385.19,2,7.44,7.61,39.67
28,79244.6,1453.52,683.84,37131.13,299340.67,8,20.14,16.39,39.81
35,46078.13,1170.37,657.05,45904.44,178255.1,12,15.69,20.01,74.47
29,62379.36,2786.06,776.85,35270.57,127675.09,8,19.49,25.42,42.01
40,57935.09,1238.32,658.73,64035.33,153907.07,11,24.0,25.57,72.32
29,44045.25,1043.82,667.43,29564.59,123906.94,2,21.65,16.52,58.9
30,75326.59,1768.27,731.45,75950.6,183882.05,11,10.59,8.33,29.18
42,57705.67,1645.17,689.72,27047.71,164495.03,22,5.79,16.36,36.05
62,55720.77,2263.2,640.33,14722.51,42269.43,36,16.8,17.17,51.53
68,64191.68,1662.83,722.04,32690.07,167108.46,40,17.27,13.42,38.67
36,72973.9,2873.1,709.87,37905.6,189099.63,8,11.62,13.59,51.56
63,42738.43,1000.0,708.84,40755.83,175093.59,37,9.47,4.94,21.95
53,75712.53,3204.93,704.15,51722.19,140129.63,30,13.72,8.71,48.2
62,86097.36,1608.02,802.34,98256.76,303315.42,35,25.28,19.64,49.34
25,34329.8,1000.0,691.8,42138.86,21637.41,0,11.07,17.23,73.53
46,65009.38,1155.77,748.52,23824.3,77004.89,20,8.98,9.85,38.62
49,54511.4,1027.99,622.93,27461.13,125452.88,28,15.13,19.07,57.24
68,72586.15,2137.67,672.88,89430.15,172717.54,40,17.24,17.97,62.32
61,38100.13,1047.68,634.7,500.0,82109.52,39,8.65,4.16,57.3
35,89320.89,3247.93,770.75,102623.28,255205.75,8,21.88,28.19,67.29
23,31057.89,1000.0,616.37,32546.5,149166.43,0,18.79,12.09,53.2
35,55602.94,1617.5,720.59,62694.21,176213.66,9,13.78,11.72,55.43
36,67817.33,1599.29,707.38,68933.64,236581.75,14,9.26,9.12,41.24
39,47645.94,1597.26,614.64,29733.59,76932.71,14,13.4,18.36,56.61
54,44818.77,1000.0,643.79,40987.75,176474.79,26,15.99,13.08,35.14
49,64000.24,1000.0,760.37,18749.53,94698.32,31,5.61,4.57,35.32
58,61399.68,1641.93,685.8,21073.76,1000.0,36,18.55,22.25,73.32
20,60106.89,2376.91,777.14,61557.01,41512.44,0,14.14,13.5,64.04
45,75456.39,2631.15,766.2,70605.34,232735.57,27,17.76,20.61,31.62
27,52899.49,1000.0,694.24,39526.02,72291.05,0,13.84,26.76,55.8
68,65752.67,1213.08,672.72,43413.33,144684.26,45,12.81,11.78,33.01
52,50881.15,1020.56,647.01,29059.16,157467.74,28,14.53,17.37,56.29
46,44712.07,1189.43,657.64,21385.18,90832.16,17,11.93,7.24,52.47
32,54874.34,1759.12,663.29,500.0,122224.98,10,13.7,11.67,53.19
50,51022.23,1005.92,709.81,34199.93,164087.57,32,10.7,14.0,39.11
24,51921.53,1311.04,665.36,46128.48,207479.16,1,17.88,24.69,71.03
29,80975.89,2588.38,716.39,19299.39,310190.97,2,24.28,14.28,47.51
66,55426.14,1401.24,682.16,57525.95,112191.69,44,11.18,14.73,47.4
47,48067.68,1000.0,629.75,59144.73,186646.78,24,14.22,9.25,46.08
38,60505.42,1747.92,714.16,41038.99,108468.66,10,10.57,10.95,31.84
48,61876.1,1441.7,664.42,60920.54,139548.08,21,18.13,14.85,45.99
41,38636.14,1595.92,701.36,16371.53,120555.96,17,14.98,11.7,29.49
37,54628.69,2095.24,599.17,46426.69,132706.97,13,12.57,14.68,56.44
54,53903.68,1015.68,649.37,33905.69,143564.9,35,14.98,10.45,40.4
21,56901.4,1000.77,681.67,32658.21,232109.27,0,20.02,2.78,50.72
45,73059.51,1759.95,700.23,74578.14,286881.36,25,9.27,9.3,54.52
61,62460.09,1638.9,588.82,59038.79,166844.74,32,9.79,7.8,37.5
37,82102.87,3577.0,836.42,26719.11,342695.12,14,21.12,17.53,26.68
41,59790.11,1348.51,716.8,22461.18,94893.65,21,16.25,12.34,54.61
67,91969.57,3809.33,724.1,91906.76,233791.96,45,18.85,20.66,39.31
66,51706.05,1517.24,609.76,43776.57,145492.33,45,19.89,21.76,44.07
68,46147.88,1939.17,576.89,33739.62,134320.3,45,18.14,11.17,53.7
49,69851.45,2507.56,707.68,5348.34,71359.98,21,25.56,28.78,40.9
58,84553.47,3053.48,824.45,64339.54,332512.13,31,22.93,24.32,54.64
53,35181.54,1048.17,597.03,4088.55,137215.36,27,16.15,13.94,49.06
51,56454.17,2286.97,653.36,19426.5,195953.12,31,15.38,15.06,48.02
53,49005.92,1028.18,695.14,44797.14,24932.15,33,14.18,19.61,44.62
19,62571.32,2674.61,706.74,30237.93,215192.86,0,16.24,14.06,56.54
32,60180.32,2029.63,682.56,47144.58,170092.2,10,17.13,20.65,59.66
51,84216.86,2284.27,790.4,83813.33,62403.47,28,12.39,15.11,26.57
53,58048.71,2626.1,599.38,29469.74,193160.29,29,17.12,21.12,58.16
23,84746.11,3494.4,780.2,89046.45,114756.36,0,17.26,19.96,49.27
56,54328.19,2077.19,725.49,62388.55,97667.49,36,17.22,13.98,28.05
59,76676.67,1658.52,679.14,74663.05,48050.31,37,14.78,16.05,44.56
68,64115.93,2882.53,680.41,19543.28,82966.92,43,13.11,18.31,32.81
68,91137.94,3396.37,690.51,96686.36,238455.08,45,20.27,22.86,60.89
29,33413.73,1091.76,585.58,37170.51,171521.16,2,15.73,19.25,34.69
20,39050.56,1688.02,592.95,15139.39,174617.02,1,10.89,11.47,53.74
62,92969.2,1664.71,850.0,68478.64,173182.11,41,25.89,30.39,53.84
35,46801.23,1000.0,624.48,7810.17,49703.37,16,21.24,21.54,57.85
57,47943.54,1500.17,661.99,9108.4,35574.37,37,6.88,18.1,52.01
38,44236.98,1000.0,698.04,47050.2,85585.85,17,10.54,6.47,42.43
32,80672.03,2793.91,648.54,22180.59,316145.19,11,18.65,16.55,38.69
50,37437.76,1000.0,622.88,25562.72,23963.03,23,15.6,15.06,23.43
52,60404.11,1000.0,636.24,47827.07,66936.63,26,26.7,27.84,54.75
43,55218.81,1443.96,621.75,73298.84,190953.68,16,16.23,12.44,43.51
25,78657.28,2204.89,702.03,50889.28,210574.72,2,17.28,13.13,67.21
53,49853.71,1000.0,632.06,59853.57,74500.86,27,9.3,16.29,53.25
65,67474.91,1000.0,660.69,51944.32,215501.29,44,8.82,10.42,60.5
47,38918.11,1023.62,602.74,37250.56,1000.0,21,13.22,17.09,30.45
40,100930.94,3816.96,850.0,115175.95,364827.4,12,30.38,22.11,44.57
59,55687.34,2318.82,693.45,57064.54,102939.65,33,14.51,18.65,52.32
61,60157.74,1000.0,807.33,25395.51,212267.2,38,12.15,17.75,61.73
31,89785.58,2692.6,782.25,44119.75,235558.42,9,21.24,26.22,82.89
31,49439.89,1052.09,679.82,36796.61,36491.78,11,4.92,3.43,52.49
19,90012.88,2249.22,831.13,44549.09,290207.82,0,19.4,12.6,55.27
54,52593.52,2293.85,609.06,15456.55,82296.9,34,19.38,18.1,59.92
22,72090.57,1747.17,776.33,39799.39,98205.51,0,12.47,19.8,44.26
55,49691.73,1226.3,609.46,65697.91,95691.05,33,21.81,15.8,40.98
62,35591.34,1000.0,630.45,10978.52,2372.86,43,16.86,11.39,54.34
58,67462.7,3002.13,748.01,47318.35,209790.72,32,23.64,19.05,59.22
64,71518.26,1982.22,631.34,6677.97,185036.98,40,10.27,13.12,44.01
31,36314.06,1144.37,594.74,22724.58,88818.63,8,12.73,14.49,40.33
56,54472.95,1503.76,662.61,41081.94,40465.33,34,20.06,14.6,61.73
42,81613.66,1708.23,696.72,27763.81,326375.8,21,10.67,8.81,31.97
37,70802.14,2797.66,729.67,80464.92,73525.63,12,21.82,19.81,54.51
19,52886.13,1000.0,737.24,53436.4,165025.93,0,14.39,11.34,57.63
56,49244.54,1748.58,606.33,11564.16,58388.28,31,19.62,13.47,42.15
23,95068.4,3071.57,840.86,41845.11,167336.14,5,20.59,22.06,72.4
34,33955.22,1000.0,626.24,48657.75,65625.27,7,20.45,16.42,52.13
42,58934.43,1062.6,618.06,77502.48,172082.13,24,9.43,9.11,42.06
45,33635.46,1159.55,584.41,23297.02,72919.56,25,15.01,13.78,23.53
19,83666.66,1916.35,764.91,49410.63,243548.22,0,10.81,14.03,89.4
52,59871.77,1278.74,753.28,31118.22,113160.32,29,18.08,17.94,47.66
54,63207.13,1000.0,727.94,6102.21,129526.63,33,17.96,14.78,30.19
22,109840.06,4179.35,800.89,57995.32,248700.62,0,19.56,17.97,42.87
18,49317.49,2067.51,667.99,48146.62,49635.39,0,11.01,11.65,65.18
57,91474.37,3643.25,650.52,38538.0,214934.05,38,17.52,24.53,36.27
29,52966.83,1484.9,701.78,61248.02,81412.13,10,15.78,15.96,56.67
53,55796.78,1690.56,635.17,64559.09,188695.45,34,17.0,12.81,56.05
62,107487.15,2211.64,777.2,73909.14,287104.96,43,30.41,18.33,48.7
40,57100.37,1042.76,659.39,45376.16,155149.8,14,20.08,23.79,43.33
64,35261.31,1408.1,551.98,33388.32,59175.74,42,10.59,11.99,47.3
48,65074.54,2545.16,688.62,36805.06,184225.18,20,19.4,20.17,57.29
28,56890.74,2185.29,720.33,33215.68,197968.33,3,20.1,22.97,34.63
27,66607.73,1861.37,613.23,31050.46,188222.38,5,13.38,10.6,25.04
20,57595.24,2379.66,671.79,61223.22,72546.56,0,19.27,14.6,68.25
31,99879.8,4332.23,794.81,30135.75,133897.7,9,12.55,14.08,57.34
33,70021.25,1641.63,735.68,60536.24,169268.48,15,13.54,26.02,54.29
27,40650.64,1000.0,615.84,18904.13,146487.6,4,6.94,6.27,39.66
46,62241.84,1741.24,731.98,39454.44,197113.22,25,15.17,13.0,62.63
27,45606.66,1000.0,700.66,42241.06,95992.92,7,12.19,17.72,64.09
29,55541.15,2330.88,715.51,53239.66,123460.06,6,13.57,17.47,51.82
47,43612.07,1036.5,600.39,27004.74,138535.22,28,18.44,15.41,46.76
58,97928.13,3104.88,850.0,100855.35,395376.88,33,20.25,11.24,53.99
18,47555.08,1537.17,593.36,10564.54,61119.13,0,18.76,16.82,57.96
22,72376.16,2147.13,751.93,64473.82,228164.84,0,25.37,31.83,49.71
37,54177.37,1000.0,717.05,51765.87,71474.24,11,25.89,20.91,35.81
25,39148.56,1782.57,713.79,33732.69,82893.05,0,13.22,18.3,54.44
60,63557.69,1160.15,738.78,37841.71,170668.76,42,19.03,12.8,46.72
29,67212.45,2523.84,670.3,21511.64,3310.18,2,15.95,20.35,60.49
18,70055.28,2723.66,754.26,65610.86,13276.34,0,22.08,24.89,76.55
37,15000.0,1000.0,541.75,4810.02,24017.31,11,15.6,16.07,35.65
45,37772.78,1647.1,665.77,41118.36,98415.16,26,10.47,18.48,53.0
60,77235.98,2221.2,743.23,73477.95,212244.77,40,15.16,15.07,29.82
54,43375.07,1451.45,697.27,20413.25,53142.95,35,21.27,29.79,67.38
64,63652.99,2158.23,695.09,51649.43,156259.31,39,13.62,13.94,34.01
54,37355.56,1095.71,657.2,46134.04,124113.19,35,13.18,12.55,38.49
29,73168.82,1261.0,694.56,92085.76,331716.34,2,20.69,21.14,46.96
54,76762.85,2883.09,786.38,41664.77,129157.44,35,16.85,10.79,51.99
66,73174.38,2333.74,625.78,75636.43,129709.11,45,24.99,23.68,53.65
66,78586.02,1293.21,770.39,76941.93,135759.2,42,23.02,17.02,56.53
61,88150.2,3159.66,783.89,20375.69,164282.29,32,14.39,19.93,61.4
45,38866.67,1396.3,626.3,6354.65,146326.53,26,10.96,17.11,44.15
64,45803.91,1409.98,542.79,29980.13,116169.37,37,17.52,13.46,39.42
32,76155.78,1181.81,709.15,24855.67,121134.16,10,17.36,14.93,40.88
23,80343.96,1948.73,798.15,68361.7,268994.92,1,8.33,15.68,51.65
61,47861.83,1000.0,608.62,31992.25,14642.52,41,9.93,21.7,44.77
37,46610.05,1324.65,576.73,500.0,184361.56,17,15.83,16.14,34.18
67,48260.16,2061.43,599.34,26306.19,95332.26,38,19.28,22.65,56.32
31,31108.29,1000.0,649.82,7413.56,86954.87,11,17.64,21.12,47.25
19,37114.6,1000.0,634.94,23043.54,60243.78,0,23.53,25.28,74.98
26,37548.73,1470.48,679.61,23049.57,172900.8,5,10.3,1.0,48.28
54,54706.23,1000.0,698.41,54645.08,210667.18,34,12.25,9.03,33.88
37,64875.06,1000.0,658.53,17349.54,173528.08,18,16.36,23.81,54.3
43,67802.51,2228.03,788.54,11449.15,118526.67,23,8.4,6.96,59.49
46,50845.88,1973.16,628.05,52835.13,129156.34,25,15.07,14.49,54.19
18,51288.23,1968.62,619.61,81092.02,169785.73,0,14.15,24.76,68.05
52,62225.91,2394.82,700.95,16197.26,269546.0,31,20.18,16.67,40.97
23,33071.74,1000.0,620.84,500.0,108834.9,0,18.11,18.37,61.49
54,77269.93,3239.48,772.32,65359.04,276440.17,34,19.51,20.77,64.42
22,83136.94,1074.78,737.08,59577.04,190062.83,0,18.33,23.67,58.24
50,48739.55,1116.44,712.47,56041.4,96272.48,30,16.69,19.76,62.22
66,52828.15,1254.12,631.98,9952.08,80643.23,45,11.32,10.35,45.9
68,82379.62,1484.4,700.62,33325.79,203121.22,43,17.82,17.53,60.79
31,57785.07,1369.94,588.02,42732.23,123605.97,10,15.86,14.97,60.06
29,70588.42,2260.91,704.07,46453.05,35305.96,11,16.68,21.21,48.7
59,58338.5,1740.98,715.35,50620.76,159842.03,40,14.98,15.27,42.77
37,88013.53,2037.3,798.96,90096.33,210665.29,10,15.7,17.1,57.83
67,68821.43,2579.26,723.07,48258.08,153243.82,45,11.75,10.84,40.09
41,69857.8,2537.68,690.65,32121.6,78077.72,21,15.96,26.19,52.96
60,70193.52,1534.19,768.93,74013.65,165237.96,37,19.99,14.86,49.28
51,50007.95,1163.9,655.91,1664.96,164084.3,26,6.31,20.04,34.46
42,51661.7,1140.9,674.9,31400.12,203396.57,13,12.68,12.98,47.91
67,73846.42,1240.25,670.97,72796.01,1000.0,45,27.73,28.98,45.03
46,62275.43,2341.1,605.23,43602.72,157578.72,20,15.26,16.27,52.44
56,38803.0,1000.0,657.39,17594.68,30798.2,38,14.64,9.3,49.87
48,93715.88,1641.84,850.0,84146.0,97496.5,21,28.57,22.57,51.12
64,77605.29,1242.47,754.98,30024.67,130931.09,45,19.36,24.16,46.34
60,60677.27,2427.78,723.27,21654.79,80217.43,40,17.78,12.21,31.59
67,55076.98,1000.0,705.51,41104.02,209489.24,43,10.96,1.0,53.51
40,63576.17,2203.18,696.27,43015.53,236940.23,14,17.92,8.5,45.32
61,69315.36,1000.0,640.27,38229.65,65467.91,41,16.86,16.84,59.61
55,23405.99,1000.0,605.5,7411.88,46567.43,30,16.97,11.97,26.06
37,98022.29,4207.49,850.0,46441.75,126262.76,11,26.19,23.62,64.03
40,45782.08,1315.23,664.13,27401.11,125039.14,13,14.73,18.26,46.1
62,59965.7,2357.73,672.91,26476.68,44662.07,38,17.91,20.69,64.17
69,60627.6,2185.44,704.23,68506.12,86752.23,45,6.61,11.51,57.19
33,95943.3,3743.82,788.5,97317.84,111079.66,12,8.42,21.03,76.37
67,58413.77,2223.18,738.04,78001.84,220660.79,45,21.31,27.82,59.92
59,88593.13,1713.89,779.45,56820.71,64780.2,36,6.38,4.7,34.4
25,67321.09,1962.54,738.66,54166.1,198100.68,4,18.37,20.99,65.13
67,42686.07,1900.12,683.28,23470.39,18582.8,45,13.4,17.24,48.11
38,62424.73,1495.14,724.2,16284.6,265826.91,12,22.4,15.16,44.68
18,57866.84,2595.3,680.91,58099.04,73917.79,0,15.61,13.18,64.6
25,40486.73,1293.09,558.0,26652.89,1000.0,1,23.06,13.01,56.39
46,66439.01,1852.79,723.63,72509.22,116619.07,21,15.62,13.18,80.53
49,60397.85,2079.21,727.55,38655.6,265763.13,27,21.77,23.46,56.41
55,70015.59,2779.24,642.38,85480.6,233412.14,33,9.51,17.0,42.96
22,63480.35,1627.65,713.83,41098.41,183680.97,0,4.84,19.46,23.77
64,48280.15,1000.0,649.82,23743.07,95675.34,40,14.69,19.24,21.73
39,73830.01,2667.25,624.09,94710.67,91586.56,11,10.38,14.31,43.48
64,48760.83,2163.63,665.82,39793.25,190816.55,35,14.58,24.37,54.94
51,15000.0,1000.0,611.73,15468.11,23945.55,26,9.43,19.37,59.1
18,62315.75,1170.32,692.77,15877.6,112833.54,0,19.26,15.69,66.53
43,50026.67,1039.29,561.12,49463.37,69221.44,24,9.68,11.16,24.24
60,66878.35,2864.07,721.28,26281.74,209451.15,40,18.81,21.64,40.48
27,95979.69,1243.14,841.82,49550.26,276209.09,0,23.92,14.99,45.31
47,96499.31,2971.36,755.64,95924.39,178456.75,18,18.62,19.99,60.71
67,57027.79,1014.48,664.77,26183.6,122661.3,45,18.09,19.86,43.27
35,45122.73,1000.0,623.22,10344.43,1889.65,8,9.62,15.41,63.56
34,70524.3,1603.21,720.1,80553.64,170764.68,10,15.14,19.97,51.52
43,53335.94,1056.55,646.47,64026.49,157793.93,14,8.62,9.34,43.08
25,67051.98,2609.11,764.99,19166.42,219643.88,6,28.4,27.07,55.79
64,48104.51,1134.0,707.0,33412.97,150342.39,35,20.95,17.6,32.14
57,64512.46,1549.34,669.44,74133.32,200506.97,38,24.75,27.12,45.12
66,45384.47,1252.62,699.95,46149.48,64569.02,45,20.61,20.46,54.54
29,81316.56,3462.18,672.86,113177.8,108619.95,0,14.82,20.22,50.01
44,49380.4,1750.0,614.75,31037.13,66413.31,23,7.27,1.0,28.83
25,71899.85,1046.74,746.86,42814.88,255322.74,7,15.07,9.09,20.07
42,37234.19,1000.0,618.79,16662.49,76788.15,23,16.1,17.87,33.8
63,74061.13,2324.01,731.84,21603.02,244202.76,43,15.95,9.9,33.89
21,42605.09,1792.34,647.99,13977.29,79223.57,0,3.09,12.23,59.07
50,64701.18,1505.92,675.5,16335.38,132734.63,23,20.21,24.25,35.97
18,78417.62,1627.88,794.82,57328.69,89119.81,0,9.85,14.2,45.56
36,56400.31,2111.61,703.7,27291.63,221569.41,13,13.53,12.9,35.24
48,41475.0,1350.83,623.08,39299.65,23754.21,28,22.87,19.27,56.19
33,68942.63,2160.27,751.83,79663.93,273920.17,13,17.14,21.47,60.17
31,44862.33,1000.0,658.44,1002.01,41665.06,10,19.87,21.97,60.4
65,52723.58,1000.0,650.6,35380.63,15709.44,44,17.01,12.6,46.06
22,64778.33,1418.19,684.84,75976.04,54737.97,0,11.43,15.11,53.8
58,84492.17,1638.69,705.13,72953.8,264732.43,38,22.1,27.89,61.36
43,60477.96,2714.34,657.26,30912.63,43988.74,18,15.73,18.85,45.59
45,60411.44,1000.0,676.26,22068.41,132739.75,20,8.61,9.17,44.52
19,73275.23,2445.09,726.97,4573.97,72192.91,0,9.06,10.23,63.04
67,60906.69,1812.17,645.11,36409.0,63195.7,43,18.01,15.74,46.0
23,71439.54,1662.76,719.51,6448.49,170496.31,4,27.85,22.29,58.61
26,79413.6,3342.22,717.22,58330.84,321645.82,4,12.56,7.74,67.1
50,54100.73,1884.8,633.58,27767.34,198739.72,27,10.63,12.98,42.26
58,15000.0,1000.0,571.68,656.98,9013.26,29,13.49,6.65,56.16
42,45277.31,1000.0,646.96,24736.23,171543.77,15,7.96,14.47,55.16
65,81756.28,1261.41,742.59,55758.28,164339.37,44,29.95,24.32,54.91
30,59392.23,1018.37,704.51,34264.6,71842.56,3,11.61,19.74,51.86
26,53895.66,1157.48,607.31,31814.21,177185.01,4,12.89,9.06,33.22
30,81002.13,2137.88,692.27,85596.36,70842.7,4,14.08,14.18,73.54
48,58176.15,2399.97,659.67,36268.95,195850.56,20,20.49,19.9,48.48
58,22334.4,1000.0,562.35,23639.29,80653.14,34,23.04,15.36,58.01
28,32904.56,1415.16,633.11,32236.44,9194.8,9,9.77,14.29,61.59
21,67535.66,1886.29,674.36,52965.81,164289.79,0,21.09,14.02,59.66
51,58795.96,2003.12,649.09,21583.92,100095.36,33,9.35,13.69,61.23
55,86183.82,1836.89,807.55,25609.99,174814.28,36,23.41,28.81,62.12
63,46801.16,1000.0,591.66,4424.12,47230.32,43,23.47,24.4,27.9
21,54428.99,2257.82,709.0,28967.69,99463.41,0,22.7,18.67,55.68
55,44078.94,1000.0,632.63,38536.34,116586.71,36,15.07,21.38,22.23
36,50629.3,1939.14,616.87,31548.52,153882.12,8,9.9,23.54,45.14
23,25945.73,1000.0,528.51,17627.89,123670.59,3,12.6,15.06,41.29
51,53057.68,2186.22,650.77,500.0,52754.94,24,13.75,11.35,36.6
35,59066.36,2151.63,706.57,22610.25,138095.56,7,13.67,14.96,52.06
30,57546.04,1259.61,672.02,30336.8,204035.63,2,16.79,10.67,60.08
58,98691.96,3123.36,837.35,100172.27,85759.99,29,19.54,24.34,29.64
40,93002.72,1203.06,818.99,34029.72,326187.79,11,22.84,22.52,79.23
36,46483.81,1317.38,675.69,34266.79,32187.94,10,18.22,15.12,57.36
62,23209.14,1000.0,607.78,20255.02,115831.67,41,12.01,16.01,44.71
28,58214.39,1560.04,650.64,33741.74,195871.22,0,17.98,15.11,51.95
18,66777.18,1078.7,735.49,40839.84,159103.62,0,23.28,20.33,35.93
41,44511.29,1974.05,729.43,31664.64,155588.11,13,11.79,13.26,40.62
24,45402.44,1359.15,680.19,39374.9,170866.62,4,14.62,24.27,39.47
42,88485.99,3799.64,748.01,29731.38,305422.66,13,13.71,8.96,40.8
38,55364.07,1000.0,639.99,42994.03,157335.88,20,17.94,21.44,58.83
32,71920.5,2427.68,720.89,70025.92,67801.01,4,18.18,14.21,42.84
18,43254.5,1000.0,664.45,42204.25,124532.52,0,16.63,25.46,58.54
29,58975.07,1586.09,684.96,56558.8,164223.95,2,10.95,8.08,57.24
24,53945.91,2244.31,612.01,13173.84,108325.79,0,19.22,13.99,56.75
32,47843.28,2160.96,677.64,21295.99,138210.86,13,15.29,19.54,75.18
38,80795.41,1673.79,784.61,71895.69,247786.35,17,23.23,21.27,57.09
36,35000.21,1543.8,565.5,24374.17,71163.97,17,11.31,17.0,66.52
46,65401.02,2318.96,739.44,22037.99,132644.73,27,19.95,25.07,73.53
42,53607.81,2370.2,666.29,18770.14,221890.67,22,17.59,18.27,49.14
50,67466.84,2108.04,724.33,19344.29,141243.8,28,24.37,27.16,88.26
66,53851.62,2397.75,684.25,22711.83,45761.91,45,14.8,5.64,61.61
49,75609.48,3194.39,739.79,45341.52,218798.51,30,14.79,17.18,36.25
66,43085.35,1000.0,611.3,32057.52,149518.83,38,11.84,12.31,59.91
52,80835.96,1847.88,765.01,39339.28,180370.57,25,12.54,21.32,39.38
61,59481.55,1225.45,680.52,55143.77,240142.05,42,13.43,3.54,52.5
55,36086.95,1139.26,623.09,23424.02,86089.02,32,1.91,2.68,55.94
43,72243.88,2836.29,704.45,55756.92,221366.73,19,24.07,15.27,63.58
28,56420.7,2133.48,687.04,28370.07,1000.0,0,25.31,23.79,48.33
52,29258.92,1074.53,587.76,841.89,78219.81,25,12.19,14.8,37.0
25,65984.43,1650.19,652.85,67990.19,130602.78,2,18.79,18.34,41.07
63,78118.72,1340.09,758.52,55705.56,334777.17,39,18.63,22.06,66.95
31,83078.44,1621.65,797.85,84404.35,79764.71,13,11.74,18.74,60.95
27,53189.67,1979.86,678.05,22300.43,11372.41,4,20.45,21.13,69.05
19,62615.72,1090.63,680.17,39428.81,69894.56,0,22.14,13.84,34.99
63,60909.65,1214.02,701.11,52916.6,99084.92,43,10.89,9.84,54.1
26,86816.45,2313.81,730.76,49372.08,99277.34,8,20.33,22.66,46.37
20,45411.21,1000.0,672.36,13604.56,171626.99,0,13.23,15.52,38.93
38,51636.13,1011.54,695.14,23138.66,46699.29,17,21.11,16.56,36.78
43,44975.03,1000.0,633.8,7776.08,152675.53,16,14.08,20.04,50.1
25,33915.29,1499.42,607.84,21860.45,14771.57,0,13.11,17.13,48.57
65,64460.17,1217.28,648.38,6867.95,205150.59,38,25.55,28.0,56.74
19,88823.37,3661.8,793.23,27018.33,76717.85,0,12.46,15.62,53.51
23,56427.28,1000.0,659.73,58394.25,204008.22,2,16.88,13.25,61.38
45,44125.86,1830.74,518.83,4884.35,119068.33,24,14.86,22.68,47.37
46,63363.47,2058.12,695.99,41044.05,152507.66,17,13.32,17.74,38.86
43,70604.13,2882.31,707.68,80634.61,192432.41,16,27.26,26.75,66.2
42,57185.46,2368.14,626.93,500.0,168481.16,21,17.4,21.7,57.42
29,85263.64,2760.76,800.41,96127.61,214732.06,6,21.89,19.02,54.35
22,45377.49,1955.31,617.54,19027.14,60552.46,0,18.61,20.89,54.38
51,54834.55,1755.52,632.5,21351.13,156886.04,29,13.88,14.18,42.86
65,65327.78,2368.27,746.52,2862.59,224828.93,36,22.74,17.24,56.96
54,67073.35,1768.68,720.26,50654.9,313909.25,27,21.91,13.62,58.25
32,60850.11,2614.66,639.45,69553.92,162015.24,7,15.47,5.75,39.43
61,36988.44,1478.51,611.31,39952.34,1000.0,36,18.39,19.79,67.68
53,102084.21,1843.35,771.86,86102.74,317456.12,32,26.41,19.79,50.4
32,55752.54,1768.08,611.58,1306.31,249584.44,4,19.55,16.18,48.18
60,61984.82,2627.8,627.0,64563.57,126359.61,33,12.02,9.57,60.28
65,71101.7,2768.38,744.98,77389.06,133768.37,39,16.65,9.04,54.98
40,48542.9,2164.29,610.8,37033.0,117276.69,14,17.23,22.4,57.47
23,61024.68,1233.31,639.73,71279.05,4864.25,1,17.36,27.29,61.11
63,47810.58,1183.25,634.16,51757.59,176258.64,40,11.06,3.75,59.25
67,67479.91,1984.34,818.86,67529.75,220366.1,45,15.32,17.66,33.11
61,55031.59,1114.7,687.02,21960.54,90547.94,41,17.26,11.16,40.47
60,64836.93,1662.08,732.35,74462.18,280051.38,32,8.94,15.3,63.29
62,41162.33,1252.07,581.75,22853.98,126812.62,37,14.21,22.01,37.87
38,45079.5,1000.0,655.4,32052.43,35237.04,12,17.99,21.49,38.49
40,35427.47,1000.0,606.97,9924.25,112386.03,19,14.96,10.87,54.81
60,47210.46,1000.0,610.88,61208.46,42159.41,34,10.43,8.79,40.07
33,15000.0,1000.0,536.11,500.0,16193.47,7,8.09,8.49,55.68
64,54472.2,1337.39,635.4,25399.04,93849.08,40,22.88,24.49,47.65
32,50383.68,1000.0,657.98,9380.21,32331.35,7,10.35,11.14,44.14
42,62716.4,1844.54,679.3,51263.33,206210.02,22,22.2,24.0,40.93
53,60802.94,1000.0,654.5,91580.15,199491.38,31,12.97,14.14,53.29
28,82627.44,3576.13,737.69,103003.22,52079.69,8,23.91,21.41,52.65
68,106697.58,2381.02,850.0,35984.68,66439.82,44,23.38,21.97,51.21
32,80475.7,3383.91,690.26,62195.52,71853.24,9,16.31,16.23,42.12
21,51844.06,1508.01,631.67,27127.68,185034.81,0,6.35,1.66,54.65
38,51118.97,2087.61,668.77,28652.14,145623.0,18,17.1,12.22,50.98
30,75635.93,1568.35,700.44,77573.46,211993.69,4,18.47,26.18,51.91
39,29699.8,1000.0,646.07,25208.36,85163.16,10,15.04,17.91,56.11
36,54326.35,2217.26,715.03,19921.43,106782.8,18,18.13,26.7,26.98
51,55713.25,1091.84,721.58,30378.68,83650.27,24,9.0,6.87,33.32
31,70514.37,2635.35,741.07,44638.19,101454.63,11,19.02,18.29,50.72
21,71049.59,1704.2,757.11,24783.34,210833.57,0,20.82,18.59,56.79
65,46597.91,1744.62,640.87,13129.16,70062.87,38,18.31,12.6,51.79
69,52541.29,2246.4,632.19,21524.86,78677.35,41,8.99,2.89,35.34
63,68011.88,3075.58,681.2,38866.96,143053.42,39,22.57,15.85,53.3
44,45619.43,1117.39,567.06,27184.39,140330.04,24,16.71,21.93,45.26
46,81710.13,2022.4,729.41,110597.23,116332.6,26,20.95,17.28,42.33
64,70965.15,3208.54,699.85,9005.93,75152.13,45,12.62,12.26,52.35
45,63087.17,2600.3,681.59,73006.65,83800.87,19,20.09,19.02,60.35
52,67036.93,1000.0,814.62,51388.28,93796.9,24,8.08,11.47,53.46
25,51595.97,1631.21,622.14,41999.89,118018.07,4,10.92,11.14,52.81
33,48726.75,1000.0,636.31,4776.57,63842.52,6,21.21,17.9,57.7
59,52355.0,2389.16,754.02,21798.58,175044.26,36,18.78,20.13,52.8
53,68999.4,1182.01,676.03,47771.9,18063.78,34,18.36,26.0,60.45
47,63618.27,1981.39,644.53,59567.33,210696.62,21,21.08,16.68,69.28
35,52391.14,1816.57,648.59,49193.56,217375.53,11,20.31,11.56,65.68
19,73492.47,3214.23,689.38,83816.37,100809.06,0,21.14,16.66,38.71
66,56868.96,2316.95,719.76,39915.0,104196.84,44,14.6,14.72,40.11
30,47520.41,1000.0,649.33,47083.17,103033.15,6,10.36,3.05,70.21
21,64578.15,2039.86,644.52,39544.01,141108.97,0,13.14,14.7,33.02
43,41765.47,1849.62,639.66,21475.25,99978.42,16,21.23,22.73,46.87
42,29629.97,1097.02,597.62,15699.8,1846.39,18,6.59,4.45,69.05
47,59908.12,2123.42,617.93,58156.89,46036.23,28,18.44,16.43,36.31
28,48166.55,1814.11,664.57,28150.96,193416.5,4,17.28,20.48,43.3
24,55425.22,1288.65,688.75,74561.3,181147.25,3,22.88,20.86,54.35
48,42598.81,1567.99,567.22,15003.5,41466.05,27,16.71,17.48,33.36
61,81760.78,1656.62,690.76,47825.58,158227.03,43,16.06,15.72,57.46
27,48093.13,1287.46,628.53,40589.55,19377.0,0,12.77,14.39,57.43
56,52224.01,2201.99,628.68,15732.38,48458.76,36,15.19,23.53,61.44
30,66801.9,1000.0,727.24,79259.82,1000.0,8,22.34,23.51,35.29
48,35220.94,1000.0,586.19,39806.87,68147.91,26,17.55,7.11,56.11
24,33890.1,1000.0,593.75,20358.1,23464.34,5,7.96,11.4,49.28
66,66857.15,1278.29,652.94,78833.48,180644.67,45,18.08,26.48,28.42
59,51990.94,2103.16,698.66,11077.61,77963.74,41,19.33,18.77,72.59
59,43773.09,1563.43,597.14,16257.81,154678.58,33,13.19,5.2,34.55
53,70860.72,1151.8,666.15,75584.5,67881.39,35,6.29,4.29,49.87
37,45385.41,1315.36,638.48,28453.94,93113.63,14,13.56,13.99,45.72
21,55058.78,1545.14,713.49,31533.37,54216.11,0,8.08,6.69,57.04
24,43869.65,1000.0,651.99,7448.08,68553.12,4,6.17,17.43,42.4
18,65461.87,2563.41,670.98,51511.06,232301.75,0,21.87,14.99,66.54
61,83977.37,2076.13,733.7,77620.97,71726.73,43,31.0,26.47,71.85
62,26501.28,1004.34,518.78,19940.55,65841.45,38,19.47,18.6,49.99
59,62027.84,1172.46,772.7,32184.41,222250.7,39,3.15,14.94,22.85
64,75418.59,1734.81,796.08,500.0,136094.27,37,16.68,16.23,32.43
30,52413.4,1000.0,670.22,34436.53,183158.54,1,12.29,19.29,71.93
39,39641.24,1000.0,618.38,51149.76,32244.61,10,6.61,8.36,53.73
38,67577.34,2834.16,652.06,50628.27,106689.48,15,19.08,17.75,49.59
39,78029.76,1259.17,727.53,48515.97,260366.33,10,16.88,14.95,64.03
45,76029.4,1192.98,768.19,47296.74,330685.75,22,11.78,4.54,44.34
26,66586.37,2919.54,732.58,19520.56,102040.56,0,6.38,14.5,59.41
43,61762.45,2101.78,665.01,26332.11,163803.57,22,13.13,17.79,25.97
26,43817.77,1000.0,667.49,31485.82,57500.04,0,14.42,15.01,46.86
32,75574.41,3392.58,778.79,32445.96,255557.85,4,16.97,14.54,41.88
27,74579.22,1297.93,725.29,42852.34,19336.78,4,22.77,14.79,38.04
41,39514.95,1503.34,662.73,42416.4,81222.81,13,15.64,13.23,41.79
59,66560.64,1000.0,773.95,54332.62,100206.04,32,14.93,15.28,45.14
25,71750.83,2390.6,801.44,56730.38,167283.45,4,13.09,15.74,44.37
41,75878.05,2331.24,700.62,60212.9,219653.5,16,8.73,13.45,53.25
33,58650.19,1139.78,695.9,2891.62,69052.79,7,10.41,7.73,50.41
66,44563.78,1512.41,665.34,11774.55,60577.02,45,21.25,15.52,42.52
43,50961.91,1685.23,652.03,40115.91,114239.77,19,19.42,18.23,65.24
44,41869.5,1637.59,681.57,15410.21,76409.68,18,15.63,14.24,58.67
54,59080.91,2463.43,679.76,14688.62,126144.78,28,13.44,17.79,51.63
21,55556.06,1639.1,659.79,53602.93,71860.84,0,21.76,13.22,40.78
67,98610.66,2844.24,736.68,90138.67,217263.95,45,14.81,18.25,49.85
41,76104.19,2528.17,652.26,38329.74,140159.1,23,12.61,14.13,56.41
36,77451.87,2850.76,716.6,46905.32,77966.07,13,17.28,14.0,61.62
53,68484.34,1669.13,574.92,34490.75,172205.65,28,5.93,10.76,39.12
56,53388.28,1565.42,716.17,21355.9,125077.29,38,10.14,15.06,60.34
27,55042.98,1761.57,705.12,31846.93,89834.23,8,14.32,5.51,64.91
42,56690.35,2576.35,701.11,54094.44,144247.69,24,13.36,24.1,67.73
35,63388.2,2034.15,740.24,37841.54,193966.49,13,11.4,12.76,33.58
36,67005.06,1338.28,688.62,500.0,236143.5,17,26.88,26.12,50.66
53,60012.76,1926.39,690.0,39087.14,112299.43,26,22.82,23.14,35.3
27,54769.23,2180.73,647.6,56390.16,170159.78,0,24.05,22.67,45.84
50,49305.92,2025.49,697.83,57838.44,187119.29,29,14.44,12.5,31.65
67,34932.32,1368.47,489.97,40211.71,1000.0,45,11.05,13.2,31.56
22,83100.82,3499.12,799.2,51729.36,118297.48,0,26.32,23.44,64.98
64,99699.53,2358.78,717.16,97775.11,243313.52,39,20.4,20.7,43.33
66,81588.06,2400.24,735.49,73090.62,264233.98,44,12.86,21.65,31.39
52,37336.82,1436.96,564.78,28075.34,60678.79,33,8.78,9.62,69.78
61,74166.3,1580.85,716.37,37242.74,58831.07,36,15.79,11.47,51.51
51,78427.97,1951.76,710.41,66421.04,139963.8,33,17.73,17.64,36.35
50,52738.12,2120.35,640.9,58116.39,86865.73,26,15.68,12.3,45.76
38,68800.69,2626.09,731.03,77047.35,228546.58,20,15.96,10.62,52.98
34,51786.55,2323.83,665.47,10915.88,184766.13,5,26.88,20.1,52.03
39,87520.72,3999.62,807.53,107758.04,49492.48,16,11.99,6.42,42.62
65,66576.68,1366.47,718.56,65274.35,17393.11,42,20.02,12.59,40.99
54,43491.2,1849.03,558.96,24780.52,152624.54,32,11.96,20.68,55.25
32,72056.55,1127.72,821.99,88585.61,55982.02,13,17.01,22.18,59.66
52,79058.05,2858.74,647.82,100205.03,99814.6,33,22.61,20.66,39.1
45,63566.37,1260.94,704.85,75759.37,84052.86,19,7.44,4.79,25.39
24,68629.95,1544.89,739.0,73388.38,57566.79,2,12.13,4.11,40.72
49,58744.44,2587.34,689.4,44560.35,130830.39,27,15.21,14.23,63.84
28,39582.95,1000.0,609.75,29713.74,78899.53,4,21.34,23.18,50.86
27,57268.79,2000.93,738.7,67322.58,141329.65,4,23.08,20.55,51.04
26,69414.71,1279.84,758.79,90408.53,143252.03,7,23.33,26.04,61.28
31,57695.52,1000.0,672.13,29702.93,134798.14,3,4.8,6.22,32.19
30,74413.78,1771.83,703.03,42022.14,266496.54,12,12.19,12.09,52.58
42,52940.73,1763.27,622.04,21246.32,193626.77,20,10.25,14.87,43.26
19,54121.37,1123.82,629.17,65533.32,48872.58,0,15.14,8.91,47.05
52,74960.16,1687.03,722.18,67942.81,185360.98,23,8.23,11.77,34.71
24,63993.35,2311.72,617.47,63777.49,255323.81,4,21.89,21.09,69.73
38,52589.01,1000.0,657.47,8457.76,172857.76,19,5.29,7.54,48.29
35,78608.5,2153.62,771.97,72626.03,135388.83,8,23.02,27.81,59.83
20,47602.76,2089.34,617.47,43199.02,105769.34,1,19.11,21.83,50.51
59,46914.92,1207.23,639.72,17424.98,106125.76,38,9.22,3.54,55.32
56,15000.0,1000.0,558.83,7420.99,47488.8,37,17.81,15.56,62.84
58,50028.57,1856.4,671.89,33753.71,69432.15,37,13.34,10.85,45.7
66,83556.9,3214.19,741.67,70544.92,131121.13,45,15.39,15.19,33.0
28,22698.73,1000.0,647.33,12845.93,91549.27,2,10.16,7.17,57.34
56,42865.44,1961.62,628.75,33922.59,103908.2,32,12.61,8.54,27.58
41,67903.23,1010.52,643.89,32741.46,63642.45,13,15.57,15.06,44.35
63,19592.4,1000.0,541.43,500.0,58515.88,34,10.85,13.0,47.18
36,50807.42,2244.32,710.84,63649.71,53458.36,16,10.63,8.33,48.5
21,80535.54,3294.28,796.49,45054.73,136591.19,0,14.76,10.64,79.51
43,96774.46,2674.61,712.93,31830.47,301252.78,17,16.82,8.86,55.48
55,65224.44,2708.78,682.28,37211.47,106419.22,31,24.89,24.01,57.72
59,43323.59,1000.0,606.23,2558.1,41126.18,36,11.48,11.07,49.99
49,42717.68,1661.23,663.21,52019.89,117154.62,28,11.09,9.78,46.31
56,62608.34,1169.19,636.61,51164.68,70286.21,34,23.84,25.86,56.83
62,65057.34,2581.39,765.37,62901.77,129391.09,37,14.9,2.65,47.73
63,93442.72,3082.14,714.18,95598.6,39178.73,43,14.89,18.05,38.47
53,77474.49,1221.6,726.12,80805.51,97113.78,34,12.21,20.66,65.99
57,61513.92,2604.74,630.33,31446.69,257562.32,37,9.05,1.0,42.63
54,53966.27,1714.25,691.46,64223.52,123003.72,25,18.1,7.89,30.37
50,114264.81,3927.85,750.18,71250.66,164908.31,26,12.4,6.42,22.54
53,71278.71,1564.59,706.12,29070.63,106716.59,28,23.86,15.68,45.13
20,47962.47,1993.06,635.29,57848.29,4139.98,2,14.34,20.04,56.07
26,55956.79,1716.38,627.55,37711.17,79001.34,2,13.41,13.04,55.49
25,44205.81,1173.1,687.46,17285.27,181444.11,0,13.28,24.45,25.59
50,16718.11,1000.0,626.82,17007.17,8574.84,21,13.99,12.92,64.04
23,65627.72,2358.91,678.75,86836.7,1000.0,3,14.21,13.48,55.54
58,92084.18,3284.48,782.07,77012.37,134476.55,38,18.25,24.41,49.94
56,30649.97,1000.0,564.17,23291.0,77710.47,31,18.33,5.05,58.77
21,60994.73,1545.72,626.15,54887.02,243182.01,0,17.83,18.03,62.2
30,47275.71,1476.95,591.53,46814.41,34374.45,5,8.48,13.65,61.09
66,69387.05,3005.4,659.05,46256.73,160727.37,44,13.4,19.96,36.91
19,56898.06,2125.01,726.9,20801.97,220925.19,0,6.78,14.22,57.25
22,35519.02,1000.0,625.91,33502.32,112601.72,1,16.63,17.95,65.92
61,42340.13,1004.92,584.13,29344.28,62983.45,40,17.84,23.97,49.1
44,45054.59,1349.59,596.29,23402.81,60252.59,19,9.83,18.72,44.26
49,84197.73,3494.18,707.73,53380.99,103420.39,26,29.94,29.21,56.74
38,83278.67,1065.08,665.3,53113.53,109438.21,14,30.52,21.3,64.1
25,54395.74,1968.19,686.55,58444.92,141106.66,0,15.55,16.65,63.89
55,82100.46,1832.24,740.58,67483.09,188253.7,32,14.22,19.06,23.5
25,56882.69,1106.17,747.59,78220.08,159422.63,5,17.06,15.55,52.93
67,54120.07,1000.0,568.6,24216.81,25884.71,45,11.31,16.41,47.13
20,61028.12,2586.76,721.25,41096.84,220450.85,0,20.85,19.26,54.06
61,65126.86,2794.48,737.54,80839.81,126737.53,41,17.34,14.3,49.0
20,50001.99,1000.0,698.08,23513.19,91878.21,0,16.19,17.08,51.74
39,60393.58,1805.4,692.23,18738.02,237961.08,12,24.84,15.54,47.09
23,74171.81,1304.37,764.04,80851.81,273436.33,4,14.32,16.29,47.47
19,62331.71,2355.49,700.75,41412.94,128976.13,1,13.34,10.76,42.21
40,60770.09,2107.49,648.63,32403.62,58053.52,12,20.37,22.15,46.85
61,68895.24,1543.55,688.63,59178.3,55554.86,34,14.78,9.66,67.71
19,72000.71,1180.72,696.75,65290.9,17491.74,1,25.22,32.23,65.69
55,58872.92,2367.12,728.99,48177.01,190801.28,34,20.89,14.51,46.25
34,51464.74,1799.98,711.97,73392.92,113729.57,14,13.29,18.59,44.4
52,63405.66,1000.0,726.87,2466.87,199773.76,30,7.28,9.35,46.67
51,31308.65,1046.62,596.68,27276.35,139619.8,22,5.87,11.71,37.27
40,56214.2,2221.02,576.06,72303.28,258431.95,14,13.21,17.91,67.32
47,15511.92,1000.0,583.6,500.0,65036.27,18,13.57,13.5,53.48
69,29835.75,1000.0,624.68,20717.05,107179.48,44,18.49,17.12,29.14
25,27128.65,1000.0,594.2,29302.54,26649.62,0,11.63,12.2,33.58
39,78852.33,2614.51,758.13,22415.93,103744.65,13,13.44,4.61,37.5
61,60251.67,2038.58,644.23,43017.41,182704.81,39,15.32,19.9,43.91
53,37283.12,1667.85,596.4,24187.64,104943.56,28,13.83,14.89,28.64
22,68839.19,1270.42,669.59,42821.47,30047.68,1,23.41,19.69,59.34
30,77795.78,2588.25,726.4,70922.06,153128.63,8,24.03,21.16,52.03
46,69152.74,1297.75,746.93,69285.65,241277.35,17,11.91,11.12,39.97
48,56603.22,1103.68,689.55,34292.98,209910.9,28,17.93,7.35,51.63
64,64184.76,2234.18,645.56,27437.18,171048.44,42,12.15,11.31,71.22
33,76226.94,3280.18,811.12,67062.64,208454.62,4,13.49,14.41,41.84
59,51553.57,1000.0,662.45,78606.72,70450.34,39,20.35,15.19,71.13
47,60537.6,2698.9,651.28,41597.71,129777.8,25,15.06,15.8,44.33
33,55370.53,1281.59,652.56,52929.83,166715.11,5,18.74,22.36,45.42
29,30958.51,1000.0,567.91,26537.44,38584.4,7,15.77,13.06,44.19
34,76498.23,1348.1,739.67,50812.6,131059.23,11,17.25,9.88,64.09
33,97030.89,3204.72,731.57,32936.38,283436.53,7,21.37,20.21,53.27
29,44271.7,1433.55,646.06,27606.59,133392.44,11,15.45,17.95,47.28
25,77328.24,2106.6,769.79,39915.22,169901.68,0,11.98,21.97,21.21
37,44844.11,1272.21,664.22,15788.88,214906.12,10,16.92,14.42,34.17
20,62390.18,2075.46,699.09,28802.51,140532.71,0,12.71,14.07,64.31
33,87144.22,2784.25,787.34,59855.1,147804.85,15,13.37,20.43,65.78
47,50632.1,1264.56,669.55,35109.3,163279.84,24,19.34,14.24,67.38
62,59735.64,2507.13,726.31,9053.22,189145.64,43,13.02,16.89,33.53
40,27572.95,1000.0,571.94,23489.6,16184.1,15,18.31,20.43,58.34
45,48044.32,1000.0,603.02,25263.62,176800.5,17,20.3,22.3,41.26
68,25687.1,1000.0,593.52,23825.11,35642.14,45,10.18,9.2,59.22
57,67725.21,2625.21,751.95,79984.03,146026.96,30,22.11,15.88,60.07
22,74969.48,1198.33,707.33,18842.14,219798.74,0,15.55,14.61,54.91
37,56010.57,2100.83,739.92,24703.02,262891.2,14,15.26,15.62,38.58
57,65145.97,1593.56,712.61,32613.47,182842.52,36,18.98,11.59,64.06
61,54136.85,1672.27,704.19,69919.66,87513.31,39,25.61,25.53,53.17
18,73329.82,1602.4,667.71,47451.88,62463.87,0,22.04,24.62,64.11
47,62330.31,2828.67,722.58,22017.94,124282.36,20,15.94,9.91,31.73
38,24258.06,1035.69,593.83,18619.1,1000.0,11,12.94,18.55,35.34
37,76919.65,3342.03,825.8,27976.17,108331.1,12,9.78,6.01,42.91
23,52988.23,1000.0,682.18,28852.12,160417.11,0,20.32,15.58,89.84
39,37133.17,1505.99,640.82,12741.25,138367.72,15,18.2,17.88,35.96
35,52099.19,1581.03,619.39,7070.89,173554.05,8,16.63,17.12,45.61
25,25762.75,1000.0,591.57,12401.89,76626.93,2,16.17,23.09,49.0
56,37501.99,1000.0,664.07,19666.46,42427.97,32,3.62,10.71,59.58
49,62573.09,2267.2,672.12,46381.04,85201.21,20,10.85,13.98,50.71
50,64080.81,2753.91,660.21,79735.65,221110.9,32,25.42,19.44,34.03
33,65515.9,1403.09,786.94,41887.63,239209.21,11,15.26,13.19,46.41
29,60057.78,1217.89,667.68,62960.56,263521.65,5,19.79,14.05,47.7
55,47528.43,1000.0,683.31,28412.1,141570.0,37,11.02,10.32,28.01
69,59019.74,1262.64,655.56,45629.16,227785.54,45,13.69,23.21,45.24
51,52130.27,1582.66,636.68,32514.95,140315.42,25,24.49,21.58,55.37
31,30735.93,1237.34,586.68,22829.24,53119.43,2,12.29,14.51,63.08
53,46096.53,1004.6,664.08,49123.9,32574.29,33,17.23,14.86,54.98
50,76011.74,2523.96,780.6,100949.89,248890.14,27,18.25,13.1,35.64
40,88589.29,2523.59,740.53,27001.94,275810.91,16,20.09,19.8,50.02
67,71722.95,1586.46,765.6,41510.02,242413.43,41,18.23,18.51,68.33
62,87786.56,2590.75,769.59,96231.16,152190.67,40,8.89,17.03,48.97
19,61536.99,1113.74,676.69,40075.05,216305.14,0,18.54,15.53,60.18
58,91362.77,3089.82,799.26,113325.92,303665.69,30,16.45,14.32,37.86
38,96980.79,1586.16,850.0,114850.08,65504.17,9,28.6,21.14,48.36
19,28797.55,1061.65,609.59,18130.63,17409.18,0,9.02,12.41,40.76
44,63986.88,1178.88,659.27,51505.73,185686.19,24,14.04,20.19,49.4
26,61555.74,2817.53,691.25,32915.31,94872.74,4,28.39,30.04,59.45
18,52366.13,2092.33,682.4,37389.3,65762.09,0,18.85,26.77,56.39
28,68854.48,1649.85,679.87,89329.04,120258.68,9,11.97,7.04,63.67
20,60740.25,1622.18,694.86,44230.94,43256.48,0,16.96,18.53,56.02
69,46761.92,1000.0,607.96,38107.99,169807.48,45,8.57,13.24,19.06
40,59521.11,2266.0,707.1,54880.04,5483.39,19,17.24,9.69,45.57
43,81682.7,2057.66,810.95,83904.69,191730.82,19,14.15,19.7,47.7
21,63285.69,2384.15,686.22,73789.43,140831.24,0,25.65,11.5,50.67
35,71285.19,1000.0,747.4,44015.58,244235.87,15,19.23,17.25,49.86
23,55013.04,1000.0,711.16,18048.23,169418.56,0,18.14,9.44,45.85
52,68137.15,1680.66,685.11,41306.54,15181.84,27,21.56,35.19,65.9
39,38234.14,1000.0,633.75,20643.61,160840.44,16,19.13,17.82,35.73
60,51005.03,1659.58,704.25,61753.51,145853.54,37,11.66,17.91,29.67
32,58151.97,1000.0,748.11,15590.13,1000.0,14,16.29,16.54,33.22
39,37025.95,1523.94,598.55,48788.42,67581.91,17,11.48,9.5,58.03
54,45056.1,1706.59,584.45,52208.51,135384.96,34,24.98,28.02,33.51
69,65636.01,1293.59,723.17,23268.41,186987.9,42,5.14,8.43,48.25
59,62336.97,1784.48,697.31,90108.82,278933.84,41,13.36,8.44,44.88
29,74514.58,2053.65,724.91,42743.04,166074.15,4,17.05,13.77,49.26
64,49190.8,1803.44,624.2,57572.32,180222.79,40,15.6,10.9,51.42
66,61036.84,1579.85,722.9,10237.01,64893.38,42,16.69,16.23,67.33
59,47906.39,1000.0,617.23,45907.25,213894.56,30,14.56,13.79,32.31
55,72710.31,1572.33,687.74,73072.69,181185.71,28,16.46,15.49,39.74
35,81433.43,2283.38,738.35,80462.73,190594.94,8,19.35,20.93,33.56
62,68699.85,3090.33,747.9,59719.59,210126.38,35,19.18,31.84,50.69
52,79101.5,3312.13,676.27,50280.67,176271.42,31,26.86,24.17,46.83
47,60585.0,1123.66,636.09,46749.23,212373.83,19,24.97,18.4,39.7
41,74500.69,2727.41,686.62,27874.78,158500.55,18,18.96,29.6,45.87
59,61357.52,2683.01,773.32,30260.7,105362.74,33,13.66,21.95,34.3
47,41551.29,1000.0,637.37,35797.49,39014.58,27,12.03,16.17,57.43
31,64440.98,2354.13,646.4,41529.45,175643.2,5,9.87,12.6,25.5
23,42084.66,1170.42,620.36,48291.48,112625.36,2,18.97,20.26,71.26
20,102104.32,3591.47,841.11,109038.43,294664.58,0,19.99,7.28,71.38
33,53986.41,1764.62,751.96,46834.18,154827.33,9,17.58,9.32,41.8
24,71610.68,3245.55,645.61,45183.26,83376.76,1,18.83,22.55,57.46
69,59776.56,1322.69,630.97,58285.87,52703.9,42,12.49,20.96,73.59
31,37794.96,1462.85,598.16,4261.05,150672.74,6,9.67,2.74,52.02
26,25826.59,1000.0,563.84,8605.54,96854.86,1,10.32,7.84,38.07
32,73482.25,1985.51,706.09,17591.34,85139.93,7,19.78,15.52,64.39
38,87888.14,3956.08,758.61,109698.72,159856.33,18,18.39,13.18,58.56
52,46773.53,1779.17,731.61,37374.01,72318.61,25,5.85,10.62,31.88
19,30179.53,1000.0,533.58,13119.42,56684.73,0,7.9,14.25,39.54
44,54147.07,1794.74,669.63,25796.24,64574.57,20,14.08,9.76,46.45
19,43131.89,1000.0,654.64,22127.6,64584.94,0,14.16,7.81,72.58
52,48294.32,1032.52,579.56,29630.53,60723.12,25,17.41,11.31,35.47
35,70986.73,2587.21,777.5,70361.53,154666.98,8,17.29,14.84,47.87
31,59091.67,1861.57,670.22,42278.41,129843.3,2,14.1,22.81,70.98
37,45068.86,1268.95,586.44,47867.79,147506.6,16,12.52,14.1,43.64
35,70593.01,2508.11,781.38,37368.17,207383.22,13,18.07,27.29,64.68
27,72003.7,1856.4,746.67,46781.15,124531.69,2,19.29,22.47,51.98
42,53932.97,1000.0,637.38,33135.67,117538.83,24,13.74,11.49,67.97
19,62482.5,1699.58,720.07,84919.27,173891.76,0,10.86,13.28,64.0
42,69369.03,2953.11,725.55,85675.54,193318.03,19,16.44,13.89,52.3
50,67669.86,2778.11,633.87,500.0,287859.44,29,13.52,8.99,46.88
53,60731.05,1587.1,617.45,15838.54,218300.03,31,17.51,15.72,38.13
48,85786.55,1135.88,772.51,81243.77,249752.29,20,25.98,27.14,32.36
31,70488.25,2376.18,631.75,27387.79,278590.1,9,10.29,9.32,49.24
18,51887.78,1930.56,700.91,49358.32,32360.48,0,20.94,18.47,60.9
63,51995.96,1159.93,593.85,26697.92,155312.35,38,17.54,14.33,57.19
33,49954.45,1418.15,691.29,28808.22,80996.17,14,20.51,26.11,80.28
63,71378.18,3252.12,778.19,56220.69,100511.85,42,14.96,14.57,30.14
69,48790.54,1547.22,668.41,31663.79,1000.0,40,7.65,8.75,41.02
20,52351.82,1267.04,491.07,42413.71,74221.08,0,16.13,14.81,59.09
52,79044.4,2641.37,787.55,42788.74,75620.96,34,24.9,24.07,40.1
58,63449.38,1173.86,670.7,77216.45,46657.44,35,11.04,13.17,52.53
23,81573.59,1561.46,742.13,19258.96,124085.39,4,13.61,19.34,55.6
42,74365.08,3222.3,689.65,60825.15,213681.78,20,20.37,17.34,47.25
30,38819.91,1000.0,692.16,17638.18,62427.73,7,11.32,21.79,31.87
51,58161.6,1329.55,682.47,37205.02,127409.9,23,24.15,18.28,51.22
25,77819.08,2383.28,715.18,25048.73,238691.25,0,21.04,20.34,59.85
38,38000.83,1614.65,674.28,35702.52,104584.97,12,10.2,14.49,26.74
51,67554.79,2604.12,742.24,58517.61,69023.48,22,13.93,14.66,43.79
21,59293.74,1000.0,626.92,62741.69,1000.0,0,13.3,14.38,48.19
42,28413.8,1011.56,600.27,15582.67,72424.0,20,12.63,9.44,59.73
32,62153.87,1821.24,696.37,64827.86,229662.45,3,17.74,20.78,38.86
21,44925.58,1273.72,568.53,59017.75,1000.0,0,15.65,16.75,58.85
62,38982.27,1385.9,654.17,17651.8,110390.03,43,8.27,10.93,51.61
29,60164.53,1145.6,679.19,54421.42,113254.68,10,20.53,9.86,55.89
49,25244.65,1141.47,672.54,9485.29,137443.85,25,11.07,15.58,57.76
49,47862.77,1627.82,707.03,31748.68,36371.9,27,10.15,15.24,71.08
45,105921.14,2615.04,827.76,79895.99,302978.66,21,18.28,4.0,62.0
30,71704.0,2330.86,711.18,67982.38,240596.41,2,22.24,23.77,49.01
48,44134.35,1000.0,540.39,52967.9,49775.33,30,15.37,14.6,56.04
31,85274.99,2867.63,793.73,69715.04,116602.0,13,19.92,10.64,67.23
37,42143.22,1000.0,623.35,41006.57,1000.0,15,8.36,6.02,38.54
35,50033.49,1194.44,629.07,13490.91,115658.96,16,15.66,9.78,58.38
46,39320.67,1471.27,618.93,12491.4,87222.12,21,18.92,14.0,53.48
23,64609.44,2547.72,763.71,40649.81,64130.52,3,7.45,12.9,56.55
49,84635.33,1771.47,815.32,101022.11,133754.84,31,16.52,19.5,32.68
46,42017.89,1280.72,687.34,15795.17,57236.89,27,17.32,20.01,48.29
60,22912.03,1000.0,522.02,40073.56,10467.98,33,13.08,12.87,38.61
19,79637.4,2114.26,810.0,26479.46,90356.4,0,12.87,27.15,55.75
40,87968.41,1769.43,741.85,35815.41,87439.89,16,20.79,7.27,61.14
36,24088.55,1000.0,605.85,20038.63,1000.0,13,6.57,4.56,25.66
48,68280.98,1427.9,733.08,47572.85,142016.64,19,12.49,15.01,52.28
68,64077.1,2746.83,685.89,31613.48,123620.98,43,12.59,10.47,62.75
22,45825.44,1380.11,647.12,17743.53,54426.18,0,22.3,19.23,73.81
36,34901.6,1448.97,530.76,500.0,38776.02,9,5.14,8.82,65.72
51,77851.51,1727.64,736.21,55248.9,243437.92,26,9.81,10.39,56.41
27,63223.27,2491.16,679.08,9971.64,48709.42,7,17.74,10.52,68.89
42,64579.68,1051.92,792.58,64156.55,33827.36,19,16.98,21.03,46.02
19,48808.15,1857.69,647.73,7059.9,82069.77,0,12.53,17.94,51.65
28,45565.63,1157.28,604.54,58116.0,115414.08,1,14.63,23.13,33.51
67,15810.48,1000.0,552.61,3685.63,15431.04,39,6.26,1.0,36.47
48,55895.5,1009.49,637.45,34892.22,231464.41,30,16.05,20.08,59.97
32,85898.87,1127.07,693.85,50911.97,111678.65,14,19.64,14.43,59.59
26,43975.42,1526.24,650.47,41329.52,63968.48,2,20.47,18.72,23.53
40,32596.54,1046.04,598.14,39215.91,97003.81,12,22.8,17.7,54.33
36,67841.96,2255.58,748.22,78598.12,129691.58,16,15.45,11.02,45.24
26,71161.44,1494.39,779.0,74622.64,147472.92,6,10.75,15.63,47.32
52,49453.69,1012.61,733.38,32094.33,164726.55,30,16.87,25.21,66.62
38,53722.24,2158.37,671.5,56055.22,62677.46,10,14.7,25.16,37.45
26,64750.26,2452.42,725.37,62557.21,217161.91,3,15.58,21.09,41.28
45,57200.11,1357.15,684.27,38329.57,126193.86,26,7.66,4.79,67.35
63,78002.33,2633.37,629.65,59933.94,82986.29,43,18.29,17.16,45.76
68,103870.37,4165.72,850.0,62814.04,169529.0,45,22.5,20.48,61.13
24,29235.06,1231.6,612.27,7585.91,45574.62,4,17.89,20.19,55.69
33,82135.59,1042.59,771.57,55028.64,271501.47,11,15.69,19.65,52.55
33,61894.67,2451.98,662.62,55438.25,97309.62,7,12.06,11.12,39.39
50,84987.62,2054.98,726.03,64665.88,347249.51,21,15.93,22.41,62.4
21,73038.38,2661.95,716.06,34213.77,184793.92,1,21.97,32.15,65.23
21,61100.82,1520.19,708.41,53451.64,235653.72,0,23.04,22.92,51.21
56,73680.41,2409.96,633.19,75767.79,98213.56,28,22.97,18.25,50.9
57,52905.2,1801.92,667.81,15311.74,49615.27,34,18.53,23.34,56.36
34,46062.57,1197.62,714.17,37326.12,171307.49,6,14.45,20.68,40.74
54,74595.54,2207.49,717.88,85147.29,88561.09,32,18.08,21.13,29.13
56,44802.09,1644.7,545.33,18048.71,181502.19,34,15.83,16.06,49.34
69,71562.71,2030.72,706.2,82660.13,93683.34,41,15.9,23.15,36.88
46,60553.46,1000.0,694.93,48131.29,1000.0,23,20.5,14.54,61.92
69,18070.05,1000.0,571.13,11236.64,70875.13,45,3.54,7.16,37.72
53,49661.12,1715.48,655.95,31443.34,133787.67,35,7.63,19.86,29.35
55,66027.09,2690.03,785.21,25778.85,231767.56,27,8.33,10.72,47.35
56,52691.99,2037.9,664.42,21488.28,227336.94,30,11.26,13.02,31.13
67,15000.0,1000.0,553.64,4582.74,85421.35,45,18.23,18.86,52.72
54,83773.5,2362.77,725.71,43354.43,176574.53,36,12.43,9.15,21.6
69,63048.75,1280.23,731.64,88411.19,230129.42,44,10.54,6.66,44.16
52,67987.31,3091.5,780.33,28062.31,188105.09,28,12.67,11.19,52.1
24,51481.03,1090.55,626.18,56871.13,219783.65,0,20.69,18.56,40.27
44,69566.81,1834.85,703.81,26708.6,149277.08,22,24.13,27.77,68.29
45,93026.76,3274.94,674.46,62726.23,33773.34,27,24.38,23.38,34.45
39,46768.69,1950.28,602.66,15338.0,87837.08,13,20.06,26.63,55.85
31,90006.23,1279.52,850.0,28957.81,181689.78,3,27.26,26.77,37.22
24,67174.15,1513.7,688.15,36740.82,121810.65,0,7.73,14.74,36.57
54,44350.21,1395.53,643.26,15292.45,113782.22,29,8.31,13.98,49.16
39,99823.03,3305.18,766.68,33453.36,360100.46,17,16.48,24.48,56.51
22,67049.52,1000.0,721.3,59655.17,87220.06,2,17.22,17.35,55.39
19,72176.62,2499.91,708.68,44305.56,163397.99,0,17.72,17.87,63.12
44,55151.66,1660.18,683.95,57269.91,178393.42,26,16.1,10.96,34.69
38,45666.12,1830.64,641.71,48725.05,166251.71,18,18.74,22.58,33.49
55,63020.64,1254.51,754.01,60426.14,63548.71,26,6.71,7.25,52.12
32,88466.35,1680.94,772.98,81432.26,224097.58,4,18.14,21.34,31.49
38,54426.12,2119.6,625.73,78085.21,109049.53,14,16.77,17.7,36.44
27,59518.48,2140.42,649.93,36438.88,243265.85,6,14.32,9.28,50.21
40,86213.91,3352.78,674.56,39579.43,237499.2,16,19.57,19.18,55.4
56,54594.12,2105.39,669.43,42781.45,103999.3,27,20.57,17.26,53.25
22,69184.97,1104.65,704.69,48926.98,202929.68,0,17.23,9.92,37.57
18,75792.31,1651.22,795.48,26314.82,305934.65,0,28.27,26.47,58.88
30,56457.94,1195.19,616.6,29860.88,104413.62,7,20.4,27.85,40.81
38,65577.08,2862.63,665.34,11148.63,65461.66,14,17.89,12.65,55.8
43,71899.85,2067.04,684.78,34565.26,179861.58,16,19.71,5.41,53.27
67,52783.53,1000.0,646.94,42981.0,178597.33,38,18.99,28.49,58.0
62,74683.77,1654.44,667.31,37946.49,250456.05,38,25.9,15.08,48.24
38,50154.25,2084.58,637.93,15454.44,138437.16,14,20.89,28.45,47.06
35,47848.42,1949.13,644.39,22531.88,54732.04,11,17.36,23.75,72.43
54,32513.26,1382.18,599.73,19166.46,80137.38,26,9.61,12.14,23.59
62,50937.68,1296.41,710.11,16529.02,180119.47,38,17.17,13.81,69.79
49,45320.95,1535.38,634.63,38793.81,184030.15,29,17.43,22.91,46.98
53,52784.27,1149.24,655.94,21044.56,175901.42,24,19.17,19.23,33.17
34,71015.87,1315.75,764.58,24217.92,125097.41,14,13.43,23.62,42.89
52,28937.86,1000.0,586.71,7320.23,105471.2,28,16.58,19.31,58.56
66,24455.92,1000.0,518.66,9237.04,36061.29,45,16.45,25.38,56.02
28,46516.57,1518.57,591.06,13355.8,98129.46,9,8.6,15.05,73.85
38,68302.15,2912.43,656.85,54394.14,212281.02,18,10.82,19.2,50.6
69,65199.57,1104.96,640.76,33989.74,58181.42,45,22.11,22.3,51.87
43,46228.88,1992.48,728.61,46489.39,101164.2,20,10.35,11.96,58.35
21,81049.35,1946.23,694.9,53980.08,46075.22,0,25.79,20.97,33.23
51,48148.62,1286.9,642.57,18067.25,140309.71,24,13.42,9.84,46.24
69,68324.17,1685.28,707.45,93535.05,99505.31,42,18.76,17.57,49.37
65,53469.85,1396.65,652.45,13296.9,173052.29,41,17.03,11.91,28.83
35,44362.03,1000.0,598.0,6709.69,69381.15,14,10.86,10.56,47.42
57,49108.8,1757.45,667.81,29508.27,166700.3,38,21.86,21.47,42.47
52,73212.01,2765.42,651.06,93695.82,228738.69,33,15.93,18.8,47.15
58,66498.45,2655.76,651.53,81183.2,103590.56,37,16.94,23.71,67.88
46,77425.85,1848.64,782.76,82377.38,192467.67,23,7.83,11.75,71.07
69,66497.75,2526.09,650.11,45704.73,158645.33,45,9.97,14.4,42.23
46,30998.95,1046.4,651.39,46500.32,142167.41,23,18.74,17.06,56.59
55,98059.47,4356.83,850.0,46551.36,92495.98,33,19.78,18.88,62.7
59,66753.04,1779.6,763.38,47392.17,171412.42,37,13.75,15.01,51.33
38,69264.09,3156.85,745.77,78992.52,146205.78,19,14.08,25.37,31.58
59,53216.92,1978.59,597.58,56862.61,159991.26,34,18.06,19.76,48.75
30,80037.21,3071.5,670.89,39967.0,29511.87,8,24.31,16.06,48.07
66,40324.06,1000.0,570.59,42294.53,66235.97,38,11.22,14.02,54.37
58,70976.92,2064.01,670.07,57202.95,46432.82,39,22.58,16.57,42.83
34,22566.6,1000.0,509.2,4413.13,61519.35,10,11.46,9.77,50.25
26,72189.75,1000.07,685.79,52086.51,247683.43,0,19.72,19.06,57.54
58,40568.09,1000.0,656.33,33885.11,163057.73,32,5.18,10.85,32.87
18,64985.9,2882.44,724.25,37892.77,187736.74,0,8.48,12.85,37.18
19,84432.13,2254.65,766.6,68905.31,315970.87,0,22.54,17.42,41.49
65,74808.91,1400.68,714.76,56438.56,189878.27,39,18.86,10.52,67.76
46,82038.87,2429.28,743.04,29171.59,164645.61,23,20.22,18.51,58.76
50,80175.27,1092.43,754.07,16719.83,242633.81,32,12.62,13.51,47.41
27,50562.91,1501.7,630.39,51618.77,173695.15,8,12.95,13.62,62.28
67,70769.94,2286.5,756.29,15546.38,253475.51,45,8.72,12.17,58.31
57,28951.5,1000.0,527.69,22532.43,95283.29,36,8.66,8.93,44.56
38,47635.14,1806.29,607.95,60418.33,164586.18,19,14.65,19.82,54.89
45,85067.79,1448.18,713.55,62202.39,196740.51,20,20.15,22.46,43.1
28,53069.34,2216.85,679.8,26876.01,52477.7,9,11.74,17.33,70.95
51,26375.97,1169.73,525.12,13461.37,100937.62,31,15.4,23.11,49.04
25,96246.58,1207.04,747.47,75125.23,77584.71,4,19.43,20.98,67.83
39,70120.51,2846.24,729.46,71389.2,274697.62,13,15.88,16.39,65.37
25,73760.61,2166.36,682.18,60383.25,291817.08,0,17.79,16.96,55.31
66,42351.55,1180.77,664.77,24764.14,55300.18,45,24.73,25.83,63.63
32,65113.02,1331.95,732.0,18874.67,200950.74,7,15.71,16.38,35.9
34,64636.35,1771.74,669.71,31936.31,95986.49,5,21.22,10.7,48.63
40,45213.27,1997.56,641.38,39262.24,169431.92,18,17.25,14.1,61.26
41,56943.25,1111.89,763.5,40530.53,236472.57,17,14.45,22.5,45.26
62,32991.58,1000.0,638.22,1770.8,37701.63,37,5.55,1.0,57.39
36,53759.23,1105.46,683.51,37270.34,34962.07,14,12.24,15.29,54.46
22,77529.23,2395.22,802.42,50884.82,150724.32,0,18.13,20.43,79.92
49,46556.73,2025.68,596.31,49412.03,139069.8,22,14.13,14.46,47.17
61,94331.36,2983.64,839.51,45188.36,139722.73,33,25.92,19.77,51.22
18,34150.35,1000.0,618.45,29217.21,65431.68,0,9.75,6.52,54.69
40,55316.84,1503.61,731.52,37196.97,76680.17,14,14.8,16.31,59.69
54,48184.26,1229.34,621.06,37748.95,153751.02,35,17.5,15.7,33.47
25,56756.75,1000.0,732.93,53511.32,244014.02,5,14.28,22.71,52.19
30,84686.55,2500.06,675.66,76269.93,276627.46,12,23.34,23.73,57.33
25,42279.8,1000.0,609.92,2736.57,92590.38,4,8.79,9.18,46.49
40,51877.13,2104.9,667.9,47820.34,55273.5,18,7.59,11.8,49.6
60,71781.1,2210.77,744.9,32681.17,190572.67,32,15.75,12.64,39.2
18,61676.86,2507.38,590.83,54038.7,64656.85,0,15.81,15.15,34.06
62,63153.15,2801.99,633.4,22893.49,113050.83,37,17.41,8.28,44.58
68,42625.03,1872.93,579.11,12564.9,50322.83,45,14.95,13.68,24.35
41,58711.5,1000.0,634.03,26826.22,87022.9,23,13.83,17.41,49.77
52,80368.41,3535.72,707.33,31158.42,68509.64,33,10.5,11.51,31.56
41,31028.62,1210.89,600.5,9526.5,97885.98,19,12.51,18.22,59.74
34,47448.44,1823.06,708.78,20879.35,44289.65,8,9.55,18.01,41.75
22,27320.25,1000.0,565.07,30588.96,73387.61,0,13.08,17.75,67.32
37,69665.56,1287.69,778.56,17770.34,184354.56,18,11.43,22.95,43.23
38,82058.47,3693.08,749.99,84709.59,172887.15,19,20.1,24.25,60.56
57,56698.62,1111.99,660.46,20129.61,192702.23,37,24.01,21.98,53.86
48,41900.64,1000.0,672.74,52078.84,216673.63,24,10.56,11.38,57.41
63,42427.56,1042.8,620.26,40301.42,47397.97,35,7.92,8.5,44.36
53,54652.97,2347.08,628.77,21199.15,142826.56,33,21.19,16.29,66.11
28,54584.3,1548.73,723.43,20458.77,85100.37,10,24.29,23.66,56.76
69,76412.97,3299.98,727.52,25107.15,100770.16,45,11.41,11.16,51.24
32,47960.23,1134.0,724.48,55552.43,12722.03,12,14.34,8.33,40.34
36,67831.41,1360.08,687.52,51232.17,21720.29,18,19.22,22.44,62.48
24,54501.54,1580.91,603.59,20102.75,169324.93,3,14.15,12.0,74.24
68,46594.37,1538.36,605.16,27994.74,83699.22,45,5.9,1.59,43.0
45,54053.23,1381.06,631.98,30156.23,175689.47,27,8.54,16.56,37.35
68,66057.69,1587.65,693.87,28816.1,201262.72,39,10.27,17.95,31.3
60,76468.8,1511.68,693.66,87546.9,353610.03,41,12.45,8.0,29.39
22,55464.48,1201.74,610.01,31985.75,198008.74,0,15.98,13.51,37.82
22,38329.11,1339.11,600.45,15487.0,16358.99,0,19.32,14.5,45.54
47,77994.87,1936.54,738.1,21348.61,164356.59,28,11.01,9.5,28.81
49,43832.95,1000.0,650.03,40153.66,44284.29,21,10.45,1.93,50.88
25,64694.82,1106.62,693.33,55798.17,218079.82,6,10.92,10.55,41.44
27,59553.01,1483.62,740.14,31448.33,159442.38,0,17.4,15.29,61.78
55,57145.74,2475.37,674.2,8753.42,170955.13,27,11.6,21.02,59.78
64,51234.43,1287.74,555.44,21947.9,167603.96,37,10.07,12.75,49.02
49,71162.68,1033.38,724.76,64088.3,169017.04,22,9.13,8.69,56.36
65,15000.0,1000.0,545.33,500.0,21607.74,40,18.3,18.92,39.99
45,80456.47,2799.4,774.46,50834.5,238921.98,16,28.99,18.55,36.14
34,43574.86,1406.88,580.35,14751.82,23538.7,11,14.78,15.73,30.83
48,67343.22,1467.64,749.79,38266.22,233822.56,19,24.16,18.6,47.21
25,66390.46,2352.63,711.18,73153.95,38035.09,0,13.8,15.3,51.95
57,82949.59,2780.54,754.95,65237.78,269882.4,36,18.29,20.11,47.56
42,63559.48,1159.27,732.91,53357.03,255561.55,22,19.61,15.97,54.48
26,45076.03,1000.0,687.41,20397.26,121557.07,8,10.75,13.88,61.35
19,31114.41,1000.0,641.14,40706.64,107696.6,0,12.31,10.16,71.07
32,53721.54,1852.39,555.62,37382.52,211540.67,12,13.96,9.49,57.92
67,24752.84,1103.08,510.25,17407.07,12773.54,38,14.66,19.84,50.01
20,48687.26,1293.35,626.27,27399.69,54735.93,0,15.18,20.77,48.13
66,54732.65,2079.73,610.7,23674.88,98371.26,44,11.84,14.32,27.06
53,47581.51,1000.0,611.46,42428.57,50384.37,30,13.25,18.18,40.25
21,60751.93,2560.91,679.95,35885.56,231891.82,0,21.65,12.42,52.59
31,55750.13,1873.4,646.1,68178.89,28818.59,13,18.32,21.93,30.26
58,54101.64,1810.66,661.22,24230.31,160164.25,31,17.72,24.54,40.62
58,16365.29,1000.0,610.28,7941.98,45337.87,40,22.92,24.06,64.85
42,36695.31,1000.0,690.22,33672.49,37426.72,21,8.01,9.97,46.17
67,71567.82,2567.97,731.5,76106.5,68052.41,45,20.71,12.82,52.47
27,74476.61,1221.56,783.5,37335.52,101753.13,0,17.72,20.12,69.06
38,26902.02,1000.0,562.76,34246.1,1184.66,13,14.41,17.87,51.29
53,45335.07,1000.0,607.89,41137.48,175576.43,24,15.44,21.27,48.94
29,79295.38,1249.55,734.51,76742.17,106685.71,0,14.42,13.48,57.31
44,47075.3,1569.79,627.17,38176.3,74957.85,20,9.53,8.82,80.68
57,57993.17,1540.69,704.38,55608.32,178633.85,29,15.8,12.26,47.89
19,85952.5,1836.79,758.51,73270.38,207348.48,0,14.68,10.65,51.6
30,53491.61,1454.52,728.39,49724.43,154327.22,5,13.5,16.91,57.64
49,50915.05,2069.09,658.13,49637.3,168965.42,22,19.08,18.18,58.44
48,57173.34,2481.47,639.7,29940.36,219279.18,24,9.58,14.05,44.94
33,93361.39,2684.07,758.8,77824.82,301309.98,6,18.38,18.63,52.92
49,68031.63,2135.63,677.36,62758.35,113442.91,30,22.08,18.38,49.96
49,60343.47,1271.64,713.93,7195.33,142441.4,28,13.5,10.08,57.16
51,50561.52,1497.63,646.95,40912.03,143199.77,23,22.4,27.3,28.14
28,69698.7,2609.33,714.42,22931.94,156689.52,5,9.22,12.58,65.69
27,71874.6,2077.5,734.45,33962.95,108157.66,7,26.28,29.32,58.3
32,40682.79,1000.0,646.31,19279.68,16785.12,12,14.16,17.28,24.7
34,72359.31,2308.34,764.68,47087.63,249100.69,11,10.59,10.59,22.35
57,57279.26,2523.45,686.96,58137.29,87379.82,39,19.89,16.86,48.42
35,60446.38,2544.76,638.17,34128.64,9474.04,17,18.2,13.73,28.25
26,44082.8,1681.38,610.36,42882.14,121263.34,4,21.32,26.28,72.29
42,52800.32,1146.14,636.47,15083.71,127792.58,24,7.6,17.33,73.35
57,41457.44,1000.0,591.62,62307.23,142543.27,30,8.67,9.53,28.29
31,40592.07,1642.0,668.48,45538.32,94504.01,6,17.91,20.85,40.62
42,66787.62,1238.5,693.68,30524.87,222181.51,23,29.43,23.84,48.86
67,53607.9,1752.28,668.86,21764.29,58768.43,44,18.24,10.34,47.49
39,36606.52,1000.0,624.86,13477.8,95333.6,12,17.31,14.27,53.86
69,99186.95,2787.11,806.97,52644.27,53419.46,42,16.11,19.92,34.23
47,39756.21,1099.32,633.22,18425.73,137766.07,25,13.07,19.21,64.3
37,79657.85,3385.33,847.33,92505.2,338445.46,10,14.87,15.39,58.87
38,33423.65,1000.0,630.71,29080.4,34522.84,9,15.85,12.68,65.05
61,68217.04,2632.95,663.22,37738.44,184924.42,32,21.47,14.39,49.44
49,55489.91,2238.12,680.71,69003.1,187125.42,28,16.48,14.95,66.34
68,48676.98,2138.34,650.79,500.0,144064.59,45,18.84,16.97,46.01
63,63541.36,1752.89,628.12,27792.7,60612.74,43,16.21,15.1,30.32
66,61120.68,1782.82,576.07,37187.69,22953.36,37,22.74,15.05,62.72
38,45375.63,2021.17,642.5,2702.39,47690.09,17,10.23,13.94,35.29
52,44560.7,1237.97,621.08,9696.92,64477.63,33,21.54,20.57,46.06
49,31669.54,1000.0,543.31,10475.42,90637.55,20,9.59,10.31,36.21
47,65500.16,1544.18,672.16,63839.35,143932.1,28,16.63,16.66,66.3
56,37431.51,1000.0,600.62,31422.74,69749.3,37,7.77,13.1,39.06
66,60071.55,1618.04,653.98,41885.6,82044.06,38,18.54,20.74,51.08
29,70664.6,2426.37,724.22,38055.0,74198.1,11,17.72,23.71,65.83
58,63744.99,2262.83,699.13,37752.19,203443.78,31,20.07,25.42,41.5
64,46983.64,1000.0,676.89,23795.94,111918.77,45,6.03,11.8,47.68
35,76358.62,2993.39,781.15,69504.01,76002.02,12,18.31,17.01,48.17
38,52656.51,1522.5,686.96,28688.46,195271.52,18,17.28,13.87,53.8
30,35985.11,1074.45,577.27,10352.62,10974.79,3,8.66,15.35,49.11
38,54892.9,2445.92,672.25,20849.74,147428.53,16,18.15,11.79,63.54
25,70562.35,1551.1,639.46,74472.31,61286.88,7,5.57,9.33,47.08
63,47860.54,1813.36,622.21,20626.83,131313.39,38,14.15,10.23,46.04
57,75807.28,2400.0,613.12,77459.67,287755.44,36,24.64,27.13,73.32
63,46134.13,1654.37,622.53,15133.37,175864.39,37,13.93,18.8,29.52
24,48584.16,1283.95,621.66,53242.07,66243.28,3,11.26,13.03,59.19
40,41170.58,1000.0,654.61,26392.25,160632.07,21,13.79,29.15,71.87
61,72306.77,2220.12,673.4,75241.78,94124.64,41,17.73,13.7,46.55
49,59041.63,1475.93,684.82,47608.64,203834.86,27,20.39,21.51,34.98
28,42364.28,1000.0,610.06,1776.79,142918.41,0,14.89,18.19,44.4
39,52868.21,2139.82,639.48,42903.6,101647.43,12,19.1,19.56,48.61
39,15000.0,1000.0,510.4,500.0,70484.27,16,11.96,11.98,66.92
60,74003.5,3015.19,735.52,82446.78,182620.27,36,13.65,15.12,27.87
42,56926.56,1611.08,663.53,66263.57,95756.76,21,8.68,19.98,52.26
39,16687.71,1000.0,506.98,19811.57,32096.42,15,13.53,14.7,31.98
45,33779.73,1542.92,607.27,8006.9,113744.97,18,1.02,8.98,37.39
46,52411.31,2317.46,671.02,52072.3,186879.42,26,6.42,1.46,59.82
30,36344.93,1000.0,677.78,49787.73,35692.28,6,6.64,8.93,55.4
35,74280.29,3079.3,696.69,68311.71,118700.16,14,21.0,31.13,57.84
19,67534.31,1723.03,685.16,37083.03,87080.48,0,9.3,9.0,62.96
46,66471.65,1000.0,641.31,50972.18,72218.86,20,19.0,15.52,50.66
38,15000.0,1000.0,524.86,30434.73,1000.0,14,6.34,18.13,48.74
32,50541.75,2277.84,603.91,42031.79,116385.74,7,14.32,11.98,49.56
69,47442.9,2133.85,692.01,9289.79,24316.88,44,14.43,11.47,50.77
44,42827.02,1000.0,651.62,500.0,12404.85,25,13.48,17.95,53.59
67,52526.84,2006.94,609.13,61364.93,150385.34,41,12.02,25.31,64.16
48,39727.71,1559.75,575.21,11999.74,1000.0,25,6.14,13.9,26.82
32,63873.97,1583.53,666.77,38059.7,223194.45,4,16.52,16.92,50.26
68,73797.92,2542.57,779.82,81084.72,55124.41,45,20.17,25.84,45.41
40,72246.91,2078.69,689.28,73086.2,142627.72,18,20.62,18.48,68.09
41,57517.6,1155.9,664.67,81100.09,156303.7,14,16.16,13.81,39.53
61,95986.31,3635.53,850.0,17858.19,92158.92,39,20.89,27.12,45.52
30,80519.55,1711.72,760.25,75438.25,320136.73,6,14.2,21.57,51.58
39,58171.95,1387.3,609.36,2277.72,145115.39,13,18.06,15.85,56.97
60,51319.1,1000.0,571.56,10311.65,102986.68,36,17.2,22.24,45.78
54,84084.49,3067.04,756.49,11386.65,320027.26,28,16.92,23.36,42.07
50,78136.45,2171.47,837.97,85000.69,220284.53,29,18.05,16.88,41.69
20,34612.31,1000.0,664.85,43274.65,73834.38,0,13.33,15.15,39.2
36,79544.78,2597.3,755.59,35358.37,142985.54,9,20.24,13.24,41.79
40,57221.28,1015.23,706.99,7803.42,156064.88,19,8.0,10.54,42.82
46,44503.59,1888.66,672.23,44351.35,139072.92,23,6.63,6.7,36.9
47,24374.29,1000.0,499.52,9307.96,62737.34,22,4.88,7.39,68.59
56,55159.51,1363.41,674.82,19041.32,102821.04,30,13.29,7.73,52.25
61,59779.9,1000.0,738.44,45113.12,168647.22,43,18.25,24.34,35.83
64,88571.9,1603.02,850.0,56393.07,264916.47,45,7.63,15.76,48.67
42,77230.21,3334.7,754.45,71438.82,213209.01,17,18.19,24.29,32.22
54,49508.04,1372.39,587.38,30015.72,138907.42,26,20.92,19.84,65.43
64,67008.16,2450.68,726.73,22075.4,279329.54,40,18.07,16.09,41.99
25,74872.49,1136.85,749.58,63853.5,139589.93,0,7.39,11.7,62.39
59,61547.23,2089.46,723.75,46229.25,1000.0,31,18.76,19.99,49.44
33,49431.23,2136.28,666.58,27393.23,198080.21,13,16.15,23.78,54.79
25,50420.9,1134.41,734.97,46506.55,58651.13,0,13.33,15.25,53.05
18,66938.52,2128.96,709.37,52109.78,102324.93,0,17.6,17.9,20.85
61,67433.65,2956.33,704.97,62615.78,206854.25,39,9.76,15.83,51.13
22,54726.82,1996.29,652.38,46673.02,194465.67,2,15.73,6.71,41.52
20,15000.0,1000.0,549.38,1734.12,56547.58,0,13.89,22.18,52.77
18,36770.59,1000.0,622.89,58574.5,37611.03,0,10.21,15.94,58.01
21,71154.4,1092.87,718.97,48864.25,237058.18,3,14.76,17.65,69.72
57,21644.92,1000.0,600.15,14668.18,99037.38,29,9.33,14.72,58.31
52,81315.26,2701.46,650.69,500.0,243900.66,31,15.76,20.7,35.76
49,78650.83,3490.48,729.83,77311.53,157478.04,26,13.71,27.87,31.98
59,60739.73,1000.0,705.51,15211.08,86870.92,40,12.22,11.78,47.74
51,70762.76,1882.5,724.97,62337.0,57972.29,27,19.66,24.55,56.99
60,69517.94,1110.81,651.23,36841.22,216846.73,35,8.24,12.97,52.87
42,57896.28,1400.1,697.55,25605.18,185548.68,24,16.7,12.9,61.06
27,35270.0,1000.0,608.03,10936.55,93578.37,6,16.1,22.08,46.16
38,77410.91,1816.04,766.63,41335.43,195269.61,10,10.98,14.58,50.22
63,85330.14,3396.88,781.93,35166.86,329631.59,42,18.15,19.71,33.0
56,38245.37,1000.0,629.34,5728.35,140950.82,34,9.24,12.78,60.83
44,34597.41,1000.0,603.95,36061.4,106229.9,15,19.14,20.84,65.17
44,57537.66,2486.75,685.49,22183.87,224852.46,15,14.73,19.75,48.05
19,48727.96,2231.38,659.15,35877.82,177888.54,0,22.24,18.6,47.16
58,62609.09,1305.69,747.56,52833.34,75704.45,32,22.87,20.87,37.38
65,81743.89,3571.03,850.0,88503.83,281067.22,41,19.71,24.29,50.99
30,19577.93,1000.0,510.4,12529.53,26628.86,11,22.67,16.22,41.76
26,88462.9,2325.18,646.11,14745.48,194597.11,8,10.97,18.21,58.76
69,52679.97,2200.13,634.29,500.0,133492.99,43,22.5,20.99,49.47
53,69212.02,2678.91,665.28,39507.84,112438.21,35,15.58,21.41,44.98
39,71137.07,2922.52,751.26,82064.59,52282.43,16,16.48,19.48,60.18
59,73236.14,2869.04,786.85,35418.3,241784.45,40,15.02,13.57,25.44
43,61114.35,1242.78,720.04,52900.64,179968.67,22,8.86,9.25,52.39
29,65320.09,2033.19,681.83,9959.43,268619.81,6,19.38,15.39,53.13
34,65202.4,1652.34,728.56,31551.5,233100.67,12,10.32,6.71,46.33
31,48654.91,1353.76,700.63,38809.61,220386.68,3,11.91,14.19,58.65
31,28355.01,1000.0,615.01,10872.9,86521.98,8,10.1,13.32,65.31
51,38054.66,1000.0,638.98,13681.11,24753.91,31,18.78,21.56,52.42
37,58123.72,2388.2,669.2,70379.95,74557.53,15,15.44,14.71,56.51
28,45837.48,1944.36,582.68,16189.57,75292.6,9,2.37,9.92,41.58
33,45879.07,1506.6,686.98,18844.19,50235.46,9,10.09,17.9,41.14
68,92386.52,2689.27,850.0,53257.87,308009.31,45,11.43,22.73,47.61
48,75460.11,2736.28,664.39,98961.75,174016.15,30,20.06,14.97,46.7
23,55462.63,1818.9,700.86,65689.26,210360.85,0,9.63,18.6,46.09
36,72096.63,3265.2,680.2,12824.92,182700.43,11,14.18,17.19,68.44
54,52435.17,1000.0,678.3,72441.61,166435.52,34,24.0,23.71,67.08
21,61993.02,1702.83,623.01,20197.6,52670.77,0,19.38,17.21,39.69
64,67949.32,2929.16,738.98,19567.97,254087.19,38,10.97,19.08,56.27
21,52483.09,2256.31,676.69,35402.98,117252.21,0,19.37,20.48,63.55
37,47665.49,1382.85,680.22,32612.56,100905.72,17,11.18,7.1,51.31
27,82030.77,1394.0,775.23,67345.74,343168.41,8,22.32,12.53,67.95
41,71054.03,2818.38,721.56,64607.64,123798.85,14,15.04,16.37,68.53
52,19417.0,1000.0,593.72,26173.15,61809.84,28,7.14,12.99,54.29
43,47973.55,1836.05,623.86,62915.4,109844.16,19,9.53,8.88,42.97
54,45937.1,1282.45,663.71,44628.23,25790.87,28,16.03,15.01,43.17
55,48819.51,1000.0,621.59,61883.49,155137.14,33,19.45,24.36,43.26
38,75523.24,1004.43,754.7,39730.26,207600.14,17,19.41,17.51,56.6
57,60345.71,1879.04,672.43,60368.4,198793.43,32,13.87,17.71,61.96
56,34986.67,1000.0,626.96,13685.23,59538.83,35,4.51,6.09,28.42
38,53102.13,1000.0,646.39,71911.81,194611.29,17,12.11,19.74,59.97
27,69751.28,1886.32,697.21,35641.91,155160.64,0,10.71,14.67,67.43
55,56046.39,1526.47,658.09,55585.61,10548.57,26,22.45,21.87,31.42
63,48395.83,1047.59,585.29,37960.59,35773.06,44,12.85,21.44,41.09
21,65961.95,1114.59,736.84,45688.34,135921.08,3,18.1,11.04,39.79
62,89127.46,3921.47,769.47,104953.14,257877.29,41,17.19,20.84,52.72
37,68305.65,1153.55,646.9,78748.41,57400.29,13,18.98,11.17,42.0
34,83416.95,2018.06,725.82,81990.1,166965.18,5,21.93,21.6,41.72
24,49602.94,1124.12,621.86,51616.54,162343.04,0,26.6,24.67,72.57
21,59849.48,2476.45,697.53,13644.84,216034.23,0,13.71,17.12,41.06
46,59486.06,1556.68,669.03,56839.02,202875.57,17,21.16,12.0,55.15
31,62136.22,1033.62,727.22,22240.55,219298.74,4,17.6,19.32,51.96
20,67929.35,1000.0,650.01,10137.45,66574.45,2,13.9,21.65,46.13
41,43458.56,1589.06,649.88,27330.08,75532.69,19,11.81,11.02,47.34
54,71651.99,2602.16,730.9,19207.36,115492.54,30,19.52,16.11,47.33
33,30698.05,1000.0,573.18,38375.93,110452.71,9,11.59,11.32,62.87
69,35956.38,1000.0,619.33,18986.17,116883.9,42,14.12,19.84,57.41
21,98441.27,2449.99,793.67,95696.51,120611.96,0,23.17,17.97,61.09
41,50817.83,1634.44,706.82,23926.09,165178.12,13,27.56,23.22,72.55
51,73131.35,2630.15,723.22,36244.47,50430.43,24,17.48,22.03,57.35
47,90569.23,1368.32,822.9,33374.53,295234.55,26,13.42,11.06,39.33
35,18339.79,1000.0,592.55,6108.38,58530.27,15,13.82,20.26,42.87
36,80272.43,1742.24,684.76,67795.7,125321.41,7,15.61,13.9,75.38
48,71680.98,2370.89,711.29,67962.44,211540.82,22,26.64,23.68,63.29
36,89527.15,3053.29,806.02,96504.28,324246.13,7,16.47,21.58,53.25
66,38732.58,1659.83,627.19,30604.78,1000.0,39,13.97,19.68,48.07
63,86122.58,2254.63,762.06,72042.36,132966.35,42,21.73,18.86,50.04
36,46690.54,1420.31,646.54,36375.28,53505.06,11,17.13,13.16,79.81
39,78986.0,1693.5,764.26,31417.91,112652.74,21,24.85,30.12,44.54
41,59351.62,1308.82,660.64,51090.24,115205.25,17,19.27,18.03,61.99
62,73873.84,1036.78,708.74,17554.2,179956.76,33,29.1,28.15,67.1
29,60879.65,1341.52,720.38,33876.58,41129.1,6,18.34,21.94,44.83
47,26890.77,1000.0,590.04,22924.04,4274.32,18,19.18,15.4,41.6
55,15000.0,1000.0,537.07,500.0,57360.34,37,9.15,5.41,27.91
48,63778.48,2124.38,692.97,40039.43,137310.28,27,26.25,26.93,41.69
53,55252.77,1009.56,688.79,500.0,16353.83,24,13.79,8.11,57.38
36,67167.98,1101.03,700.7,62381.27,104977.21,14,24.15,17.48,52.91
65,55461.24,1377.51,673.57,26929.53,84738.68,37,20.01,22.79,55.99
62,96325.39,2191.88,711.83,31051.33,253712.85,37,19.97,21.41,58.67
53,64149.67,1399.01,703.43,46926.09,41922.67,32,23.89,23.93,51.46
47,51954.94,1460.27,650.02,40058.87,201152.02,27,15.14,13.56,38.12
66,66072.54,2836.44,739.63,76285.38,191170.9,45,23.45,28.0,56.96
50,52283.85,1643.54,654.59,44717.68,109832.88,29,17.12,12.84,19.7
35,61672.74,1842.44,751.74,67275.63,179462.63,7,14.28,5.32,65.11
69,38085.36,1499.99,641.78,27376.27,60668.36,42,15.41,7.55,19.26
66,59845.47,1000.0,646.05,33103.81,169056.81,45,16.16,17.21,31.57
45,51398.66,1000.0,598.65,40023.56,147307.32,18,12.93,14.09,43.69
64,39790.74,1155.5,615.65,22673.91,19267.81,42,15.14,19.43,32.49
28,95563.25,3441.26,787.97,28166.51,296792.66,4,21.57,23.44,32.4
62,40492.76,1160.83,545.09,45880.74,48384.85,36,1.78,6.12,42.64
50,60125.36,1079.68,678.04,60256.79,199435.51,31,18.52,11.24,44.16
34,45549.46,1981.38,621.84,48235.32,106022.96,12,18.26,15.1,46.05
23,65346.71,1532.74,705.09,26678.15,231899.83,0,23.79,19.35,53.25
21,37061.07,1437.0,701.96,41023.77,124327.87,0,7.53,18.36,33.6
37,75126.42,3171.37,650.24,28483.64,266136.92,11,12.43,13.22,57.54
65,96650.81,2324.29,832.47,116666.01,187606.65,36,20.71,24.64,37.66
64,44888.29,1825.92,656.52,50631.56,71662.25,44,10.92,13.7,50.44
44,81905.44,2964.36,723.35,92367.23,333933.45,26,12.24,13.21,46.17
32,53126.17,2265.44,660.47,23270.95,109366.36,13,13.25,11.95,48.41
23,87104.24,1818.48,802.42,27484.38,175742.1,0,16.91,19.45,48.52
64,99392.98,4327.83,803.19,93762.99,228105.98,42,14.86,10.34,56.8
31,55793.31,1000.0,580.26,27964.64,67091.62,13,10.47,12.18,63.02
28,32635.21,1271.33,614.31,37870.13,75192.33,10,12.66,14.41,63.24
56,77065.52,2082.48,763.68,50987.3,99360.9,28,10.46,13.33,43.13
26,64039.51,1180.23,673.52,31501.25,121855.69,5,9.08,7.17,49.93
43,69032.24,1045.62,745.97,70436.37,131064.66,14,17.26,15.17,41.04
33,53882.79,1373.2,704.07,64895.1,221464.4,12,22.92,22.61,48.11
22,44079.13,1123.02,690.99,49770.9,94595.37,0,18.07,18.78,39.41
69,80886.27,1631.09,787.8,61938.03,119019.45,45,24.2,28.23,42.19
27,65756.22,1294.34,811.8,25418.63,64189.07,0,7.55,9.28,52.52
67,34015.97,1000.0,654.52,18900.57,39324.88,44,6.36,3.57,41.36
20,72363.75,1893.79,724.74,27173.1,137734.79,2,17.29,14.78,47.36
30,68751.03,1873.16,742.31,37156.75,42942.35,3,21.06,14.51,65.15
60,54144.62,2244.76,668.36,5678.81,184667.91,34,18.6,25.92,36.81
66,89156.64,2931.04,756.29,91299.42,148441.26,38,12.19,17.56,45.28
47,48872.88,1000.0,599.78,15707.13,141672.88,23,20.57,21.19,79.78
62,56958.24,1697.54,665.51,55156.18,158475.15,38,15.29,17.69,64.92
23,73835.67,2799.48,761.81,82569.88,84194.51,0,21.27,19.52,48.7
34,61381.73,1000.0,648.06,25833.37,120045.73,10,13.11,7.38,64.78
62,35080.38,1000.0,624.1,9083.19,39186.16,43,5.79,6.88,35.43
68,63308.39,1743.53,674.81,57804.42,30140.69,45,20.56,7.4,53.22
36,52540.98,2327.6,659.97,49318.13,179096.93,13,17.6,20.8,72.95
59,75425.93,2138.79,726.1,88668.87,285400.8,35,11.31,13.61,41.94
52,62721.93,2351.86,699.3,17310.72,140602.23,32,12.93,14.44,56.81
63,61701.14,1394.24,789.54,2516.87,271959.23,42,19.6,15.14,46.5
43,41131.48,1582.61,602.56,34744.08,12357.95,14,15.14,15.11,42.86
68,55859.54,1299.04,668.56,32545.39,81659.09,45,18.09,20.68,54.91
22,77461.82,2078.62,725.39,39443.83,35468.67,0,15.12,17.57,59.12
46,46022.35,1310.84,573.21,49532.8,130296.37,22,21.72,14.74,35.85
54,59414.1,2577.31,719.6,26921.6,116392.69,33,15.39,12.31,44.29
37,43143.97,1000.0,594.62,37446.88,177595.64,13,2.48,10.07,31.36
66,38690.83,1000.0,680.51,10361.41,87033.76,44,14.4,13.75,25.83
38,58472.54,2106.46,642.81,40008.18,60343.67,20,18.87,27.26,49.85
27,63128.42,2004.49,709.32,31253.77,182417.63,0,17.8,12.64,57.07
22,95889.53,2002.59,850.0,46741.84,210498.28,1,17.46,16.26,65.41
53,51801.71,1146.89,678.51,66738.32,210457.56,29,5.41,6.92,25.73
23,59096.95,1462.27,653.47,33047.4,131023.07,4,12.66,12.78,37.89
43,37498.68,1031.65,574.91,53086.89,34805.43,24,10.97,7.77,65.49
21,71020.32,2824.31,616.88,72540.59,254113.13,3,13.81,5.44,43.27
56,67165.71,1000.0,687.25,73027.56,256107.96,37,19.78,21.69,32.35
56,86791.1,3682.89,699.03,75178.11,153745.67,29,17.01,24.37,68.88
67,80009.2,2101.65,741.17,51085.14,35768.5,42,24.91,20.12,48.29
52,66325.32,1338.66,682.22,46755.37,55337.43,24,15.5,17.29,42.78
18,51538.71,1517.67,661.49,40295.35,86463.96,0,21.23,19.04,47.43
41,63684.03,2196.4,641.62,61784.0,144571.32,16,17.44,16.34,39.31
53,58001.76,1000.0,652.67,26315.08,136011.45,35,17.12,13.93,47.25
23,77161.16,2805.52,757.25,89344.6,61829.72,5,14.3,18.49,56.32
58,74872.17,2834.56,740.06,67608.36,216082.58,29,10.73,13.77,50.85
63,54664.52,1000.0,583.56,69285.09,196258.38,36,15.1,12.27,25.0
61,33684.11,1000.0,638.05,11284.3,96992.51,40,21.8,24.15,67.8
48,84000.97,1620.62,705.55,36454.0,74874.78,25,16.11,23.42,47.25
37,70473.73,2752.3,643.1,21468.11,71057.92,12,13.96,20.66,54.29
41,54249.18,1169.98,653.27,55757.63,129867.93,22,14.57,14.44,58.96
42,69771.72,2723.27,818.63,36659.9,123240.44,22,25.82,18.85,49.6
53,61347.5,1872.17,669.46,28087.12,100857.41,30,20.07,14.71,56.0
38,83735.12,3188.0,756.07,45670.88,156541.87,11,24.44,19.73,55.74
47,25263.96,1000.0,607.1,8985.85,1000.0,26,2.62,4.78,40.58
41,52850.56,1252.15,619.82,31591.81,103472.12,12,11.16,17.16,49.38
61,88782.98,3804.98,780.59,58707.11,168510.51,42,14.93,6.1,40.13
59,70137.57,2549.02,673.61,62438.38,153863.75,35,22.69,20.58,40.31
47,91906.92,2631.77,800.99,35990.4,121554.16,26,22.49,18.16,53.66
39,38007.47,1282.66,632.26,48510.6,187720.89,14,19.08,14.75,53.69
45,79299.54,2619.11,752.11,44550.24,207793.21,20,8.55,13.58,49.83
24,78220.04,1911.48,742.52,35734.73,137554.65,0,23.37,18.04,72.88
52,29728.89,1000.0,679.86,33324.45,81848.45,25,16.27,15.69,52.4
45,54680.96,1263.6,674.74,14505.14,44874.35,19,10.85,16.92,43.3
31,58082.48,2661.18,698.19,49281.87,1480.45,10,14.82,13.94,53.83
27,30847.99,1000.0,609.16,33039.35,37613.85,3,8.62,17.28,76.45
33,55057.16,1000.0,620.13,62953.46,51187.38,6,15.02,11.52,37.73
33,75717.3,2256.65,692.56,38673.76,108502.75,6,19.82,4.58,73.61
48,52963.38,1000.0,610.12,38855.92,177727.88,19,22.32,23.1,56.75
59,64358.4,1423.72,657.86,88875.31,242970.84,41,11.74,14.78,46.79
42,64488.67,1764.76,670.67,54876.72,151827.03,21,14.1,19.97,45.93
30,59781.42,1811.92,670.26,43655.32,177318.04,11,10.46,14.47,44.72
23,47306.72,2130.67,632.31,45281.06,194145.97,0,18.56,25.48,33.67
61,71858.65,3250.94,741.51,28209.34,239451.09,39,9.31,13.08,46.6
26,31433.39,1000.0,655.07,7567.31,87398.5,6,14.03,19.92,62.38
62,60154.59,1830.97,731.9,62831.89,106945.65,41,9.89,16.12,42.91
53,84938.75,3375.21,767.34,90298.66,106662.37,30,18.72,15.18,44.2
60,51947.28,1060.96,618.46,500.0,122566.79,33,20.97,17.44,40.44
37,46908.22,1759.94,687.94,500.0,124486.84,19,12.13,12.29,50.17
35,73059.29,3052.95,694.4,16904.39,131879.59,11,18.41,28.67,59.04
60,62941.77,2176.71,708.38,55783.32,53460.15,35,11.83,10.46,58.05
38,73418.05,1719.7,732.91,32037.36,178280.39,14,16.78,18.86,28.5
21,60692.97,2626.25,634.31,52285.93,198270.94,0,8.28,11.32,44.47
67,17010.74,1000.0,527.37,33438.2,34630.44,41,15.24,16.82,54.74
50,81238.44,2953.9,766.81,62865.86,81256.44,29,16.05,16.53,34.79
44,97260.47,2394.77,784.91,86045.81,366192.87,20,18.68,16.25,48.7
24,83112.74,3232.8,850.0,38152.87,35599.78,0,18.66,12.44,62.97
23,15000.0,1000.0,524.97,8353.19,83441.23,1,1.67,1.49,46.14
32,68119.59,1425.86,658.99,76876.25,252674.25,13,13.35,18.08,51.32
35,51598.58,1530.78,658.07,66403.1,72450.1,13,15.84,18.44,37.32
49,40483.61,1851.63,606.95,12887.32,33601.09,28,13.25,15.32,41.49
28,62209.18,2445.49,609.44,76338.44,136873.24,3,27.11,33.0,60.19
37,57318.95,2110.85,709.55,6566.29,236321.04,15,22.03,32.66,62.53
41,69155.84,1906.43,752.08,32409.1,243140.01,15,17.61,12.62,46.55
32,61018.44,1397.22,721.48,37731.93,40754.88,6,10.99,19.75,63.73
65,39825.38,1634.04,633.9,36383.91,106354.28,45,11.51,7.06,45.15
24,49621.17,1559.32,642.79,30019.88,74621.91,0,18.25,15.59,53.58
38,46716.75,1850.38,647.92,29747.8,55756.77,15,15.05,16.36,67.26
59,29103.3,1000.0,581.8,7716.78,87287.88,36,19.29,22.71,24.12
43,35310.4,1328.8,577.42,27958.49,171816.17,22,13.87,8.41,19.55
61,56200.76,2328.1,737.93,22061.71,135034.7,33,16.2,16.74,57.9
31,85627.57,2187.47,813.81,63534.47,98605.1,4,26.68,24.26,52.77
54,50359.97,1000.0,680.79,29112.74,101552.63,34,9.55,4.38,51.22
38,46366.25,1000.0,619.91,31888.52,93219.44,20,23.31,23.5,53.87
35,38736.84,1665.57,642.53,28318.18,119402.35,6,17.72,16.79,57.5
22,60549.66,2144.55,670.93,59478.05,181066.02,0,32.23,30.42,67.85
20,81226.67,3011.39,731.19,69115.06,138457.43,0,14.62,12.88,65.49
40,96048.29,2242.05,787.42,123554.3,78916.76,13,27.75,22.56,60.24
43,65137.19,2336.85,715.26,74690.05,263666.97,19,17.18,28.42,64.17
54,62519.89,2128.35,669.53,61588.34,171729.81,36,15.32,11.82,41.72
41,50217.48,1000.0,644.39,36060.25,122107.52,16,16.55,15.67,55.67
66,53221.8,2383.79,718.94,36155.99,51463.19,45,15.95,13.6,29.65
36,71325.15,1733.26,638.65,37644.07,13000.09,12,13.24,14.94,41.66
68,54332.24,1275.52,708.76,46881.34,83608.2,39,14.78,16.83,54.08
42,57078.92,1415.86,665.31,28167.83,1000.0,22,17.24,23.15,59.91
38,59543.75,1000.0,657.92,7964.64,109709.2,18,13.83,11.93,47.63
29,49365.09,1645.44,634.47,25841.05,114611.44,2,17.64,16.08,67.05
58,58650.37,1199.64,676.46,30811.9,213919.87,32,14.39,16.3,27.33
50,23650.69,1000.0,612.73,31209.41,49640.1,31,14.66,6.28,60.58
67,69879.05,1791.6,717.53,50577.63,21822.21,45,18.68,23.91,45.28
21,102331.89,2843.32,784.87,75615.78,263628.68,0,22.49,4.53,33.29
59,50063.21,1704.52,681.28,24766.17,75423.25,39,8.26,14.38,32.3
24,66729.07,2528.75,695.87,55884.23,253796.28,0,22.16,37.89,49.5
39,75328.37,1521.92,749.7,72034.12,147680.26,12,13.2,17.27,36.93
50,83043.87,3712.88,761.35,31194.59,182080.38,23,17.38,20.66,37.56
34,55242.21,1836.47,617.94,53045.84,116811.42,10,12.3,14.14,56.03
41,27540.29,1000.0,608.35,22681.29,91525.34,17,13.11,10.0,42.33
51,64810.18,1708.01,620.44,59956.41,1000.0,29,15.93,20.09,22.29
45,62315.32,1686.29,682.44,74051.2,253733.5,25,19.49,11.61,54.48
60,53778.01,2122.73,615.89,59282.4,199977.99,41,15.6,10.01,39.7
58,57596.78,1305.8,584.02,55349.85,244270.81,37,13.8,12.39,63.18
56,62586.25,1473.34,698.85,43217.78,243097.41,35,7.27,12.7,35.44
39,66511.72,1000.0,737.03,73262.92,34646.64,11,21.07,13.57,31.66
66,65756.57,1443.46,695.86,55456.85,156922.99,41,19.16,21.79,44.64
34,56081.66,2041.3,726.05,71322.02,130155.93,9,20.23,21.36,40.1
51,66917.02,2252.33,700.78,58652.36,162729.2,29,15.76,16.43,36.81
23,54869.44,1000.0,672.59,25263.45,1000.0,0,17.27,8.75,49.68
63,71556.46,1168.03,676.76,33476.31,282465.77,38,13.89,19.33,44.16
23,48706.03,1220.78,672.32,25986.57,206376.15,5,11.15,11.58,47.22
51,61315.05,2286.56,708.13,67532.5,197029.17,29,14.71,14.95,45.53
18,30772.71,1239.03,573.51,11213.46,25277.37,0,17.69,14.93,61.56
27,53341.61,1000.0,602.33,49086.09,137413.18,6,13.96,6.96,49.05
38,70214.8,1647.73,643.43,66779.96,202494.1,10,16.75,11.79,53.87
22,41392.77,1102.79,669.52,15010.13,133416.54,3,15.35,20.5,62.58
19,54238.19,2325.25,610.25,26844.77,35228.54,0,15.55,23.86,46.2
39,16708.75,1000.0,618.64,10822.98,1000.0,21,16.74,19.48,50.81
65,35374.67,1000.0,570.84,35299.88,64143.64,42,9.8,15.63,45.23
19,40083.46,1022.19,606.83,30668.57,27613.64,0,14.51,23.45,36.16
27,61831.52,1672.41,812.91,24050.84,197954.75,5,18.55,26.15,27.46
51,66001.36,2299.04,676.81,46330.18,99041.7,26,8.39,13.83,46.24
33,58991.0,1000.0,633.59,51822.84,185932.14,7,17.23,14.07,39.34
65,53113.32,1353.42,644.08,56211.14,219112.61,37,22.02,10.52,68.41
68,53176.17,1810.75,591.26,34524.32,110053.12,40,13.57,14.81,53.68
56,72888.82,1599.48,705.96,19646.03,50573.93,37,11.86,14.18,34.03
39,63830.76,2056.95,694.74,27004.51,133844.86,11,18.72,31.19,30.04
29,53988.98,1317.83,706.68,9068.74,143147.49,8,16.3,19.73,37.24
41,83279.39,3147.19,772.77,26692.8,92905.09,13,25.94,24.19,55.46
64,95099.55,1380.84,791.86,78541.18,272046.34,38,21.7,15.75,45.44
57,37576.64,1619.51,709.48,32848.33,113368.71,35,9.04,11.77,53.52
55,69405.18,1264.59,735.22,73333.57,58739.55,35,12.0,19.66,33.77
27,115618.01,2056.26,850.0,52488.45,201288.61,4,25.86,22.07,61.98
52,65043.7,2635.66,735.23,39421.36,166764.75,32,18.29,11.37,53.41
68,62077.97,2574.75,749.07,59049.18,148788.66,45,15.92,11.85,61.28
66,58996.79,1000.0,728.63,77254.56,1000.0,45,16.76,9.95,49.01
49,68823.27,2944.99,744.01,36373.03,255857.7,26,19.09,14.93,39.84
24,73588.18,1590.24,748.2,43083.11,57434.41,0,19.22,12.76,69.95
38,37594.2,1245.15,679.64,18807.5,140031.49,11,6.23,12.11,43.55
37,59523.29,1000.0,652.2,33500.9,141456.45,15,22.04,23.85,48.31
43,19149.04,1000.0,524.42,31304.26,25946.47,17,18.33,25.38,52.33
21,56232.3,1547.75,596.86,47051.8,213665.86,1,24.67,22.02,71.19
63,43751.61,1421.67,654.85,43322.48,141193.13,40,22.34,20.3,62.19
69,66105.2,1983.76,750.6,45669.28,197451.26,44,23.72,23.33,56.01
39,30185.15,1000.0,543.78,18805.23,65698.47,15,11.59,10.3,59.43
32,50778.29,2259.02,619.73,55477.77,134075.75,9,16.58,10.97,56.83
57,77397.8,1444.82,797.04,8988.16,101954.82,38,23.57,16.99,39.78
38,47826.0,1000.0,674.72,500.0,150578.67,14,5.78,12.09,57.97
32,25711.16,1000.0,606.42,44142.05,67621.08,7,11.48,17.62,20.18
39,64635.6,1000.0,712.58,41314.44,268901.4,21,7.94,22.51,47.03
69,49442.48,1413.88,638.79,27998.64,65205.36,43,16.35,11.31,46.74
45,56654.06,1622.29,600.0,43845.1,71498.53,24,21.99,15.04,78.07
31,46862.35,1070.06,667.23,47736.62,92754.58,6,14.78,5.83,39.57
44,95539.14,4157.37,850.0,13418.3,70964.2,17,16.71,17.47,62.06
58,31954.69,1000.0,609.33,15641.08,48384.24,34,14.61,17.93,49.73
57,111002.92,2454.8,781.55,87594.64,378246.86,30,23.16,18.05,46.6
45,52968.54,1075.79,649.89,60742.41,44327.7,21,17.71,9.77,27.85
43,63302.04,1098.9,732.66,24271.32,107601.98,24,10.26,22.18,50.2
66,49653.66,1223.15,697.06,38393.03,161400.34,45,16.18,18.14,49.3
19,48900.6,1721.12,716.79,23658.9,15179.91,0,15.81,9.94,50.42
42,45873.06,1708.26,685.34,8949.06,147257.01,13,19.33,16.73,71.16
20,70822.64,2805.57,622.58,52985.94,230915.71,1,16.7,28.15,67.34
25,34605.61,1000.0,614.14,23778.49,135206.14,0,23.33,26.07,53.52
61,66553.95,1000.0,634.77,55345.55,251762.84,34,17.07,15.3,60.97
50,20679.13,1000.0,590.59,12755.47,12414.3,26,9.68,6.99,62.02
59,64923.52,1000.0,727.72,15242.66,94121.76,34,11.48,19.84,37.87
69,75284.57,3351.87,688.93,18712.28,82602.15,41,14.96,8.33,33.3
52,37058.66,1487.06,597.65,19403.27,83427.31,29,9.71,14.29,31.54
23,72217.37,3098.31,687.72,48256.53,195513.42,5,16.44,18.92,65.3
56,60924.94,1547.87,719.71,46725.39,179467.97,27,24.53,27.68,47.35
69,88771.68,1693.18,762.77,91661.07,290672.44,43,11.58,15.92,35.65
40,44606.29,1459.31,604.92,42712.6,167126.64,17,7.52,13.38,58.56
42,110687.75,4118.51,850.0,129766.24,242979.01,13,19.9,20.61,47.9
67,16965.92,1000.0,578.33,500.0,70601.84,40,4.88,9.95,29.41
60,54068.93,2113.41,699.04,34242.45,142299.82,42,10.5,21.71,63.16
36,29425.75,1000.0,518.91,12049.77,56487.2,18,14.64,15.32,63.15
22,93318.98,2695.91,753.83,63218.7,159677.83,0,19.07,22.69,46.67
68,55289.38,2269.6,696.46,34846.8,155866.27,45,17.72,15.4,37.74
28,56909.67,1078.3,595.93,69997.64,101434.9,3,18.65,12.91,51.15
29,67978.29,1397.83,630.37,24943.93,266061.64,4,23.51,19.06,62.95
27,59913.51,1000.0,646.71,41578.37,172634.53,0,17.89,16.29,66.77
25,49312.29,1000.0,682.74,46551.92,149425.55,0,20.96,14.42,41.66
41,37380.35,1000.0,612.65,42602.44,131049.97,14,14.27,7.54,30.04
45,63033.24,1215.34,711.91,61567.37,172018.56,21,18.26,23.77,48.08
58,66819.01,1472.69,656.19,31598.23,28204.65,34,18.57,15.01,35.81
53,72516.79,2876.46,672.82,5451.52,240871.87,26,18.67,16.66,46.23
54,94429.08,4062.85,845.92,25745.16,140149.04,33,20.47,16.46,42.85
38,20872.16,1000.0,581.72,25446.94,27598.81,12,21.19,8.26,33.22
25,58781.09,1000.0,627.97,19734.9,214907.05,0,19.37,26.75,74.37
26,81451.28,1625.79,655.35,21003.84,299123.01,7,15.91,11.53,53.98
64,57758.6,2139.39,609.94,43052.87,165540.79,36,27.49,29.31,61.87
32,17912.9,1000.0,506.2,31778.57,62404.8,6,9.91,6.97,22.81
65,36761.29,1644.71,553.14,33310.66,78823.78,38,13.65,15.69,36.85
63,65914.26,1000.0,696.23,68883.06,140420.93,43,12.44,18.47,37.39
57,65259.55,2448.88,726.0,15522.06,223492.38,38,20.11,13.19,61.48
35,72105.35,2117.0,712.26,47521.66,136323.87,14,25.66,20.92,75.46
59,45941.84,1956.65,617.35,48825.98,105243.41,37,7.14,6.89,29.74
37,64677.9,2050.65,709.49,20651.78,254245.28,18,15.08,13.31,52.42
23,42974.46,1177.02,613.69,44154.71,38145.77,5,19.88,22.78,69.98
29,64679.24,2244.05,616.91,44546.58,236189.98,2,11.17,19.76,41.92
19,60957.82,2455.63,692.0,56539.74,91889.06,0,18.97,16.49,45.45
24,45224.52,1000.0,653.34,19469.28,131135.89,2,8.02,11.96,55.81
33,88047.31,1416.17,818.3,99802.36,269230.27,7,20.84,13.04,34.19
20,29298.55,1000.0,629.36,40811.58,32335.75,0,13.32,26.67,27.82
62,57450.82,1128.95,647.17,3348.88,176190.39,33,32.33,30.14,16.35
20,44827.7,1202.19,624.72,27654.12,141475.26,0,18.21,21.94,62.52
44,93015.64,4235.46,780.63,71316.03,156413.45,15,8.44,8.5,63.19
67,70771.16,2239.02,721.93,34558.92,257627.61,39,16.7,22.04,46.72
60,48312.41,1720.89,712.18,22676.79,77228.42,33,18.95,18.96,60.71
57,54965.12,1929.14,661.91,12971.94,173202.98,31,13.43,19.22,21.04
55,93502.63,3726.71,757.09,91523.95,389254.41,26,17.07,12.33,55.74
50,42967.04,1889.3,684.79,27859.3,10190.74,23,12.26,14.49,49.13
45,28239.93,1000.0,639.51,36448.77,44536.41,22,15.56,5.74,39.04
18,65238.12,1850.79,736.21,19627.22,233907.73,0,10.25,15.29,55.77
25,65645.53,1516.04,624.78,18845.56,236936.63,4,13.76,17.41,73.27
54,71988.62,1764.38,719.6,45172.86,143830.41,33,22.36,11.41,61.8
49,72107.26,1705.29,705.78,76416.08,265584.61,31,14.78,9.68,41.27
65,91872.7,2142.06,795.26,67058.66,258162.37,45,16.45,12.42,39.59
60,29073.53,1036.59,548.03,8754.88,1000.0,40,6.03,11.69,48.46
54,38349.54,1230.65,651.95,14347.46,13239.22,36,17.06,2.87,55.87
21,71919.66,1383.24,731.85,22674.23,153579.0,0,19.32,28.27,45.04
47,40098.74,1797.26,659.68,29550.83,134375.25,19,18.87,14.49,71.92
23,33781.42,1000.0,567.69,23165.41,62980.49,5,12.81,28.91,50.99
63,93585.2,2935.73,792.68,38064.66,315054.89,37,20.94,19.72,62.59
36,30841.04,1107.81,628.01,22191.62,90567.6,18,14.62,3.45,46.4
49,53677.1,1768.98,546.31,28989.9,24656.11,30,8.24,2.87,72.22
26,58931.39,1347.67,706.8,53018.41,234912.16,7,27.66,24.46,61.53
29,83564.46,3266.55,734.47,77631.99,224873.12,6,23.25,14.44,32.89
28,26361.54,1000.0,578.02,23484.39,37205.02,4,13.03,9.12,40.71
63,67478.55,2123.32,758.8,57908.56,24136.57,35,15.63,3.6,52.43
33,43973.21,1000.0,681.04,33372.27,76319.3,15,21.02,17.44,71.75
18,71297.0,2354.61,687.83,68264.86,171174.17,0,17.61,24.71,56.38
62,43677.46,1000.0,555.08,25751.2,207159.45,43,18.94,14.65,33.63
38,88301.51,3376.65,761.46,87230.8,76464.4,13,15.94,18.82,49.63
47,43782.54,1000.0,679.16,37497.78,137066.18,21,10.0,6.61,51.54
30,15684.37,1000.0,606.2,12366.39,26489.58,11,10.76,17.6,59.56
51,45800.71,1887.84,543.24,24723.75,130123.59,32,14.63,12.7,65.44
21,55296.6,1359.18,692.78,24916.19,210028.3,0,17.65,18.61,68.97
45,79482.37,2015.73,759.23,49698.52,93118.53,19,25.28,18.75,52.77
55,37348.53,1340.19,646.79,21450.0,155101.67,34,19.3,16.78,29.79
48,37704.37,1000.0,613.7,3474.72,153063.7,26,20.36,12.6,62.29
44,77290.4,1174.61,652.23,90643.15,161871.65,16,14.07,22.88,43.1
22,35245.95,1000.0,585.12,25713.6,88225.97,0,12.05,13.68,70.84
42,56778.3,1774.28,628.95,42358.99,19865.84,19,20.52,15.38,59.8
20,57144.28,1000.0,624.91,9521.26,109945.26,0,21.79,18.9,53.14
50,63916.43,1390.43,727.02,35088.03,158371.04,21,20.1,21.17,75.95
21,46502.73,1584.06,631.83,21281.82,211897.02,0,11.84,16.65,57.14
42,43314.1,1000.0,647.66,45760.82,85621.87,16,9.12,8.46,62.03
37,66028.1,1222.04,745.61,71184.43,123389.59,13,17.77,20.94,42.64
51,43872.07,1908.33,553.98,9825.57,180096.22,22,9.93,11.88,34.68
43,35520.55,1229.7,678.71,15698.09,104945.38,16,15.86,11.98,23.77
22,82100.4,1862.45,826.7,39514.01,83669.31,0,24.46,20.17,67.44
52,68785.72,1000.0,626.44,27678.75,71565.38,30,17.82,14.34,45.65
45,91815.04,2941.29,806.61,8041.24,32741.38,23,12.65,23.25,76.24
46,74111.42,1476.96,811.86,50444.16,72815.67,17,14.86,15.99,52.67
26,37173.41,1654.43,548.68,500.0,40185.63,1,18.04,21.34,57.04
69,61734.65,2185.33,632.43,500.0,206310.97,42,18.54,23.98,63.62
55,41718.69,1876.12,661.77,37311.2,24467.67,34,16.94,17.31,46.14
67,30271.03,1234.96,611.45,500.0,129327.18,41,21.87,25.03,42.86
23,51950.41,1485.83,665.67,31796.11,19746.97,0,16.94,17.0,39.12
36,77667.59,2704.29,721.74,44655.32,262054.15,12,19.35,18.07,53.09
61,64948.43,2570.02,701.83,84711.01,189201.16,41,20.78,17.96,53.77
28,34963.91,1110.89,491.69,38863.93,47051.03,7,7.63,8.06,42.6
19,51317.85,1000.0,599.97,26900.98,68598.32,0,12.91,16.66,69.24
64,57428.4,1618.42,667.24,18140.48,107912.57,36,12.05,8.12,21.76
61,29595.98,1000.0,493.83,732.11,81634.23,33,16.23,10.55,56.81
61,72837.1,2646.04,712.19,84963.77,232467.66,39,12.69,18.32,33.31
26,55882.77,1966.38,666.88,23906.18,241485.96,0,18.41,23.71,63.25
38,34969.29,1594.49,571.73,16347.87,50928.5,18,12.41,22.14,50.91
41,33950.88,1136.01,571.32,43947.43,137391.68,23,11.61,11.1,50.29
51,79811.95,3126.34,692.38,27243.25,184813.31,27,22.54,12.15,58.13
39,53145.37,1139.59,637.65,15359.68,89914.35,16,8.65,1.6,57.09
20,81426.34,1940.73,760.48,92045.4,88152.83,0,15.7,22.64,49.87
29,88298.8,3802.81,784.22,76694.78,73690.95,5,33.48,32.78,63.45
45,78404.07,2953.72,781.32,68794.45,177024.54,26,27.09,26.27,62.73
47,50398.23,1730.79,644.13,46108.61,216314.76,18,5.97,12.36,64.14
43,15038.75,1000.0,565.69,20002.23,20050.13,22,8.97,14.7,53.36
65,65633.93,2348.77,631.59,78533.81,156849.18,45,16.88,26.29,42.51
38,97648.37,4106.97,802.3,63659.36,150780.81,13,12.71,8.44,71.96
45,59362.98,1198.73,668.07,39880.35,75233.01,21,26.03,18.84,69.33
43,24183.32,1000.0,595.02,12898.01,59536.49,25,12.57,16.23,60.54
50,47852.19,1226.12,630.86,67009.63,88114.82,31,13.86,18.55,51.52
38,56692.8,1000.0,653.15,8474.03,49187.92,19,17.57,11.26,50.78
52,40236.21,1526.91,583.66,22858.17,134866.22,31,15.85,20.24,30.06
69,15000.0,1000.0,590.34,12250.35,61658.81,45,7.23,7.84,57.04
51,58238.69,1218.93,647.12,19681.13,30768.61,33,22.4,23.27,14.46
58,45872.23,1770.58,721.52,54625.22,150253.88,29,15.4,9.32,50.05
68,91908.45,3422.46,716.71,39603.72,161241.87,45,25.73,13.36,46.68
64,61818.6,1296.51,738.16,62197.17,190472.66,36,13.3,17.18,52.12
35,68452.42,3002.7,607.42,34875.73,177911.22,9,7.87,20.51,44.83
28,57856.45,1138.39,665.95,34007.95,102442.21,10,22.97,21.29,56.79
40,61687.2,2814.22,658.6,73974.75,64918.06,14,19.87,28.04,45.71
65,30258.61,1122.49,610.55,12622.47,90997.31,41,18.87,11.32,49.37
39,41277.01,1056.01,660.59,14272.11,79237.59,20,20.28,14.78,42.99
34,79595.06,1340.78,825.82,99208.78,298837.75,15,18.06,20.1,51.64
22,63770.32,1478.43,667.37,52174.91,87323.65,0,14.54,17.87,42.6
61,52826.88,1001.49,625.34,41028.49,154636.24,39,14.82,12.85,68.09
28,68751.08,2284.46,745.95,50604.65,238011.69,7,19.63,21.68,34.69
47,69105.51,1685.84,701.2,46535.84,127509.52,18,18.3,15.12,39.02
32,95836.1,2140.36,758.92,67517.82,189240.52,5,10.44,12.89,44.88
44,62935.19,2375.03,668.76,35703.2,206745.96,17,15.7,17.73,43.84
52,40874.86,1000.0,590.65,19757.66,119135.98,23,21.16,29.07,60.62
50,57917.46,1857.01,598.64,15975.88,222519.17,30,15.79,11.66,48.83
37,70936.18,1346.83,783.14,68715.22,152391.21,16,28.22,27.74,46.6
33,77921.86,2830.64,755.74,63049.69,183184.59,6,12.99,18.33,45.81
51,30929.43,1031.11,520.31,16120.0,20233.46,30,14.84,26.83,55.92
19,64566.72,2524.89,761.19,56223.88,60166.15,0,11.53,20.67,25.34
52,43849.41,1000.0,639.52,24694.31,73355.95,30,10.11,15.49,32.89
57,49800.63,1000.0,639.88,36807.02,84994.16,35,10.75,2.81,41.67
45,75225.11,1327.62,749.51,22593.06,254244.54,23,28.57,27.41,57.29
64,73432.47,1384.35,700.71,85128.67,174510.14,36,16.08,21.82,46.34
56,47793.26,1000.0,584.18,51024.21,118518.76,28,11.27,7.44,48.94
23,57158.84,1785.42,647.22,45622.21,196659.95,0,15.7,11.66,51.23
26,50350.53,1625.37,647.76,18661.94,25959.82,8,13.92,23.84,60.27
37,112050.65,4551.09,795.66,105611.82,388921.32,14,25.26,28.93,51.02
18,65010.45,1717.88,717.92,45822.39,106940.13,0,6.3,1.8,40.89
25,44889.33,1357.73,692.25,47180.91,172030.69,6,9.72,11.93,35.33
40,83799.01,3816.5,734.96,76213.64,101700.06,16,22.61,20.77,49.3
20,84434.3,2552.29,650.31,28873.48,214732.14,0,16.0,24.13,51.69
21,92250.07,2916.87,769.27,90843.24,288447.55,0,15.45,24.14,48.87
42,97583.89,4459.31,754.49,92972.67,285075.73,20,15.76,17.55,30.15
64,72738.87,3319.63,708.58,49892.36,226266.04,42,20.89,14.6,51.95
55,53702.67,1430.34,650.88,63550.6,102225.38,36,18.77,16.01,48.97
32,56352.9,1897.11,630.3,40527.63,136155.44,10,20.42,10.25,60.38
38,54742.64,1561.63,602.7,55772.38,126361.5,18,9.66,3.97,45.3
52,52732.4,1925.99,658.76,52783.57,84812.52,31,9.16,24.91,33.61
63,82318.86,3603.88,712.4,45652.06,85413.68,44,23.92,20.21,48.73
69,60012.98,1369.61,758.51,41976.42,187529.49,45,17.03,15.44,68.89
31,77485.59,3083.6,743.54,66845.59,233091.09,5,14.72,14.62,42.56
53,72177.3,2477.72,683.52,21006.77,266502.37,28,16.43,17.07,44.9
29,40224.21,1000.0,599.34,51703.86,113929.81,1,7.85,12.59,37.81
34,29090.82,1136.77,580.46,20211.95,76141.28,5,10.26,7.51,47.9
56,37740.07,1009.09,617.63,28493.57,46525.22,36,14.57,22.78,36.98
26,52319.29,1000.0,684.7,67057.91,196354.86,8,17.0,13.62,49.39
52,62417.91,2847.12,738.78,6666.74,123955.45,34,15.8,7.52,61.77
30,48330.59,1289.86,641.8,17177.22,63642.2,7,13.88,7.83,59.62
32,72655.17,2219.74,738.45,63624.5,135137.97,12,20.93,19.59,51.89
35,50501.67,1991.38,670.69,24583.13,97907.71,14,14.54,19.8,49.55
68,64625.23,2877.71,698.32,17059.86,263026.84,45,14.23,18.96,54.8
50,62116.47,2583.81,677.0,46861.59,194517.44,25,12.4,20.08,23.93
23,91219.8,2736.76,780.03,85648.97,395794.56,5,10.28,5.9,44.53
44,42445.66,1302.65,597.94,20488.61,67288.64,22,17.49,23.82,67.32
40,99751.54,2180.86,748.21,90415.06,263040.03,17,27.29,26.59,63.79
44,49301.7,1376.84,712.89,24677.14,51638.92,25,10.8,10.96,44.81
51,35878.98,1580.87,617.34,16350.05,76267.6,27,7.24,6.33,21.14
63,56095.53,2060.47,680.58,40715.19,182812.57,39,12.5,9.13,22.57
55,118322.5,1525.88,845.22,142321.42,186695.87,37,23.28,23.97,29.88
31,76113.69,1247.01,750.76,70003.97,258520.27,10,15.08,15.91,37.45
53,70853.35,3067.5,704.47,17601.83,260258.49,24,14.47,6.04,36.61
25,74313.36,3031.29,654.67,37360.33,49415.25,4,17.02,15.41,64.82
52,46147.32,1324.68,614.39,19917.14,64381.46,30,15.12,13.45,30.75
36,65868.8,2178.01,724.5,40297.36,154859.26,18,18.43,23.81,42.23
47,60045.04,1330.29,653.42,5110.17,115444.06,29,14.53,16.91,55.08
31,92563.2,3603.27,695.22,33559.94,60661.64,7,17.69,15.27,53.39
37,58043.62,1892.84,660.93,57657.63,154710.8,11,6.19,5.38,51.54
66,53191.02,1896.84,581.69,48304.8,122973.66,45,20.0,20.34,47.02
42,39033.61,1000.0,603.22,6697.0,155928.85,23,15.17,12.44,63.21
57,62520.26,1678.54,740.9,18198.02,245545.89,34,23.81,14.4,58.1
41,65273.13,1267.78,638.59,53187.6,112807.49,18,19.08,20.12,37.88
31,38371.41,1692.25,644.27,6744.73,38808.98,12,13.47,14.04,42.49
43,68156.94,3002.44,781.64,15723.02,65425.19,17,9.39,10.65,49.23
55,64197.23,2552.38,749.88,50945.79,106595.92,34,8.25,11.13,45.35
40,78242.02,3418.02,724.48,64447.32,253224.37,16,23.07,23.88,65.26
39,81822.63,2837.41,704.28,57286.14,338537.09,16,20.99,13.14,66.47
65,61697.03,1253.79,692.96,50693.81,76943.44,37,23.5,17.32,61.95
36,41345.43,1564.53,632.53,31957.2,56715.09,8,18.79,25.53,50.5
63,45048.81,1051.55,676.62,29586.99,50010.61,43,12.65,19.42,58.37
68,91718.3,2493.15,777.46,52688.59,232852.58,43,7.67,20.55,57.24
20,62978.81,1363.18,707.06,21973.69,204559.81,0,19.32,22.49,56.61
59,91430.77,2433.95,733.39,113122.87,303099.66,33,14.06,18.37,26.93
36,68974.89,2424.05,740.21,47164.84,244651.64,16,15.98,15.75,38.56
26,73567.24,1190.83,663.28,34272.83,265895.6,8,19.42,11.11,47.62
45,76897.03,1230.88,702.45,38102.14,216120.37,26,14.54,18.58,43.75
37,37983.5,1340.53,640.99,22853.48,50459.65,8,9.67,11.37,39.18
62,65525.11,2521.8,754.67,19525.66,72797.81,34,15.02,7.04,41.95
24,37734.02,1165.31,643.98,39399.21,74282.08,0,3.54,10.38,53.78
31,54871.58,1018.13,663.16,62804.34,132618.22,13,10.32,17.83,52.24
26,71523.05,1921.01,713.53,23422.2,87620.72,0,11.91,9.32,44.62
36,41543.99,1569.22,583.78,15585.28,22974.79,14,12.98,12.22,55.62
64,70068.07,2477.45,693.58,12346.77,137696.15,37,12.27,15.43,51.77
69,33029.36,1000.0,512.88,12704.48,1000.0,45,10.72,8.06,49.18
31,80579.76,3610.37,816.39,62335.81,302643.13,11,15.83,15.35,52.26
55,48040.13,1000.0,743.85,5282.88,192015.14,30,25.44,23.95,55.6
53,41511.89,1000.0,537.11,37083.41,72009.88,26,18.0,21.61,48.93
57,34163.59,1000.0,537.95,18296.23,9162.21,35,12.81,13.92,42.79
34,49571.63,1160.38,710.02,53249.14,159044.81,13,17.2,19.68,59.44
47,25662.99,1162.52,541.68,12507.08,102694.09,25,17.17,15.99,60.99
26,50128.82,1000.0,712.72,8467.82,134397.02,0,16.45,17.24,42.99
50,79790.77,1812.42,773.3,54459.03,109441.7,27,12.81,15.75,75.56
69,56603.19,1429.65,655.37,34959.08,211027.95,40,14.98,3.14,32.63
42,38804.66,1123.34,658.93,16084.32,123598.99,18,9.0,7.93,46.54
31,64072.74,1000.0,690.57,26354.99,201921.24,5,14.76,21.0,58.59
28,62482.12,1000.0,685.01,79501.86,121454.88,10,15.45,5.69,55.18
52,95218.98,2008.52,809.44,17866.58,195497.7,31,24.78,24.32,40.43
58,74232.98,2298.75,758.34,31068.3,120330.06,29,13.45,21.35,49.21
31,65500.77,2495.08,741.61,71192.91,65364.31,2,12.18,19.21,68.28
47,76291.2,2699.43,834.85,28879.06,82326.17,21,14.04,18.99,46.08
58,57581.14,1808.1,689.15,30889.41,57796.49,36,12.71,22.55,29.3
21,58642.56,1509.52,734.11,500.0,56097.3,0,14.27,21.1,35.64
21,89860.93,3731.31,826.51,81112.09,312232.73,0,20.63,17.52,68.44
45,30559.58,1000.0,622.51,26523.32,112429.06,27,9.13,14.98,42.67
25,77423.02,1740.09,708.53,53967.31,284090.2,4,18.32,10.9,53.2
19,58005.75,1941.91,723.38,9291.05,91993.3,0,16.44,21.38,57.48
58,54753.19,1947.6,684.32,18091.65,36876.91,29,18.24,17.42,17.53
63,50047.87,1290.35,592.15,48141.08,100108.07,37,13.95,20.15,58.59
39,62766.13,1000.0,733.91,53693.2,231205.7,21,20.44,20.68,74.01
58,59216.47,1000.0,604.47,54557.68,124906.5,40,17.77,22.42,43.51
33,52535.36,2137.49,686.75,49668.28,91991.1,12,16.87,17.53,50.38
46,47352.16,1000.0,617.21,47656.18,1000.0,26,11.98,12.13,56.33
66,25704.05,1000.0,584.46,2254.71,81287.2,42,13.94,16.3,40.04
65,46971.53,1000.0,578.18,17519.05,114403.68,37,16.46,8.87,59.92
47,50778.69,1022.22,619.76,35759.85,94509.87,27,12.09,12.95,53.96
29,62722.16,1355.5,664.61,50877.66,154424.11,11,22.24,18.34,69.65
52,95335.55,1313.38,779.15,50825.15,282530.12,23,32.65,20.96,41.29
28,48912.79,1000.0,619.98,42215.3,59491.37,0,11.61,9.63,54.69
63,41572.84,1421.1,640.37,22211.18,89525.41,36,11.81,6.78,50.24
67,47139.07,1372.87,662.88,29347.74,50672.36,45,12.49,6.03,53.46
38,62760.21,2452.52,668.19,68371.14,282642.73,11,9.73,8.94,46.66
38,70595.44,1026.56,713.54,28828.39,234126.55,17,12.68,16.4,38.33
22,73110.21,3080.13,743.25,57147.04,211416.7,4,21.6,12.63,37.63
65,74898.74,3423.87,623.69,500.0,68427.16,45,17.08,16.72,40.54
37,77446.15,1008.71,752.24,84686.27,211035.5,8,27.34,25.13,47.76
54,54980.09,2460.62,636.06,14962.0,227541.55,29,14.06,14.28,42.46
20,96956.52,1974.24,671.0,83290.64,302083.18,0,21.78,24.44,53.45
61,53614.17,1907.85,643.21,4254.7,192593.03,36,10.84,28.14,29.82
50,61968.13,1378.76,640.55,39194.41,87275.58,29,15.65,24.21,36.42
26,83324.89,2490.89,728.86,80160.74,127672.03,3,18.77,14.94,48.09
26,70195.65,2071.75,731.6,26791.32,174638.72,6,6.5,4.72,53.5
21,19664.76,1000.0,597.27,500.0,11631.8,0,7.84,8.17,42.22
52,60101.44,2188.79,738.34,53274.08,35154.45,27,19.19,21.02,54.6
34,75515.37,2453.33,787.33,29971.45,155412.23,13,20.46,19.53,73.85
51,35817.53,1054.56,560.81,47267.17,23250.39,31,7.34,10.38,44.96
41,73512.47,3327.27,774.99,35454.7,217183.26,20,15.55,16.37,69.63
49,67022.77,2937.85,646.02,75317.11,213669.43,26,4.85,8.78,58.87
18,81310.57,3605.95,791.54,88261.85,169676.48,0,18.11,19.0,60.95
25,47545.24,1991.07,668.33,10986.77,152287.51,1,21.06,24.43,48.93
62,77926.08,1636.85,741.46,27667.49,161950.12,38,24.31,23.76,47.56
40,62872.95,1519.38,648.74,33005.52,211953.22,11,22.63,15.36,63.92
64,91788.91,1854.3,829.26,117291.78,27827.28,43,21.81,24.9,49.9
57,110148.9,4997.74,785.1,126230.26,433705.84,32,26.81,29.22,75.2
29,87689.95,1542.35,762.05,65894.2,252188.18,5,17.82,16.74,48.96
29,68649.34,1696.81,709.01,17929.4,195810.05,10,14.26,16.52,49.87
63,101778.07,1947.5,728.93,6478.33,177894.21,38,25.88,20.78,73.49
64,70862.6,1413.6,719.29,62242.85,55975.71,38,18.53,14.09,35.77
32,43656.98,1000.0,581.68,52016.49,164269.96,10,5.39,5.5,72.1
58,59293.08,2005.43,742.72,12709.74,205417.53,37,22.01,17.48,24.04
36,73710.1,1108.23,842.8,78036.93,264507.91,15,16.27,23.6,40.91
43,74867.17,2364.63,691.58,1303.27,256375.83,22,14.15,14.54,35.68
69,39745.23,1582.24,601.55,34791.89,95197.54,45,18.87,14.12,27.14
46,40316.42,1534.07,628.44,500.0,18730.14,18,18.25,16.57,42.12
39,53856.42,1000.0,568.84,41600.34,152288.69,18,10.6,15.74,42.86
57,69621.79,2993.11,782.82,74941.53,91163.04,33,16.18,23.59,50.12
38,71926.13,2745.4,701.44,69501.88,78904.69,14,12.65,16.56,24.43
68,62543.49,1000.0,669.64,57874.43,221455.6,45,11.84,13.17,66.14
55,44980.28,1667.83,665.98,18200.94,96355.38,33,1.0,14.33,35.42
37,91264.97,3384.17,777.62,102282.72,172372.65,10,14.06,13.74,52.59
46,40702.95,1182.85,629.51,42449.36,95257.93,21,13.21,12.84,41.01
68,83442.13,1170.92,788.29,21783.71,320678.18,44,4.18,2.16,41.52
21,73298.82,2333.12,714.27,42437.53,216069.76,0,10.47,9.27,54.22
24,83045.98,3157.81,698.58,87078.2,229988.08,1,21.34,14.14,63.05
45,52000.2,1119.52,711.08,18159.86,221845.86,21,8.14,4.17,25.45
45,57432.22,1994.94,645.95,48570.73,166724.63,21,14.96,15.06,70.81
21,60990.77,1481.93,659.09,56749.35,22159.03,0,7.83,8.02,19.7
39,51424.84,1626.49,664.66,32088.11,119080.79,20,17.19,23.05,53.98
29,64054.65,1621.79,633.39,61818.71,79665.37,2,14.78,16.87,55.0
62,88423.61,2000.62,776.04,57684.11,57293.67,43,14.25,18.44,37.86
20,36656.99,1504.05,652.61,8875.15,44084.46,0,1.0,8.07,46.01
39,48170.19,1812.55,715.61,36227.74,45514.95,15,10.35,6.84,50.62
61,46216.58,1109.89,671.96,31296.45,152526.3,34,17.95,16.55,37.59
19,58300.47,1573.4,723.19,50384.62,69935.43,0,23.58,23.62,24.07
41,57560.53,2046.67,643.9,42738.84,114361.44,17,14.66,6.55,43.95
51,73901.66,2921.77,758.85,49530.37,98585.98,29,16.89,7.99,71.64
44,60607.02,2140.12,673.22,64363.46,95391.07,26,12.67,14.81,35.76
58,65451.9,1998.32,748.53,67804.09,54825.9,39,22.69,19.66,43.68
18,67172.06,2976.59,706.13,79758.93,122604.5,0,15.51,1.0,47.56
25,64417.27,2467.49,741.74,49671.86,216348.2,0,20.91,10.66,48.63
40,72659.64,1188.21,725.24,58904.64,70915.77,15,18.51,13.06,32.98
55,57798.18,1797.79,638.86,26792.01,151175.34,28,16.39,18.98,58.23
23,89634.63,2344.11,770.68,86111.45,282498.48,5,13.86,12.22,55.85
39,105749.16,4123.99,802.36,95966.39,57921.45,16,29.49,31.39,52.13
42,72712.16,1017.15,776.51,18953.9,65456.95,16,24.6,18.6,39.25
35,64103.84,1678.93,631.29,52264.44,135834.93,10,27.78,21.67,47.76
34,71242.48,1646.36,638.25,55506.17,288296.75,14,11.63,24.71,55.33
29,40181.4,1000.0,633.69,8423.0,139816.29,8,15.34,19.98,56.36
23,63241.9,1589.07,675.18,51156.07,82698.16,3,12.36,18.93,50.43
43,46836.16,1635.83,588.95,15272.79,55643.26,20,16.9,13.12,56.46
44,69179.58,1698.77,705.96,62340.49,142072.37,18,18.38,16.66,75.21
25,46925.53,1493.81,652.76,12642.77,56617.51,0,12.62,13.98,64.52
36,53794.01,1735.42,716.67,33198.69,161543.3,9,14.24,13.82,34.75
59,26304.52,1000.0,495.54,500.0,86181.97,38,23.08,21.99,70.67
18,38881.58,1172.32,624.99,51753.93,162731.52,0,13.21,15.03,49.62
46,66387.73,1088.73,773.02,31269.09,186006.85,21,5.63,8.0,54.38
62,44360.77,1000.0,704.81,31179.38,56958.5,37,11.76,11.96,41.88
66,79147.93,3100.14,741.6,17056.77,146426.34,37,12.44,20.64,23.87
52,42830.0,1252.59,601.9,46922.79,98813.11,24,9.68,7.45,48.8
57,68158.58,2456.15,692.35,64074.87,188878.47,34,20.36,16.96,65.79
31,46286.24,1457.88,594.54,38451.2,54164.97,6,19.08,11.18,40.92
52,66938.46,1000.0,680.95,13607.28,140052.04,26,12.48,9.14,42.07
65,32373.83,1263.89,600.64,13233.95,83381.16,45,10.48,9.96,69.0
62,51842.71,1000.0,676.7,44701.04,100898.55,36,11.69,13.73,60.79
37,44768.16,1967.07,672.71,55264.97,97270.99,18,22.07,24.63,64.0
66,75898.19,1493.62,722.72,33476.56,239400.01,45,22.19,24.82,57.13
30,68320.72,2020.94,696.66,3796.9,78636.16,5,20.22,25.92,57.13
55,37813.63,1000.0,652.88,41653.2,60555.41,30,8.62,6.07,34.62
66,56342.75,2385.05,653.59,23985.08,241296.71,38,7.09,5.69,36.69
63,46098.28,2082.01,669.74,17782.84,144962.01,42,20.76,14.07,64.68
66,77104.63,1339.8,656.98,61551.43,127076.02,41,27.31,33.02,49.09
25,82887.43,1853.33,769.68,54284.51,190365.47,1,9.51,14.44,28.71
60,34050.39,1000.0,697.25,43391.13,56217.0,41,24.61,26.64,52.07
37,74880.65,2900.29,682.95,19439.49,25005.19,15,16.96,11.1,27.67
50,45180.67,1033.83,700.03,34733.31,99101.58,23,15.36,15.71,40.2
43,55447.5,1781.41,697.57,36974.18,185577.32,22,8.96,14.06,26.2
56,60580.58,1000.0,721.1,29778.34,124225.43,36,7.18,2.91,44.39
38,92698.91,3369.48,808.23,65992.04,250079.01,20,7.95,8.09,50.45
66,41930.7,1264.08,597.21,41439.01,78709.83,44,19.35,20.72,65.6
59,75025.5,2750.89,666.42,89534.06,136092.95,32,17.09,6.1,54.93
60,38912.92,1510.55,638.09,35078.74,118750.8,35,16.2,23.76,41.63
58,37669.32,1000.0,607.48,3857.1,54044.47,29,19.43,21.94,38.12
26,60512.34,1922.46,618.89,28010.06,81607.92,0,15.57,10.18,57.72
41,60391.13,2063.25,660.75,65067.44,1000.0,17,24.49,21.9,33.35
54,15000.0,1000.0,497.57,15442.09,24506.19,25,7.37,12.54,63.03
66,80872.73,1502.64,828.92,32936.67,222408.56,38,16.0,16.85,51.61
58,21495.95,1000.0,602.37,12862.99,62722.19,40,7.64,10.05,30.28
34,57373.13,2624.74,628.11,41883.46,136624.06,16,19.91,18.37,43.1
41,83897.08,3759.34,774.26,96155.45,205769.18,23,23.96,25.65,47.1
38,99765.31,3832.75,747.16,58900.8,246937.54,19,17.71,21.48,50.3
68,53465.1,1413.45,578.59,57916.67,34804.52,45,8.38,14.36,46.76
56,34206.92,1000.0,571.19,20886.52,137678.9,35,19.57,22.23,46.19
58,83229.87,1230.54,742.91,25743.72,201885.09,31,13.92,17.15,50.78
56,75572.82,1993.32,743.94,33887.23,25345.22,30,15.54,18.84,42.19
30,51198.14,1000.0,692.74,32904.71,37049.59,1,9.75,20.23,66.72
28,48916.73,1026.17,630.65,15523.67,125350.16,7,16.33,15.87,61.51
63,47086.94,1988.46,671.58,47882.92,67178.16,42,10.86,4.11,58.01
36,53797.44,2409.27,589.5,55651.66,223999.26,12,18.89,24.43,56.52
28,65689.23,2898.12,763.05,36389.15,153473.13,0,13.77,16.9,65.35
30,49811.74,1000.0,579.12,46670.06,211735.27,4,17.67,20.01,27.09
63,52087.56,2215.27,634.04,36279.83,151520.15,39,10.59,8.07,44.57
62,71543.02,1231.75,682.93,49055.55,247128.79,44,23.29,12.99,68.09
18,33316.55,1000.0,535.27,17116.18,36448.99,0,10.83,14.0,63.74
57,53233.16,1807.56,674.6,37606.62,73328.63,36,15.77,14.74,55.12
61,29833.06,1000.0,666.32,26840.82,93721.9,40,7.04,9.84,35.35
36,61951.42,2739.98,604.23,11969.11,88852.2,18,16.11,13.66,59.27
29,25090.7,1000.0,472.12,22525.53,90161.41,6,6.76,10.01,54.09
25,76020.18,2286.63,688.7,40280.2,152083.75,0,17.38,13.8,37.54
25,36336.53,1000.0,598.43,33982.9,93054.48,6,8.83,18.67,62.35
62,28093.59,1149.24,618.78,9112.27,91490.63,34,12.03,12.45,43.35
29,53454.96,1404.73,638.77,23210.62,83101.74,7,17.68,21.67,40.88
65,90799.93,3255.27,689.45,16074.19,321506.09,40,12.22,15.93,30.45
50,72801.46,2565.63,776.14,28143.56,31494.29,30,17.06,23.43,43.11
62,25398.35,1000.0,535.03,11679.27,115322.42,36,14.58,16.1,49.65
43,35823.75,1053.14,635.85,34190.7,124515.0,19,15.6,20.52,44.43
56,52879.19,1150.16,607.42,10816.16,28447.5,30,24.88,26.02,40.76
45,100290.36,3343.33,792.62,86747.26,70941.84,27,16.31,24.17,41.51
22,43098.83,1920.47,645.31,4609.43,59326.34,0,14.3,18.56,54.62
25,43244.07,1742.66,591.21,28772.66,80559.19,0,23.06,17.26,66.92
42,87493.73,1410.89,781.6,82387.85,77706.1,22,11.88,12.4,49.19
44,63508.33,1000.0,674.39,28596.97,97735.56,23,4.86,2.32,66.65
63,78954.0,2300.12,716.31,30495.53,166940.51,42,20.57,17.85,38.03
40,46912.21,1799.6,708.62,19673.39,42755.87,12,19.91,12.04,44.24
47,58170.55,1335.79,690.49,59288.06,278048.46,18,5.27,12.45,51.76
62,83681.37,3002.04,773.03,46751.26,245129.55,38,16.77,7.75,45.44
64,57392.86,2500.27,705.32,53663.73,17277.04,37,10.65,7.12,58.32
40,80214.96,2229.93,766.56,24944.11,191116.6,12,19.57,20.3,35.52
66,66970.81,1382.19,716.97,39075.79,201745.74,41,16.53,20.58,50.19
64,41286.68,1779.12,679.68,33413.85,29393.92,36,20.67,9.42,56.94
37,59706.29,1686.23,636.94,10743.56,157787.75,10,9.25,13.34,26.4
35,77664.91,2026.64,739.66,78704.15,221914.58,13,19.7,22.01,36.85
35,72049.49,1749.27,702.21,86021.87,255639.78,6,20.31,10.81,45.43
19,59275.45,1576.76,684.17,24392.7,177737.79,0,16.18,7.36,37.38
21,25949.14,1000.0,546.42,23281.55,52058.2,0,2.56,6.85,46.81
47,27672.15,1000.0,510.0,20595.27,35401.06,27,14.84,17.74,57.1
50,31500.5,1000.0,630.51,44381.81,66279.78,30,9.5,9.32,39.9
53,50812.04,1894.68,761.01,18668.58,162635.55,33,6.36,10.49,53.49
35,53211.88,1025.16,708.07,59872.33,56271.51,6,17.17,17.05,39.26
54,33442.59,1000.0,639.35,16390.33,84251.96,33,17.18,27.02,39.31
36,78405.23,2800.2,746.69,73794.68,165612.97,13,14.76,4.13,42.3
64,37252.16,1541.87,604.79,28794.93,44021.68,42,17.89,15.18,45.04
45,35329.94,1000.0,601.69,9937.65,61910.81,20,17.75,15.48,30.58
57,61588.24,1162.22,679.9,37716.63,82810.63,28,16.07,7.69,30.4
37,77530.29,2701.43,703.44,85484.49,199308.52,15,20.73,21.3,33.5
66,96987.38,3219.34,716.5,48319.38,180236.59,38,24.58,19.39,52.75
50,70485.81,1931.9,720.41,86461.69,130016.48,21,19.67,14.31,54.41
29,88436.93,1388.05,752.77,91370.87,108894.56,7,7.41,3.93,11.34
68,38182.98,1000.0,665.82,27852.65,139883.24,41,1.22,6.34,60.0
32,98875.31,3797.94,829.9,82400.01,273858.63,13,25.22,25.08,31.81
58,26493.28,1000.0,488.06,30298.23,58321.58,29,9.21,10.56,55.82
56,50930.89,2093.2,729.91,36191.58,28442.67,28,12.61,18.38,59.31
19,70091.75,2218.95,687.05,20073.37,226133.26,0,26.46,25.39,71.4
46,31106.09,1030.38,577.07,21817.72,150189.93,24,9.44,20.66,39.08
58,43313.1,1890.18,554.46,19743.53,62450.3,29,13.64,9.09,48.07
27,40453.39,1000.0,633.35,48268.5,97623.01,3,14.11,7.78,49.37
19,54416.02,1665.17,681.75,13254.52,133649.02,0,14.38,18.08,74.55
68,85588.49,1235.72,833.89,99578.3,38143.96,45,25.28,21.33,46.73
28,60302.85,1475.26,719.2,36167.47,190899.14,4,14.16,8.22,68.12
30,51664.85,1000.0,632.33,18379.96,109386.6,8,18.76,13.19,40.84
27,15000.0,1000.0,465.22,23787.06,22393.23,1,11.85,17.03,43.22
31,68401.59,2986.4,679.28,29029.44,93415.08,10,21.67,24.91,50.4
35,74220.28,2438.59,769.64,30594.64,178565.15,8,10.56,16.25,49.2
68,29399.64,1241.8,570.31,6822.72,3256.35,45,1.67,6.67,39.82
26,58794.5,1604.15,627.16,25754.99,86951.38,1,16.03,15.07,45.39
56,63474.15,2057.92,698.04,18897.07,55599.05,31,12.11,12.56,21.11
45,77362.83,1049.8,717.03,48023.84,205439.01,21,25.06,23.82,38.11
20,46954.17,1321.76,620.32,40864.5,70523.82,0,14.28,15.85,59.33
37,44243.51,1384.91,599.06,41725.27,79243.03,18,15.52,10.96,61.2
23,51783.05,1000.0,660.25,22976.94,66211.23,3,13.64,19.63,48.61
44,83119.87,3226.41,795.52,48276.57,272917.57,18,15.06,15.77,39.7
19,78789.22,1760.74,759.51,46195.65,170995.2,1,18.17,6.65,34.2
46,59615.78,1644.38,592.12,31159.22,102893.01,21,21.04,13.46,68.15
55,78355.98,2378.44,804.87,38703.31,194470.1,30,16.27,14.32,54.74
20,17363.56,1000.0,585.9,19415.62,55914.91,0,9.82,12.93,36.17
33,74249.78,1173.6,736.42,57006.84,233288.53,5,21.45,20.05,57.65
47,39862.21,1236.1,638.69,45825.45,1000.0,25,5.56,5.41,46.04
57,91806.44,2771.31,801.73,95067.82,132391.78,36,25.12,28.76,63.95
19,40843.6,1000.0,640.04,14040.98,91267.07,0,10.05,15.79,53.2
34,44650.28,1501.65,590.69,45342.41,33950.4,7,19.19,18.26,51.5
58,70123.63,1547.05,733.21,71713.3,88603.19,31,18.48,10.12,56.08
29,71861.17,1146.83,722.92,34053.43,225611.69,2,6.77,8.21,60.13
52,51966.02,1000.0,674.71,59855.1,104525.88,29,15.26,13.79,48.42
60,66685.27,2664.31,671.44,58848.66,85810.43,31,23.24,12.86,36.85
18,68916.84,1100.66,755.88,16708.75,169862.61,0,15.37,18.37,60.39
62,67076.06,1882.44,675.99,44410.2,50551.84,44,15.65,16.89,54.43
32,52718.01,1002.12,655.98,17327.54,135765.73,10,11.43,8.16,53.58
43,69093.8,1237.52,684.43,47157.28,267299.36,22,22.89,22.26,57.73
54,85314.67,1651.44,711.05,97140.37,221200.06,33,16.22,21.24,42.25
38,37941.21,1097.49,646.03,53792.61,120026.44,14,22.75,23.48,55.01
66,44878.92,1000.0,612.09,60885.76,85871.0,40,20.26,16.26,59.73
48,60490.6,1000.0,688.06,20565.17,211474.29,23,22.71,32.88,57.0
42,40987.97,1607.28,560.42,46957.59,93191.23,14,14.5,17.33,60.86
40,27538.73,1000.0,500.81,18161.49,71238.02,11,10.32,9.1,59.25
41,79676.21,1412.54,816.9,85388.56,245511.52,16,20.36,27.4,73.86
55,19881.81,1000.0,631.04,5739.92,59059.63,33,19.75,9.84,63.35
45,52757.11,1000.0,631.07,31085.76,77090.57,22,24.14,16.07,46.38
38,73661.0,2345.93,741.48,30939.46,214118.67,19,8.08,8.19,42.17
60,64800.6,1545.07,674.34,14919.21,123267.99,32,30.0,30.87,31.0
35,53029.51,1000.0,689.13,5562.14,109608.87,15,16.56,13.28,41.75
53,40246.09,1000.0,572.06,16670.0,152277.92,31,17.92,16.91,54.97
52,66189.62,1590.1,645.58,29953.35,198937.32,33,12.14,8.9,58.0
62,42208.9,1662.2,627.6,26821.89,117281.54,42,9.4,15.09,33.25
26,64786.79,1185.07,711.56,23358.41,198341.07,5,9.28,13.88,59.59
55,62536.52,1010.31,656.19,80434.24,233004.92,32,24.77,15.08,53.48
47,62718.59,1862.61,629.45,17615.45,224007.34,25,12.83,13.75,61.82
61,48474.26,1508.68,702.05,27408.65,13640.82,34,14.39,16.33,60.81
51,96630.16,1498.54,769.0,55769.25,65272.72,30,18.16,16.77,54.41
49,66447.72,1460.71,678.91,13160.4,187402.62,30,11.54,12.73,43.32
20,54983.24,1168.88,720.42,57058.0,230793.49,0,14.5,11.7,56.51
20,64756.87,1211.43,795.14,37332.5,118275.35,0,16.92,20.99,65.63
45,46059.69,1060.35,652.92,12506.08,117802.46,23,20.85,15.78,66.54
61,53046.52,1000.0,698.72,56097.89,190427.38,39,10.01,16.72,41.47
32,103054.56,3526.35,757.95,57218.46,262400.56,4,17.39,17.16,67.84
58,46187.15,2099.19,671.45,52070.42,170924.05,34,17.37,14.68,46.55
40,58600.09,1971.01,714.25,52481.85,196949.19,22,16.09,15.96,82.23
57,51790.11,1270.72,612.29,52128.81,115633.1,36,15.5,16.27,41.64
28,41286.59,1435.27,599.8,22907.88,118865.1,0,9.27,9.76,39.32
65,67579.53,2132.17,757.78,31658.91,78561.94,43,20.65,17.56,59.26
49,60656.5,2470.25,669.54,32275.22,238986.63,24,23.13,16.18,61.27
53,76398.49,2538.66,793.28,50866.91,145968.15,24,24.25,29.16,37.63
50,74590.4,2508.91,724.64,14681.22,40008.62,21,16.49,12.49,48.25
41,76212.74,1515.78,727.32,29948.38,116118.67,16,4.71,2.21,52.87
56,43472.34,1145.68,674.35,31970.39,144379.59,38,15.52,18.02,48.33
51,71537.29,1715.5,806.98,8434.31,73536.38,29,17.66,7.92,60.82
45,71974.89,1000.0,745.61,102936.32,224008.92,18,12.11,13.61,53.1
54,41620.87,1000.0,632.73,40291.21,59438.42,36,10.05,6.47,55.95
24,54264.91,1557.52,719.79,15468.64,135630.11,6,10.45,14.52,53.65
21,33789.98,1098.0,661.48,24343.85,19669.01,2,14.75,14.37,64.94
54,72053.21,3145.29,740.22,79393.77,50015.38,35,13.09,9.73,59.53
18,71970.4,1473.27,732.94,43026.9,55847.11,0,18.02,16.75,56.74
18,85746.53,1507.51,788.8,25607.47,215979.32,0,30.46,28.51,59.3
64,55881.63,2318.05,603.29,21646.73,111887.51,44,14.66,13.02,42.14
37,68126.45,2990.4,657.27,77366.49,105864.76,9,11.01,10.86,45.69
36,77779.23,2237.33,744.17,18680.25,56656.04,18,10.51,17.0,52.66
46,46429.95,1000.0,604.63,47811.05,52027.57,17,16.29,18.48,58.46
27,43692.63,1253.09,632.71,44153.26,113443.79,8,24.38,19.7,69.73
35,46988.07,1000.0,650.12,43843.59,67488.45,12,10.19,12.54,28.41
45,53712.68,2252.68,616.95,38331.3,79981.21,19,4.6,6.62,17.62
52,44330.02,1600.54,659.83,15619.48,91586.0,30,22.97,26.26,49.67
60,47763.1,1000.0,557.65,11747.27,128779.56,39,27.36,15.63,53.56
64,75856.47,3190.25,713.09,39763.27,102812.59,42,21.37,22.7,25.58
48,58265.76,1967.25,605.82,48095.04,132759.42,22,17.98,20.0,52.7
44,65520.57,2900.95,682.06,53962.98,225983.28,15,16.89,13.15,36.74
28,50087.1,2263.07,693.29,37755.02,141802.32,4,18.41,13.36,54.79
66,48905.42,1000.0,613.33,32960.94,146802.31,41,18.06,23.42,24.32
66,65140.01,1075.28,604.36,29328.38,94721.12,45,17.93,16.49,40.61
55,62269.12,1913.58,676.27,63160.12,94098.18,27,11.47,20.21,49.5
22,74003.76,3282.94,684.64,85073.69,335671.58,0,18.79,13.07,61.15
25,83428.67,3807.78,750.36,41521.94,264800.83,2,17.85,17.06,54.68
51,47554.58,1493.86,632.06,24118.26,68687.11,29,10.75,9.68,33.62
65,75501.32,1381.17,734.4,43853.79,25930.62,36,18.93,16.13,52.46
69,40563.49,1000.0,674.46,19474.27,46535.05,45,11.63,14.85,34.04
29,97328.02,3694.76,775.02,94441.42,386969.59,6,20.07,15.29,59.17
55,45846.53,1477.69,641.43,52053.09,121423.96,35,16.87,15.93,68.58
18,72431.35,2230.34,702.76,56034.47,256103.38,0,20.23,15.37,51.65
48,40429.67,1133.06,666.74,44745.91,92309.4,22,11.74,16.24,72.52
21,57262.36,2099.88,678.85,43440.65,226887.84,0,17.98,27.19,61.4
66,87823.2,3609.69,786.85,60643.59,56779.19,37,22.2,27.02,46.06
62,45281.33,1023.29,670.05,43183.35,75444.28,41,19.4,13.76,71.22
67,99675.35,1979.94,711.53,36262.79,180281.57,43,21.49,17.66,48.57
22,59905.04,2087.09,715.13,5140.14,268073.1,0,19.02,18.05,43.82
47,77562.83,3334.51,749.81,60766.05,141766.03,19,15.65,5.75,41.83
41,67253.0,1621.15,671.41,29104.58,129094.85,22,29.61,25.46,56.65
20,68226.72,1472.44,762.66,15581.44,195898.44,0,16.5,18.93,45.28
28,34329.95,1000.0,647.41,41013.22,109206.05,4,19.04,18.24,49.09
62,51488.65,1080.39,645.92,64489.94,183679.65,37,12.72,13.41,38.57
21,81527.58,1385.79,651.44,67921.59,151263.52,0,20.03,15.73,61.74
43,53802.22,1742.79,658.82,56400.61,187288.45,18,17.07,15.21,74.18
44,62498.98,1366.28,642.56,54752.29,197966.6,20,18.89,15.84,49.42
63,32146.4,1060.77,497.65,11299.45,97638.23,44,8.97,6.08,33.42
60,50323.62,1000.0,677.14,30290.12,165724.45,37,16.98,21.52,46.94
44,80214.71,1311.39,809.36,34464.15,100758.69,18,15.61,23.82,37.96
59,36912.67,1121.09,606.51,55916.24,94590.97,30,17.79,14.39,85.88
68,72907.42,2154.49,730.39,61405.19,163487.19,45,12.9,8.96,58.02
67,63200.01,1361.98,750.02,8919.43,210355.16,45,17.85,13.71,65.73
23,55752.8,2234.07,675.26,4330.05,95314.21,0,15.43,10.92,62.82
32,54961.36,1029.7,637.47,11445.08,59791.1,12,24.77,19.98,40.88
47,51161.47,1254.58,553.19,32113.35,158431.27,25,20.71,20.82,56.23
59,52764.52,1636.6,694.97,11551.21,150573.86,41,22.14,26.51,55.03
54,76735.32,3177.38,749.01,38657.91,279867.52,27,13.82,6.72,60.51
54,52223.21,1381.39,698.41,32868.06,211324.72,34,13.31,19.04,51.58
59,92536.63,2386.21,667.46,46387.84,68966.29,34,19.23,18.45,38.91
54,65391.59,2080.62,789.62,48952.8,264118.58,28,22.26,9.94,75.51
52,49627.29,1144.23,613.3,49811.12,120255.12,26,16.84,10.5,59.2
40,77520.59,2801.52,781.73,82905.66,187798.73,13,14.01,17.34,45.72
23,71230.13,1480.86,628.2,39099.12,287559.55,4,13.59,10.22,52.05
21,30224.82,1207.18,555.81,32890.02,45678.67,0,18.98,16.35,60.48
35,41379.52,1000.0,599.65,36928.57,118214.05,13,16.18,15.68,47.35
26,57922.43,2640.69,627.78,54251.14,79775.76,6,16.05,22.15,54.06
66,31495.06,1000.0,557.46,24619.21,118851.2,38,13.0,7.72,49.39
46,97629.54,4080.35,850.0,72758.64,104509.2,28,24.24,25.18,50.74
30,74800.18,1925.75,709.12,82814.49,74813.69,7,12.21,19.91,59.18
64,59760.01,1237.14,775.09,5287.17,198981.89,37,16.24,11.48,43.24
69,53831.28,1078.71,708.99,29400.31,132031.74,45,15.94,20.06,38.66
34,49206.05,2009.56,557.41,10182.72,46042.37,8,8.69,8.46,60.39
62,24647.42,1000.0,558.54,9813.06,54849.05,44,11.43,9.54,52.99
49,28808.27,1000.0,569.05,15209.02,103015.8,21,24.31,20.37,52.15
65,94220.17,1796.44,740.06,45131.03,246589.99,39,15.25,16.82,38.57
39,88324.79,3934.35,819.87,45036.88,234266.59,15,19.46,14.89,62.24
21,49636.0,1025.39,687.7,23899.36,189055.89,0,4.58,12.78,48.09
22,76343.98,1583.99,826.1,19523.39,193516.39,0,16.94,14.68,50.7
54,69115.57,3038.55,686.72,28068.55,131855.74,35,11.54,2.9,39.62
58,71237.18,3029.71,733.44,54647.97,27007.37,35,15.36,15.4,33.2
66,34346.8,1000.0,587.18,28813.31,104333.56,41,15.57,9.5,58.51
30,27452.8,1134.46,564.44,24148.81,105281.99,11,7.12,8.67,37.92
51,81286.7,1692.99,780.36,13691.03,37299.9,29,19.33,20.38,33.66
62,24372.63,1000.0,672.17,13124.53,58324.63,33,8.54,7.69,43.05
39,57332.52,2284.44,716.31,69088.67,113935.01,11,9.06,2.75,51.29
40,53381.36,2040.16,699.64,27289.84,181901.58,17,20.25,14.15,70.27
68,51717.28,1154.45,652.5,26491.27,101646.84,45,10.36,18.75,47.72
20,65660.11,1018.04,735.13,34770.38,171217.51,0,14.45,16.06,28.51
59,47803.34,1000.0,696.42,34218.2,147876.12,40,11.93,17.64,34.17
51,67123.24,2564.23,662.73,64889.31,214271.51,23,17.8,25.78,67.77
49,62540.8,2792.96,689.49,27901.19,145593.74,26,16.42,26.8,48.93
62,97777.18,2066.36,778.74,100161.9,50865.62,42,18.95,19.33,35.49
68,35062.63,1394.63,576.73,42546.21,167164.21,45,9.96,10.56,27.68
66,60526.84,1216.45,725.82,54322.08,53188.46,45,14.73,12.18,53.14
38,67764.21,2382.14,692.7,39467.66,177316.96,13,18.25,18.28,40.57
63,55384.75,1000.0,687.49,27188.38,29927.01,45,16.13,18.6,45.81
61,35932.65,1150.2,629.51,27035.19,32488.33,32,19.2,21.96,43.87
38,82627.85,1774.27,735.75,20348.53,222149.69,16,22.08,15.38,74.28
61,66064.82,2864.67,632.7,86062.23,154087.32,33,22.14,15.49,36.68
28,37195.86,1000.0,595.81,54380.33,147041.62,5,20.49,18.14,70.74
56,67896.02,1750.45,727.46,41333.52,211428.25,28,17.73,17.42,75.64
21,90628.19,3672.49,785.49,70665.62,324510.05,0,23.33,29.41,43.59
68,59346.31,1608.83,590.25,19276.55,160600.81,39,17.61,5.53,29.69
18,59960.17,1226.01,716.39,29696.85,45116.99,0,22.63,17.81,60.04
45,88224.09,2713.02,739.76,73747.17,176538.06,21,10.05,16.26,48.08
41,42533.09,1722.58,653.37,500.0,135098.57,22,12.68,8.87,65.17
52,91095.94,2454.06,809.96,36658.36,60933.29,28,21.16,19.71,36.35
30,77512.4,1312.26,753.7,29312.47,245381.2,11,20.6,24.22,56.43
64,43364.06,1095.79,714.79,26798.2,149998.0,42,14.25,18.29,51.44
51,47971.16,2125.88,688.89,20244.91,128017.18,27,6.48,12.95,46.34
28,50553.37,1000.0,631.25,51852.87,118395.25,0,14.17,13.9,46.61
53,26995.84,1000.0,565.17,22980.06,125788.96,25,16.78,17.35,48.2
68,64688.49,2205.94,690.68,24086.4,59800.74,45,14.89,16.26,82.93
34,44178.95,1000.0,616.72,18438.59,73185.66,6,14.88,12.76,30.48
52,65337.92,1568.01,712.64,19498.18,130096.19,31,26.12,27.45,80.04
35,36763.02,1612.15,559.27,8577.64,79480.09,17,12.74,7.38,43.92
57,76614.24,1035.92,792.04,76728.76,272675.66,37,16.87,13.48,34.48
39,73277.27,2752.15,721.7,74986.32,34591.42,13,18.3,22.01,38.56
41,47294.18,1917.58,702.77,47713.28,171387.98,14,15.92,6.27,48.56
36,66473.68,1444.83,646.16,19652.57,138933.56,14,17.32,17.84,53.14
54,61492.57,1208.77,631.38,69246.69,85832.95,29,18.12,23.19,50.09
56,86681.39,3726.78,808.62,67172.13,182842.04,37,12.72,10.08,41.98
38,41415.38,1572.41,595.12,25362.01,83665.66,18,13.54,16.54,69.12
25,57258.64,1000.0,626.92,36969.69,118082.81,1,9.58,12.33,36.45
45,48467.69,1000.0,697.79,30061.5,86690.66,18,15.13,18.87,44.93
22,60806.73,2019.5,645.88,67170.74,162744.25,1,19.1,18.44,53.98
34,69598.92,1843.02,707.95,61426.29,108342.0,8,16.27,22.12,50.87
54,48267.47,1414.52,620.44,57330.7,161504.06,30,10.09,13.93,32.61
53,53446.09,2363.28,694.43,18217.23,164413.44,25,13.19,18.55,48.5
36,77388.73,2051.41,742.36,43189.01,245373.89,7,26.74,27.77,59.99
44,84431.84,3536.8,794.3,95528.5,31245.6,26,25.69,29.77,58.59
51,68883.29,2378.18,652.7,55061.91,32300.28,30,14.18,10.09,53.23
28,57516.66,1000.0,683.4,53293.32,242904.18,1,13.02,7.91,42.14
62,55804.26,2082.44,671.53,29594.92,105542.39,34,15.04,20.74,33.38
64,69866.27,2084.83,675.9,55144.63,251181.16,41,23.19,22.04,38.83
29,64099.81,1282.2,645.69,25010.36,33976.59,6,7.66,19.73,39.12
38,30318.43,1000.0,587.03,500.0,104985.55,11,10.26,1.22,20.31
28,70302.93,2184.86,697.81,40667.78,45201.48,5,19.09,18.01,50.88
56,44509.74,1449.09,686.62,21698.61,88022.93,34,15.93,16.06,46.33
45,34495.14,1544.44,640.65,500.0,96728.18,25,11.31,17.4,35.45
22,29969.79,1228.48,559.03,26623.53,34359.28,3,11.74,22.97,57.32
34,56110.12,1086.37,656.77,31904.74,39088.22,14,17.27,17.12,48.91
37,41702.56,1597.2,649.72,50356.84,124711.78,11,12.12,15.59,54.96
58,18125.49,1000.0,583.94,4652.1,114019.48,38,6.5,1.0,37.27
63,53547.8,1000.0,714.13,24725.88,77928.12,43,14.43,16.53,39.77
29,51169.72,1000.0,650.64,75812.19,192308.8,11,16.06,17.72,61.78
23,57301.78,1856.96,679.07,61286.29,163002.36,4,5.11,5.72,30.37
34,48679.84,1000.0,565.93,42706.3,76464.21,6,16.83,18.27,51.49
68,92927.93,2293.07,728.82,27875.23,143468.41,39,24.16,23.16,54.49
36,69312.07,1427.32,748.94,91985.36,70400.87,16,15.14,23.69,64.04
43,51006.96,1211.27,603.89,44538.26,138618.68,24,13.41,10.58,52.81
65,58854.72,2584.61,601.16,65705.14,97604.58,40,12.19,9.1,32.95
61,85463.57,3909.61,790.98,108093.19,97290.35,38,17.78,13.19,41.65
61,77219.21,2730.27,713.9,60911.95,159186.33,37,14.93,13.27,24.84
69,34868.19,1101.03,568.83,25421.66,68372.55,45,20.72,11.54,39.89
49,42462.77,1533.54,560.83,49361.43,1000.0,26,14.87,14.1,61.49
23,45926.76,1755.4,571.55,38631.18,166927.11,4,3.86,7.87,63.88
53,52085.4,1934.13,636.16,47765.05,184708.79,30,18.06,25.14,46.0
55,49282.38,1000.0,641.49,45458.1,70964.72,35,23.52,20.84,72.86
28,60612.17,1384.57,737.81,16480.08,226663.07,4,18.61,24.35,45.6
50,73242.98,1754.0,713.74,73890.47,264190.11,30,23.27,25.44,54.11
41,76247.89,1891.59,714.31,52411.91,21396.58,15,21.01,20.4,27.19
40,54117.65,1297.59,649.33,3867.96,43354.69,20,20.37,18.54,51.17
32,30575.52,1184.39,490.36,23214.45,119749.61,8,17.77,20.12,53.09
44,41272.62,1544.43,601.77,36079.3,167136.86,15,18.9,21.44,43.13
28,50644.05,1000.0,680.49,17543.45,148489.61,7,16.65,14.01,66.15
68,37589.38,1000.0,616.68,22137.84,4888.75,43,5.18,11.56,20.76
67,80535.46,2680.93,776.52,19549.92,90701.92,45,12.61,13.37,23.53
34,38768.26,1000.0,664.99,14541.88,52558.76,9,8.52,13.69,49.57
68,71107.13,1057.6,639.29,23794.48,58161.05,42,4.48,16.35,14.96
31,29726.15,1192.41,559.91,46839.39,18499.77,6,10.8,10.75,58.45
44,71829.62,1981.74,760.67,47966.94,169361.82,21,24.26,12.06,50.65
35,57493.16,2358.54,677.2,67160.41,132945.23,8,8.57,10.73,56.47
45,87225.55,3484.81,754.95,500.0,180034.8,27,22.36,15.29,53.13
68,39631.87,1675.6,665.41,43513.03,165250.17,44,16.61,17.94,50.21
64,49845.93,1000.0,613.91,12182.05,73548.41,45,16.13,11.26,45.73
64,53332.21,1000.0,627.08,38789.77,92063.03,40,21.25,19.32,63.28
21,57255.0,1280.88,635.89,25406.97,147772.65,2,15.52,24.02,65.87
24,53772.35,1000.0,601.49,32786.11,95780.46,0,22.98,30.25,60.2
62,54119.79,1552.28,652.38,1762.58,125283.75,43,14.41,16.9,50.0
52,53824.87,2106.31,669.59,35035.66,138116.69,32,17.1,12.46,57.47
65,22718.76,1004.31,521.17,23882.96,55698.6,36,11.56,17.46,43.17
26,77880.02,3282.84,728.82,97834.98,231258.09,6,13.17,11.89,55.57
25,111500.46,3093.53,807.6,56222.67,47243.61,7,14.42,7.64,43.83
69,65368.88,2204.0,692.65,17865.94,17550.41,45,19.41,28.36,31.74
62,39556.48,1000.0,683.67,11404.22,66100.58,40,20.69,19.43,47.71
34,41378.3,1073.09,628.01,24329.92,193454.25,7,15.36,18.51,63.15
34,71037.13,2950.84,717.88,28812.13,189226.96,12,19.67,17.14,61.05
66,66938.45,1000.0,792.52,23118.96,171390.17,40,8.92,13.92,30.7
50,54882.78,1660.68,641.82,38071.65,124191.5,27,17.41,13.06,41.05
49,73561.28,3059.65,748.26,34979.79,95636.68,26,6.96,9.29,40.71
25,22850.07,1000.0,544.65,15769.63,94646.73,5,6.31,14.0,31.87
36,73573.12,3329.3,756.08,32502.02,98147.68,14,24.03,20.92,45.24
55,64279.7,1000.0,652.12,44389.34,155498.13,28,16.5,12.33,33.19
20,42072.94,1768.63,611.15,58267.62,114254.24,0,14.74,19.92,48.69
22,34200.17,1000.0,577.35,9552.03,64164.13,2,16.19,14.53,47.27
30,62183.89,1052.34,639.59,18275.91,231641.95,11,20.21,17.24,63.53
64,85330.29,1514.21,660.31,105245.6,55340.57,42,17.18,11.38,50.55
63,55894.32,2005.08,686.02,39109.84,47045.46,43,17.05,24.68,60.24
48,44651.67,1854.12,605.3,32018.35,130931.28,26,14.12,20.2,22.83
33,63443.19,2148.75,678.11,35395.36,224657.7,7,8.68,9.81,35.49
67,92775.69,4031.8,772.5,32188.75,175087.19,39,17.51,12.9,51.11
49,67763.4,2750.02,637.33,86896.54,265500.71,22,18.84,21.58,53.47
39,69709.24,1000.0,691.44,67291.87,235173.23,21,15.05,17.55,46.21
46,82010.38,2855.14,665.63,68033.24,280725.35,25,16.32,14.37,61.2
39,68506.03,1551.97,684.84,73304.66,282417.51,12,20.76,19.07,51.87
60,45942.55,1270.31,705.25,27968.12,125819.72,38,15.4,18.74,74.55
20,28597.83,1000.0,561.59,26188.37,85777.37,1,14.62,16.38,54.07
27,43410.24,1000.0,578.59,65241.16,131488.81,0,6.22,11.2,40.9
59,40114.93,1347.44,598.29,24462.52,72053.21,40,16.25,17.68,66.47
38,71867.55,1421.5,786.18,30683.27,122367.44,20,11.64,16.8,49.2
33,74370.26,2534.88,702.9,23804.37,190407.94,8,17.31,14.33,59.36
29,63160.3,2732.8,619.74,81475.56,176414.18,10,11.0,13.5,38.53
19,37163.54,1000.0,529.34,51162.3,119296.37,0,18.38,14.26,58.81
58,92158.75,3565.84,758.24,43965.87,54498.57,29,28.36,21.61,52.03
41,52508.22,1778.84,694.12,27166.24,166840.73,22,14.51,24.68,57.73
52,70862.66,1000.0,732.43,31788.49,74273.25,31,16.3,9.29,44.54
47,60887.85,2364.82,732.07,39714.32,281867.09,29,21.24,23.21,31.52
47,63755.94,1274.1,719.52,72050.81,1000.0,27,19.24,32.06,59.16
64,70227.31,1500.1,711.19,75011.37,194113.45,42,16.67,25.49,46.92
52,47471.64,1000.0,523.59,51650.08,118471.01,25,16.59,19.43,40.86
36,83497.24,2531.02,812.81,55323.97,250437.2,18,28.5,34.5,57.64
67,31568.9,1000.0,529.15,22862.94,68235.82,45,9.8,13.86,45.85
25,41305.99,1000.0,727.9,39989.01,128743.67,2,11.2,11.36,55.95
43,83263.73,1509.17,715.28,106803.74,32496.22,22,22.3,20.71,57.35
66,70620.09,2855.3,679.22,72072.32,296259.44,42,27.62,28.84,67.93
57,105727.04,4410.15,793.2,118715.19,45147.05,33,21.46,30.41,46.25
24,61230.31,1868.71,684.31,43454.08,228186.64,1,7.58,15.62,61.58
47,90607.73,1870.22,710.14,20532.03,205168.7,21,21.01,19.27,46.72
24,26565.38,1000.0,539.88,19298.81,49910.94,5,10.03,8.83,31.99
20,34556.73,1432.43,645.72,1585.23,86502.84,0,15.84,6.39,68.68
18,76119.46,1195.21,788.71,28583.81,224221.46,0,10.82,11.89,41.49
53,28673.38,1000.0,536.29,500.0,78336.66,28,5.49,3.67,53.92
42,56447.38,1588.8,684.35,40635.95,30400.09,14,14.16,19.55,50.32
54,81009.76,2987.29,719.48,67080.43,305171.41,27,26.36,22.19,55.13
18,69021.08,1915.42,729.66,26214.9,175093.59,0,10.04,16.89,64.76
32,60199.71,1000.0,640.21,28125.86,88211.83,11,14.42,27.63,24.78
54,51916.07,1843.07,688.65,20658.14,104885.9,31,7.87,9.86,54.84
30,63640.07,2158.1,684.92,45131.51,115328.44,2,17.81,18.28,60.45
57,70390.47,2478.99,689.02,75800.24,100713.45,34,18.15,19.52,37.92
25,48103.9,1000.0,642.63,500.0,1000.0,3,7.69,8.97,49.44
22,66691.25,2602.51,765.07,55177.35,235639.74,4,23.11,21.76,66.42
26,79411.75,2261.03,733.98,63454.3,134260.2,6,8.33,9.08,36.6
18,55995.39,1701.05,680.81,38309.03,131236.62,0,23.48,28.23,54.36
53,61226.21,1879.3,687.72,52729.21,103372.78,28,22.99,20.02,64.4
52,68708.02,1515.71,710.36,46285.74,67919.08,33,18.4,11.64,32.63
19,69924.02,1457.06,764.58,14534.13,16996.4,0,21.47,14.22,58.92
57,75812.16,1000.0,764.89,64165.33,250206.97,36,16.69,12.48,51.44
40,41741.25,1073.6,564.02,21799.43,32914.55,12,6.47,7.29,49.07
26,50479.39,1447.25,676.13,11690.83,8504.37,4,16.23,20.74,37.67
51,51146.18,1905.71,725.99,44267.91,8080.7,31,7.26,14.14,44.62
63,43729.58,1000.0,620.71,20678.41,83666.63,41,14.32,19.5,46.43
31,27628.55,1196.31,621.35,16790.98,110876.59,6,6.58,9.69,45.9
21,15000.0,1000.0,420.57,15641.21,66012.06,0,16.38,21.43,63.02
47,81518.15,2015.46,701.08,52343.11,56742.96,28,20.05,17.81,50.92
48,32029.93,1000.0,703.86,23568.7,44394.74,25,16.59,7.44,52.03
55,88197.16,3022.62,798.94,81588.92,272327.97,34,20.52,24.11,33.34
28,73309.37,2648.72,729.75,59683.76,104353.69,2,26.74,20.29,45.61
52,52697.61,2290.22,740.92,26055.43,174296.14,25,20.38,18.18,42.39
25,71095.6,1686.93,663.3,70012.98,97860.05,6,25.63,21.12,49.54
20,67652.4,1426.04,760.07,77276.21,157475.11,0,12.26,16.2,52.12
31,40168.06,1474.28,581.92,49833.66,13028.19,13,11.3,13.71,39.23
30,59730.4,2153.88,683.45,11321.27,240225.48,2,3.86,6.55,32.24
62,42362.9,1852.85,553.97,61105.22,42099.53,39,12.27,21.59,46.89
49,71774.3,1388.4,698.06,78330.4,126796.75,21,17.0,16.45,48.69
51,47126.02,1697.0,700.94,62494.24,136616.45,23,16.88,15.63,52.66
62,58260.67,1000.0,651.81,78272.92,71645.25,33,13.17,18.26,71.72
36,57483.62,1638.99,694.64,32136.44,26952.57,9,19.43,24.44,37.14
55,62188.42,1024.85,664.66,20601.6,9332.62,37,19.55,23.14,49.96
33,89925.99,3081.9,789.16,47282.83,321899.64,14,16.62,13.65,51.13
19,55662.71,1811.76,700.5,66267.11,107852.98,0,10.77,14.38,52.7
57,81922.69,1157.38,715.25,81364.11,153209.65,31,18.52,18.39,74.2
34,68639.95,1589.28,666.98,56946.38,209824.33,12,17.36,16.18,20.58
51,85531.25,2195.4,738.49,97901.39,267323.05,24,15.51,11.19,43.82
59,53908.16,1119.6,642.64,10392.97,190971.56,32,14.09,15.97,46.69
33,72530.45,1000.12,626.51,31321.09,182076.64,4,10.16,17.55,55.3
55,58933.18,1362.97,691.87,6850.32,187960.06,36,19.29,26.65,57.82
19,15000.0,1000.0,562.17,18681.67,17256.1,0,14.97,21.25,32.35
19,40382.82,1000.0,540.3,41544.7,117919.0,0,14.28,12.75,50.61
43,70482.79,1640.77,749.2,65763.68,22841.88,21,20.88,14.95,40.47
30,69292.77,3041.38,689.89,53329.89,69182.05,12,17.59,9.84,56.8
64,36690.41,1000.0,624.84,33167.66,1000.0,44,21.75,25.5,50.91
48,63966.62,2435.61,680.73,25266.9,174373.9,26,9.91,16.05,39.68
51,69058.68,1975.29,721.85,45062.58,241151.13,25,17.91,14.77,70.84
56,59376.02,2611.48,683.4,32713.67,132299.01,29,20.45,15.53,46.22
20,73118.74,1872.99,758.86,23787.24,159514.42,2,24.77,28.68,52.93
25,70666.0,2551.14,712.08,50593.92,139341.3,0,21.03,24.59,43.79
40,59367.42,1000.0,712.03,49268.3,219442.05,22,10.75,18.98,12.35
31,50805.15,2207.95,716.53,11392.29,144564.26,5,6.81,12.57,48.77
44,78765.75,1889.18,732.61,30306.7,179024.1,21,17.03,20.15,39.54
46,68336.92,2047.84,693.16,39607.49,108988.27,28,18.64,7.75,52.78
56,35134.21,1000.0,630.72,1987.83,51353.25,31,18.24,15.89,84.48
56,63976.16,2816.14,599.2,63180.05,40533.7,34,10.92,22.76,48.39
18,39281.56,1372.2,578.51,38201.74,64946.47,0,16.98,14.05,56.31
34,42637.78,1000.0,587.0,29643.89,164027.98,10,1.0,6.79,57.21
58,48265.62,1000.0,669.64,22889.41,42943.74,34,11.13,20.58,61.85
47,60807.72,1570.53,689.18,27694.63,1804.98,24,20.38,23.64,53.54
30,66740.74,1316.51,757.29,39869.87,225541.04,2,10.72,7.68,52.03
38,52639.05,1192.49,712.28,47014.13,181491.92,13,9.75,5.95,41.59
36,53426.71,2444.26,572.03,65797.53,91560.2,10,12.72,21.95,56.3
36,50941.61,1755.19,576.93,16682.43,23329.72,7,15.98,19.89,58.17
42,78855.25,3409.75,738.3,39821.17,84713.23,23,12.31,15.39,49.09
39,15000.0,1000.0,475.39,552.35,19088.71,15,11.34,15.45,34.3
48,54443.81,1969.56,574.58,11118.68,223474.2,29,13.28,12.45,50.42
34,87809.73,2443.13,730.22,51899.17,103703.88,11,24.57,17.75,64.01
40,69310.14,1624.69,614.1,73939.37,214774.86,21,14.51,17.36,38.29
49,82803.25,2468.01,702.17,95752.13,244487.74,22,18.42,14.89,53.13
27,23383.52,1000.0,602.16,13834.08,110135.51,4,13.17,11.26,60.27
27,37639.51,1700.73,591.05,23779.63,1000.0,8,11.67,11.33,54.5
53,69252.87,2011.03,775.16,38233.45,237395.46,35,20.77,23.46,72.07
25,87911.35,3475.76,738.17,30780.97,215284.12,1,23.68,18.06,47.28
69,39457.75,1370.26,643.26,26622.1,50371.36,45,11.5,9.1,31.8
37,53020.29,1510.42,635.24,57332.79,122066.65,8,16.77,11.99,40.11
49,67226.35,1902.84,691.96,52730.03,233300.18,28,12.08,12.69,40.59
67,33855.03,1000.0,583.91,36164.92,30713.13,44,16.2,21.4,38.04
31,69390.44,1114.83,733.2,57571.25,100419.91,9,18.1,16.94,62.31
67,15000.0,1000.0,577.6,12547.78,43970.65,45,9.68,11.79,20.93
45,68860.31,2968.1,799.35,28924.64,239315.08,19,18.54,18.92,42.09
63,42088.47,1000.0,626.93,6909.75,96228.15,40,17.17,15.37,58.85
69,51943.25,2252.04,680.48,22337.86,56352.28,45,21.35,15.39,45.92
41,71733.91,1452.14,669.0,54312.83,58969.14,22,19.16,16.25,36.53
32,68050.54,2053.04,735.1,84741.84,245787.32,9,21.25,17.04,47.77
39,59856.34,1433.8,680.7,60377.16,84537.14,15,25.51,22.41,69.86
47,77442.73,1263.63,612.53,102211.42,225652.83,22,12.57,11.54,45.73
21,29396.83,1000.0,549.1,17660.67,66666.17,0,18.8,19.28,58.05
30,63679.46,1571.5,597.72,56036.01,186702.57,4,11.97,12.82,47.89
40,45776.94,1000.0,604.1,41874.14,183015.59,13,11.01,9.59,67.64
25,76524.57,1222.37,743.37,500.0,35311.82,0,17.59,24.59,49.49
35,72367.21,1247.85,703.66,33474.24,107072.15,6,14.01,17.21,43.53
29,73020.27,1000.0,746.78,18538.68,136230.23,9,13.24,13.22,59.53
48,89616.87,1578.01,663.21,66105.36,146583.89,21,18.66,15.36,57.33
31,80274.26,2548.12,783.95,96056.25,255816.41,7,16.36,21.02,49.89
51,57166.42,2276.22,682.55,21093.89,44686.62,27,12.39,9.33,49.63
35,59977.18,1136.43,623.01,59546.66,166511.06,17,11.23,19.88,57.53
51,70816.89,1076.12,711.33,40768.71,102101.21,26,24.21,14.78,45.3
28,62451.14,2299.27,785.95,77862.57,117713.75,7,10.24,26.01,59.51
58,72693.12,1000.0,784.01,82908.26,11813.08,36,16.43,14.39,48.93
29,19854.23,1000.0,635.05,38209.19,16813.95,6,17.58,10.81,56.14
66,93854.46,1583.38,771.98,35665.55,110129.95,45,23.43,18.06,42.63
32,61098.51,1228.66,734.44,82482.25,111304.09,10,17.28,15.54,52.0
48,30795.62,1000.0,651.35,20157.16,19155.69,21,9.96,9.16,36.34
66,43551.72,1000.0,583.68,48115.79,162361.65,44,14.26,16.76,39.36
46,21672.11,1000.0,623.1,500.0,83807.75,28,6.55,11.01,59.25
43,40375.77,1000.0,669.01,37865.43,132241.84,23,12.61,29.7,35.88
35,57439.53,2621.47,642.04,69464.62,251442.45,15,14.24,15.41,43.39
49,87264.86,2042.28,766.0,85628.45,347183.19,31,17.71,10.77,39.61
39,67392.14,2913.52,763.3,57876.75,84897.65,15,12.8,13.1,53.85
55,64191.49,1209.01,689.97,40510.75,119295.43,37,7.94,11.25,61.83
34,39568.12,1000.0,658.46,18009.74,71098.13,10,20.22,16.6,50.11
40,45159.26,1415.5,614.26,23380.77,89904.76,19,19.66,21.97,27.94
41,46555.3,1000.0,590.39,16407.59,187539.58,15,19.03,22.16,59.85
67,47289.68,1853.76,587.91,51919.85,79840.2,43,16.62,13.46,45.29
25,53672.34,1457.41,648.36,57244.7,159155.58,3,16.22,14.59,58.22
58,55031.8,1970.5,684.82,57872.27,139714.72,34,12.03,3.89,54.38
23,53896.59,1000.0,582.61,18339.85,206967.26,0,12.46,9.37,44.24
22,47916.16,1624.93,730.43,41141.32,91914.54,0,22.07,19.12,42.01
61,62430.96,2016.67,735.34,55259.0,132132.12,38,24.66,22.97,36.59
46,54340.53,2048.02,686.14,36872.39,80275.41,28,14.51,14.48,70.96
45,31279.79,1000.0,630.55,7363.06,97646.73,22,13.15,9.99,42.22
28,60618.87,2643.32,652.71,57755.25,247244.86,10,19.72,24.34,48.23
18,57898.25,2578.98,607.28,34287.36,184292.11,0,16.26,21.42,60.62
60,31566.71,1308.04,613.14,16261.01,30156.23,39,14.0,20.33,45.84
36,49356.57,1558.08,695.06,46493.17,88672.47,11,14.64,23.0,23.2
26,70747.31,1875.48,690.02,85984.49,120273.41,4,12.39,8.75,38.23
44,39543.9,1000.0,576.14,35140.85,113044.81,22,12.09,15.61,50.54
51,37640.78,1658.99,588.53,3576.93,9402.54,24,13.1,18.73,36.09
61,54152.09,2394.93,684.11,24651.9,123231.03,33,2.81,18.33,60.8
21,71212.78,1000.0,740.73,27424.19,128338.03,0,17.56,24.77,38.66
53,92585.9,2258.75,850.0,104032.77,292233.85,28,30.87,25.33,40.95
35,71860.84,3006.27,735.67,33488.56,164597.03,17,15.04,7.58,38.19
32,79526.9,1208.42,701.09,89307.55,177321.16,10,18.12,11.63,58.5
68,66240.56,1262.03,685.34,80295.51,130023.8,39,12.42,17.06,30.11
30,47667.91,2150.9,595.88,38012.06,63493.02,8,9.3,11.82,67.82
36,71730.8,2922.53,765.0,42272.95,240475.97,11,15.62,12.45,65.96
66,58459.06,2508.02,625.19,12029.91,231208.67,45,18.99,8.36,58.56
23,66786.61,1151.3,674.91,76091.19,82934.65,0,15.51,20.29,32.8
65,42971.46,1000.0,650.58,49661.62,33628.71,41,12.43,7.93,48.33
29,68396.02,2235.22,776.98,80695.37,215187.65,3,19.32,25.61,27.37
68,57830.85,1690.08,802.02,28707.28,109979.58,45,16.78,11.75,63.54
54,64162.64,1440.46,632.17,63269.44,57125.25,34,17.81,15.25,52.74
34,58468.68,2453.44,704.1,40285.83,141397.09,13,21.8,16.92,59.65
40,55010.34,2340.49,664.0,53009.39,108804.03,22,20.82,22.75,47.11
43,68724.43,1527.25,694.95,66559.31,86157.67,19,24.35,18.69,54.64
46,52690.36,1000.0,645.34,23480.48,197196.29,19,9.2,10.39,47.12
50,31403.61,1000.0,538.65,25968.95,72159.69,30,17.43,15.45,51.94
44,26268.54,1000.0,653.81,13013.97,7164.98,24,20.86,15.21,58.68
42,63319.5,1072.04,596.32,59840.3,130258.54,22,8.17,10.8,28.71
27,51950.08,1469.04,649.21,31752.79,176881.64,2,15.09,16.89,53.92
64,28876.21,1000.0,654.01,500.0,121294.94,38,10.17,15.64,60.37
40,61917.63,2598.7,695.97,25200.9,84866.52,13,16.07,19.3,45.12
38,58310.26,1304.62,644.77,51287.17,44517.62,19,21.57,23.69,69.81
38,51006.96,1590.83,624.68,47381.02,81623.86,11,8.12,1.83,28.74
60,64442.57,2402.63,732.9,59816.25,22380.8,33,17.67,17.25,69.83
30,83671.69,2707.94,737.26,38440.7,215245.17,12,15.54,11.41,36.51
54,83122.63,3682.52,747.93,34907.44,235285.02,28,24.2,21.99,52.85
50,62587.76,2038.85,715.76,69572.14,80105.31,27,18.36,18.55,53.35
41,58475.21,2488.83,717.28,28040.27,260888.19,15,15.06,16.58,50.6
61,62839.23,1298.8,663.4,63623.15,192080.56,38,12.69,5.86,36.92
28,65562.12,2045.0,635.23,27645.26,93690.22,9,29.85,37.86,70.99
34,55170.63,1688.78,620.38,37034.48,1000.0,16,16.92,28.35,41.28
21,63141.78,2871.8,751.57,75363.28,148686.67,0,9.21,8.34,81.75
64,31674.67,1000.0,598.11,28111.66,32564.6,44,9.11,5.81,32.07
42,61464.28,1057.17,628.18,60911.67,132441.99,24,18.21,31.96,63.41
47,68582.64,2255.62,663.75,82136.13,196913.39,22,13.21,19.78,31.17
26,51182.85,1021.43,705.95,40597.86,41891.78,0,12.08,17.2,42.28
38,58281.49,1970.22,678.75,44620.09,70964.5,20,20.76,13.41,14.99
37,39992.9,1796.33,544.62,17649.49,108123.79,12,18.49,26.0,66.91
36,37494.36,1651.63,562.89,40192.75,95780.84,18,10.89,8.28,56.04
36,63794.67,1288.87,743.26,18340.69,241125.17,10,22.23,19.64,28.1
29,46867.87,1000.0,615.05,43473.24,173489.76,3,11.13,19.68,35.27
54,28017.14,1000.0,678.32,22051.86,77874.95,25,21.27,17.83,26.6
59,39987.99,1281.98,706.16,35547.37,104734.46,33,16.69,17.85,43.89
34,42605.18,1473.07,694.85,41781.19,185777.22,14,15.71,21.87,46.83
54,73942.45,2751.87,744.25,54072.55,292432.73,33,15.47,9.77,60.68
65,63224.05,2056.8,736.16,59639.98,51610.4,43,13.28,20.1,43.96
56,44311.16,1000.0,630.42,32677.53,72960.27,33,2.8,15.0,63.43
45,49420.21,1919.41,646.92,27124.08,61230.97,19,13.47,14.09,33.34
58,83617.52,1266.85,696.85,68757.9,256076.53,30,18.31,23.98,44.56
52,76849.84,1011.84,728.54,29787.52,236116.88,23,8.55,7.11,38.33
64,39874.91,1521.44,562.54,52276.77,90461.97,43,18.1,9.99,40.68
65,80943.47,2491.32,743.11,50075.56,140033.78,42,17.29,7.2,56.55
35,58548.68,2095.25,621.15,64978.3,126508.65,17,21.93,22.92,61.05
31,74393.01,1879.04,684.1,85910.05,132705.6,12,14.02,17.08,33.26
52,57060.46,1000.0,556.21,32135.73,111880.03,27,21.89,17.4,49.5
61,81344.93,1914.36,708.81,92922.4,354905.41,40,15.89,21.98,49.25
58,39126.83,1282.23,584.99,54236.42,1000.0,31,13.66,11.34,63.25
24,55401.89,1109.34,652.3,48183.94,103642.46,0,16.62,10.42,72.93
58,81896.28,2901.32,799.27,64939.55,245394.75,37,17.98,12.84,53.67
30,16933.05,1000.0,548.43,4353.56,41608.08,4,13.22,21.31,52.64
35,59170.89,1635.62,719.28,9620.89,205989.77,9,6.29,13.61,52.84
54,52916.17,2206.11,702.34,61763.85,73730.69,33,14.59,14.38,35.68
30,72323.9,2964.84,780.43,64644.17,272625.4,5,16.83,15.43,45.52
53,79258.44,3310.51,697.01,79537.09,271833.83,30,7.99,7.76,33.77
48,73145.11,2526.03,666.25,37218.09,18057.81,30,20.53,7.2,64.47
19,64338.0,1457.88,687.77,43323.55,85217.9,0,11.88,5.32,47.49
33,60730.16,1733.34,635.29,48276.73,68077.07,15,20.78,18.85,50.4
26,53831.21,1947.81,651.15,36037.31,115513.2,6,15.81,19.02,54.62
26,63779.51,1244.9,648.61,48451.36,104869.48,1,13.51,12.82,57.2
55,86273.79,3203.18,703.96,74014.07,322725.55,29,23.65,13.8,73.38
28,45050.78,1386.2,651.15,27349.66,24042.45,8,22.81,29.1,56.13
39,52762.53,1000.0,742.22,38144.85,55219.03,21,15.47,8.97,48.93
50,58640.82,1822.33,664.66,11116.15,59656.16,32,22.74,21.0,66.17
53,78016.79,1148.87,746.53,40188.88,228570.33,29,16.92,17.64,48.07
62,64019.44,1000.0,694.98,14292.71,264201.52,40,21.21,31.58,37.61
40,77702.67,3275.5,731.56,41344.23,148286.55,22,15.93,11.43,24.09
62,78613.98,2266.48,800.15,54600.15,33114.81,39,26.99,24.13,55.92
62,70656.66,2162.78,699.52,53062.16,45629.99,39,22.45,21.61,48.03
51,40848.11,1000.0,476.8,15201.12,73883.45,30,16.44,10.82,68.29
26,89899.69,2750.17,730.22,28068.2,258801.36,2,6.32,10.93,45.97
41,85422.85,1548.63,761.07,61040.84,118211.06,17,20.79,17.37,39.7
25,61143.72,2284.02,678.62,35948.28,229862.31,0,9.94,10.41,59.44
24,35128.14,1403.19,595.05,32339.96,30321.56,0,15.28,12.08,53.61
53,31911.03,1309.28,572.78,20474.01,136137.72,24,19.58,24.59,60.09
35,64577.68,1036.8,697.6,40250.7,111606.59,17,19.9,18.3,55.39
20,47368.49,1472.77,734.59,49002.01,117075.23,0,19.03,14.31,57.48
45,29090.6,1147.87,572.59,11459.94,139734.66,18,11.04,1.9,49.55
23,31571.42,1000.0,692.07,5452.44,158545.24,3,5.53,18.28,41.84
61,51540.31,1000.0,675.85,35654.76,158862.56,37,11.3,13.29,46.35
61,63508.73,2523.29,660.36,62482.69,62124.9,40,14.7,21.73,47.43
38,85302.83,3331.75,794.92,64955.43,86313.49,17,18.46,24.12,71.61
45,68715.97,1886.7,596.59,38992.24,297196.7,16,23.22,23.13,53.04
57,53134.72,1000.0,658.72,59636.22,206555.48,39,18.97,22.84,45.65
18,66839.09,1985.4,723.85,34337.61,81009.24,0,27.78,30.78,71.36
53,65230.22,1673.81,719.59,59067.03,268990.92,26,11.52,7.87,36.0
38,73311.81,2183.59,748.6,30461.15,217214.02,19,23.15,25.67,59.91
60,59281.04,1610.26,710.46,23079.23,68661.61,41,20.3,20.64,35.31
52,78651.56,2473.63,749.33,64823.31,53081.07,34,17.28,12.65,27.59
30,74840.13,2749.45,757.05,29248.03,59120.95,5,12.68,18.18,64.19
66,61488.6,2356.78,659.28,12123.22,68924.87,43,13.07,9.35,41.08
27,57853.96,1974.71,726.5,70659.62,140454.86,4,12.47,16.49,25.09
61,76555.47,1464.61,708.96,10678.66,112796.2,34,26.21,24.77,41.65
64,47157.46,1213.71,693.54,31977.16,88038.57,37,18.86,14.96,45.74
27,32880.97,1000.0,597.74,40253.33,132412.61,1,17.62,26.75,81.4
63,32778.64,1000.0,608.15,41381.87,99098.72,41,13.72,18.94,17.28
30,45665.26,2047.84,676.69,51704.98,140721.92,9,13.42,10.37,61.21
54,71873.74,2435.87,783.41,31537.08,162129.78,26,18.87,24.48,43.07
55,52389.62,1000.0,658.99,32256.84,225135.85,32,15.75,14.28,47.51
41,63681.29,1366.13,700.77,61479.36,132193.04,16,15.89,14.1,41.32
19,51084.67,1000.0,537.02,15567.27,76079.46,1,16.94,21.65,65.94
39,51227.57,1000.0,614.56,50977.24,166353.38,15,9.79,15.14,51.1
34,41541.65,1194.8,556.63,32961.11,42143.42,9,15.49,14.6,40.37
53,58345.88,1400.02,656.8,9499.46,49683.02,27,15.28,23.57,58.97
31,56847.05,1097.08,640.49,61647.84,81767.29,3,12.11,9.57,67.38
27,67427.97,1172.34,666.67,25145.46,106127.71,2,19.95,26.08,67.68
52,65178.56,2240.12,649.03,59113.47,192383.69,28,25.49,19.09,81.32
42,56451.35,1755.83,693.0,47064.09,30449.87,22,22.04,22.26,65.73
20,32890.4,1334.96,518.11,19399.6,64788.1,1,11.88,11.53,53.24
64,79270.43,1475.1,688.72,46394.25,250024.43,44,21.25,23.86,41.86
55,58469.2,2383.57,676.9,16521.18,169429.61,34,20.06,8.87,60.94
34,61433.57,1951.36,727.94,32084.7,160848.25,13,16.74,11.51,43.66
29,88808.91,1898.21,724.57,27784.11,80880.89,6,18.76,21.01,67.79
69,76348.0,1650.52,776.31,41659.57,142442.66,40,19.35,22.97,45.08
41,68036.09,1735.78,581.18,53793.0,57104.65,17,29.37,22.38,60.09
46,59958.5,1669.1,679.97,9669.75,114152.43,17,17.28,22.48,35.94
60,59790.38,1000.0,693.15,56863.09,129340.1,39,9.64,8.27,41.84
42,64322.06,2609.33,648.49,9871.18,178621.98,15,11.2,15.44,36.39
53,67324.32,1114.31,643.03,71553.57,250096.07,30,15.88,15.41,68.64
43,90805.23,2598.42,778.12,68185.02,68262.27,17,12.85,6.48,45.28
55,104518.79,2640.73,811.95,98343.74,212518.77,32,19.79,27.66,48.86
18,65224.69,1929.1,659.16,37183.53,167543.39,0,27.65,21.56,45.49
37,21241.03,1000.0,550.73,23804.1,56285.55,19,9.57,8.02,29.9
45,42868.6,1949.22,601.52,26457.5,3328.44,17,8.85,9.29,36.35
33,92606.94,1220.16,834.1,28571.46,120010.13,6,18.22,15.62,42.01
64,72935.75,1867.74,749.41,65224.44,248760.62,37,16.77,17.77,36.51
34,67668.84,2690.09,711.73,45781.45,171547.35,12,11.82,10.91,38.75
57,56996.92,1332.97,755.91,27961.87,108582.98,30,9.51,9.04,54.16
45,38597.6,1317.51,662.36,65343.1,140978.85,18,20.64,21.87,45.99
29,90200.22,4110.9,826.58,95403.14,49030.35,9,21.52,20.1,61.25
44,45182.22,1538.86,706.7,25827.97,164467.49,19,12.1,15.79,42.53
59,73127.61,1185.13,712.36,35965.34,94504.64,32,11.54,11.64,48.68
64,36587.37,1485.36,554.96,23407.34,44048.88,45,11.07,14.26,52.85
47,56123.72,2509.96,588.1,5252.68,125734.12,19,9.48,4.03,38.12
58,77873.23,2822.93,766.88,21959.25,232691.24,39,14.89,20.88,62.05
51,55505.5,1469.17,623.02,32618.09,15630.42,31,25.89,21.07,53.42
54,53367.9,2354.24,809.81,21279.0,128533.28,34,16.53,15.48,34.25
23,60191.45,2695.72,642.67,54507.19,51549.67,0,12.93,16.79,43.92
24,35951.95,1570.04,562.19,4397.53,58858.05,0,16.99,18.12,48.9
49,32565.36,1000.0,632.69,21685.92,34711.45,27,8.61,14.2,40.52
49,72856.26,2828.54,754.5,500.0,151626.01,24,15.26,22.52,19.56
42,52400.22,1797.64,738.06,38026.04,139971.96,14,5.97,7.96,32.34
50,72716.73,1344.55,706.92,48585.33,54867.43,22,23.64,21.35,59.94
24,80127.29,2431.9,792.59,93024.07,125081.21,1,17.0,30.34,50.44
69,81575.57,3052.81,737.42,88676.69,51319.45,40,14.06,12.47,48.52
29,30821.85,1305.73,617.03,6367.72,91209.87,10,16.33,13.07,54.93
33,47439.07,1957.02,632.7,32334.97,140848.2,5,9.51,15.61,45.95
33,69676.54,1230.16,795.15,54151.85,130633.33,12,12.03,18.11,40.83
60,69954.03,2012.42,811.9,25299.68,242631.46,34,15.1,19.8,39.9
53,100489.88,2858.16,747.93,8712.94,200057.03,32,14.06,11.54,49.5
30,43662.96,1853.84,688.45,19760.05,186828.33,8,11.1,12.07,36.82
24,81027.03,1018.07,701.22,37011.05,193717.04,2,17.11,16.96,57.99
53,66700.94,2476.19,752.39,52597.56,135122.35,26,16.13,14.82,65.16
64,30475.75,1009.4,665.23,23244.93,90041.16,39,6.42,10.32,15.84
68,50139.33,2166.97,607.13,25816.95,46086.68,45,13.79,13.1,51.74
26,64725.5,1794.88,639.18,45109.26,183257.83,0,19.38,26.19,51.49
49,29321.4,1009.31,565.68,17467.14,115744.43,25,16.67,11.71,55.44
28,22669.69,1018.43,620.57,21418.94,51114.21,5,9.78,20.58,42.82
25,28297.63,1055.41,606.3,1658.36,25800.46,3,11.89,7.07,67.59
50,64664.41,1000.0,682.82,58679.19,119158.07,28,15.23,25.56,46.31
40,51275.99,1000.0,686.28,17906.57,119730.12,20,8.17,15.35,49.37
42,48840.8,1947.85,633.38,13837.23,155182.21,18,12.18,10.05,53.42
25,49458.81,1170.19,654.31,27251.06,63925.76,0,18.93,18.23,55.43
62,34365.8,1238.22,627.62,500.0,20322.09,40,17.5,20.78,49.84
39,51784.74,1855.32,676.84,16463.41,115358.76,15,17.24,20.65,54.42
21,27232.84,1242.45,657.77,35143.53,80015.64,2,1.0,5.1,41.35
57,81377.54,2291.79,690.03,25945.63,161016.22,31,14.23,9.89,43.67
20,90461.93,3355.63,813.99,50620.57,227028.64,0,21.38,25.23,67.96
46,18130.85,1000.0,512.08,8600.23,15496.69,24,20.38,20.65,32.72
58,51555.67,1439.42,636.45,61111.07,34285.57,39,15.08,22.59,37.58
46,52727.79,1000.0,651.0,53422.83,60688.12,23,15.75,15.48,28.81
51,56859.28,2303.88,651.53,34317.94,96217.61,26,15.12,16.59,28.06
51,78027.55,3159.88,673.56,25217.19,241488.68,27,11.27,19.99,34.92
45,51608.21,1051.71,634.54,53197.7,42810.36,20,16.92,18.05,47.31
30,58411.47,1349.86,687.49,43168.85,30621.19,9,8.23,4.27,55.16
32,113622.99,4080.87,834.83,85333.93,419830.41,12,20.94,12.44,58.15
40,57996.73,2152.19,740.26,44484.71,100726.47,16,16.24,7.76,57.84
61,91792.32,3159.59,770.52,48614.64,361941.96,42,19.43,14.22,41.1
43,69035.78,3156.53,707.78,48199.84,284812.36,21,10.41,10.18,70.96
21,50033.24,2074.18,658.31,43646.53,155115.89,0,11.46,17.47,51.03
43,47026.79,1241.6,635.1,43805.18,146391.37,25,18.15,22.79,67.02
57,59869.09,1400.89,701.11,58684.38,178956.64,36,16.35,5.96,43.02
26,39723.48,1286.84,595.86,15029.78,43513.22,7,10.46,15.41,42.02
22,44450.41,1767.11,580.88,500.0,116857.61,0,9.09,9.52,53.71
49,52384.91,1484.84,653.93,36358.04,173578.17,20,19.25,20.22,34.97
37,65280.18,2421.23,713.15,56145.02,202705.74,19,16.7,26.33,35.6
67,92867.95,1220.16,785.94,17207.36,379361.34,43,13.63,10.44,60.11
28,51270.82,2223.17,613.82,38649.97,189367.24,8,14.18,17.4,52.74
32,68307.32,2615.79,712.14,47893.85,90497.61,3,12.8,19.27,46.65
49,30697.84,1000.0,622.64,9492.9,71424.72,31,14.58,15.62,64.63
45,79085.2,2000.89,746.37,89561.02,194872.85,20,24.18,18.83,44.19
39,29009.71,1000.0,555.08,19899.5,105532.97,15,7.5,7.07,78.83
58,74370.96,2952.91,726.56,92688.62,75895.79,39,18.22,15.36,46.6
34,58543.35,2231.73,752.25,6257.72,162346.32,10,16.55,17.75,42.34
43,57828.25,1937.73,626.78,17778.78,146938.2,23,5.06,5.12,57.68
61,54595.24,1000.0,713.1,26536.67,128722.65,35,19.62,21.69,40.12
24,36577.45,1000.0,508.81,31033.08,1000.0,0,24.15,24.0,56.9
59,37531.13,1043.26,588.06,39851.08,136477.43,37,14.44,6.52,71.25
43,75057.36,1603.66,705.81,31776.19,174471.71,19,24.3,27.64,49.13
42,60214.86,1623.74,729.29,20150.9,142295.68,22,9.75,22.87,47.59
27,54463.98,1091.02,743.16,43622.55,58117.22,9,11.85,10.9,52.98
62,67981.16,1641.97,754.01,54471.03,186637.02,44,17.15,21.59,62.13
36,61823.59,2117.04,708.49,39014.54,213361.69,8,11.91,20.07,46.44
28,45727.23,1931.76,685.01,35269.55,4669.93,9,14.76,18.92,70.97
30,104297.93,2642.32,752.03,37276.62,397506.95,5,25.45,25.62,52.85
25,73333.61,2608.01,760.22,32426.99,177848.5,7,12.92,5.58,61.13
57,62287.23,1058.45,637.27,54578.7,228515.65,29,21.47,18.61,43.29
21,50755.0,1549.41,619.0,19499.32,186466.4,0,5.46,8.06,51.38
64,77149.67,3334.68,749.25,500.0,105149.19,42,14.87,22.09,53.12
48,45823.78,1000.0,581.86,26916.74,84958.6,22,13.6,8.11,48.23
45,44308.05,1000.0,688.09,33352.67,75290.17,16,9.8,21.61,36.61
28,90479.86,1530.6,771.5,45991.32,125210.96,2,16.27,24.57,47.9
60,60552.15,1832.96,623.09,56514.23,125914.49,41,23.04,16.16,61.69
18,46259.71,1626.25,706.71,47322.44,52966.24,0,20.83,13.33,50.37
66,60102.34,1000.0,668.47,14604.08,260968.21,38,19.61,24.14,72.98
64,75303.36,1117.71,718.54,65474.37,275030.46,45,22.74,19.47,51.26
69,71182.58,2953.2,703.63,11373.58,249570.74,45,14.02,13.59,47.02
55,77536.72,2148.37,601.34,34076.39,242721.58,32,11.64,18.05,50.11
41,37507.99,1047.66,669.14,25614.93,82874.53,15,9.71,5.93,49.42
64,77084.68,3390.65,732.52,100309.89,87267.6,37,14.41,19.93,66.7
48,56776.94,1315.73,677.22,95689.99,121400.85,29,12.63,7.67,43.72
58,61603.81,2612.05,715.45,35743.54,203638.91,34,18.8,11.68,54.1
63,81770.9,3677.66,732.1,35797.88,351080.27,42,19.79,23.44,61.33
67,72649.06,1493.41,667.48,77642.49,125659.62,45,16.39,19.93,66.66
43,66318.94,1965.34,657.07,31592.43,156107.36,23,16.06,5.32,54.59
66,24288.06,1000.0,612.16,31216.04,48449.3,43,17.9,21.96,31.62
67,59180.97,2448.45,677.01,17280.64,168336.31,40,9.46,21.27,26.69
22,45875.84,1038.18,682.89,52907.27,1000.0,0,18.54,18.53,59.27
37,72798.82,2846.54,771.58,41121.95,151254.7,12,6.72,16.12,53.24
69,77837.25,3492.32,773.44,55094.54,268435.42,42,14.95,14.36,47.04
58,54563.44,2210.43,720.23,55786.41,186638.27,30,23.01,26.53,47.41
28,47993.25,2054.34,611.95,20294.83,106787.95,2,16.3,3.22,51.62
50,88013.41,3178.32,791.13,46204.35,291310.42,29,16.47,13.44,48.11
67,49143.34,2095.07,626.4,35431.2,204095.32,38,19.49,32.87,46.3
55,38498.32,1000.0,566.25,500.0,124341.31,34,16.83,24.29,53.3
44,45011.92,1631.47,655.77,12661.05,103157.83,18,17.27,15.55,50.71
51,50010.01,1845.16,683.97,36103.9,159863.54,26,13.99,14.69,39.66
32,44495.47,1207.58,617.99,14429.89,87238.43,3,19.25,12.9,48.76
49,75217.04,1140.14,727.79,86690.25,172406.04,30,14.3,15.1,31.88
38,20437.56,1000.0,592.95,24502.01,41372.24,13,8.59,2.41,22.42
63,44113.91,1000.0,604.8,36043.39,65191.87,45,23.78,24.34,50.7
22,59145.05,1493.22,713.91,36529.61,257331.93,0,13.41,11.61,55.27
23,63784.43,1634.31,650.56,54998.23,111182.14,0,6.22,12.86,35.3
55,90453.03,4142.51,789.71,67401.46,54070.6,30,24.36,19.21,57.31
39,87814.28,1975.24,709.04,61074.52,160275.4,11,25.59,19.75,57.84
35,31186.73,1242.74,654.13,28353.6,68888.57,13,11.94,17.93,41.48
31,25655.14,1000.0,607.79,5969.01,44060.13,9,2.09,4.28,45.09
27,60449.48,1823.09,771.83,72825.55,59315.42,7,15.77,14.18,36.38
63,47882.67,1455.14,601.6,45634.87,80183.36,41,25.15,30.19,57.55
30,38543.53,1289.6,645.59,26701.99,27689.2,9,14.87,22.87,27.52
48,60290.18,2381.47,680.0,46896.74,61419.45,30,19.88,23.19,48.5
47,64152.55,2431.22,626.48,60485.15,150043.71,21,20.55,19.53,66.25
20,44898.57,1700.17,639.67,33450.4,1000.0,0,19.35,30.99,54.28
47,48766.47,1312.3,671.89,16579.84,83820.2,26,24.19,28.88,46.67
23,46283.25,1700.87,727.51,22807.82,169060.57,3,20.03,15.81,38.19
46,52593.16,1518.74,635.08,56899.06,136826.6,23,14.86,19.12,74.74
25,69745.99,1027.48,730.59,67454.95,142049.46,7,11.4,8.13,34.9
61,40597.69,1712.12,635.6,5122.76,1000.0,39,16.21,18.62,62.25
62,48467.67,2043.98,637.57,25819.9,102923.47,38,13.88,13.85,41.33
60,52812.92,1228.57,653.93,30386.25,196380.98,41,18.87,15.52,50.65
61,59878.46,2572.58,713.23,51573.71,92878.66,34,11.67,15.54,43.79
50,64967.72,2453.58,690.38,61062.14,240323.22,24,14.99,11.25,33.86
34,96760.64,2502.23,779.7,65378.98,199974.39,5,19.73,17.61,43.23
65,70298.26,1655.54,688.1,72752.88,109717.71,42,12.33,16.01,60.45
28,70726.76,3183.04,644.61,70276.3,256848.54,9,17.27,17.61,26.94
30,55200.97,2001.27,707.62,44770.96,201418.82,5,19.45,17.76,51.24
67,42362.42,1064.44,603.82,15836.42,80385.22,42,23.79,20.16,70.21
28,50492.15,1711.66,706.96,46126.43,51439.93,10,11.37,11.65,55.85
48,47214.02,1489.64,698.39,35839.82,76215.6,19,19.25,26.49,55.99
45,67060.15,2010.78,809.1,34906.81,132033.88,27,6.82,15.0,51.84
61,30276.93,1029.11,610.84,31061.33,123055.98,43,12.99,5.77,45.33
23,70665.61,2149.71,737.21,23040.49,136436.53,0,17.42,12.15,48.45
58,57889.69,1987.14,701.22,65278.16,54345.08,37,19.86,12.82,63.23
33,73200.27,3129.48,731.31,54785.75,178008.3,12,14.72,13.11,36.99
21,46969.65,2142.23,694.01,27916.99,48851.94,0,15.92,22.34,59.36
52,43775.35,1582.17,627.61,28681.44,117373.37,34,19.92,14.91,39.12
65,52679.96,2287.75,682.89,30840.06,94960.5,38,9.63,14.06,36.33
43,52248.31,2148.12,651.86,4185.35,43829.8,23,5.43,14.36,59.54
29,74514.27,1664.24,664.54,71429.4,274603.66,1,22.85,10.17,50.99
28,74342.49,3241.1,756.52,62877.36,149419.89,10,12.45,11.02,43.22
54,94290.42,1401.18,659.13,46206.28,353608.56,28,21.71,12.21,70.77
42,51081.14,1200.27,677.96,52916.25,166421.96,15,24.86,19.24,41.61
35,15000.0,1000.0,593.93,500.0,71158.69,6,15.68,18.4,74.49
36,52630.39,1582.27,684.35,28159.67,103150.41,10,10.41,3.67,51.7
40,64151.84,1961.79,656.94,38590.24,268001.18,16,9.1,11.4,61.58
55,72861.55,2841.33,788.17,15177.72,207899.47,26,13.39,5.56,38.01
35,65464.88,1243.19,778.05,37269.63,69679.73,10,17.41,10.84,63.19
43,51067.0,2310.06,683.15,51517.83,68256.5,25,13.86,20.7,59.77
23,90854.96,2460.53,850.0,108450.47,325137.13,1,25.89,26.61,50.01
21,41392.76,1827.96,719.57,38152.27,135210.19,2,17.47,10.87,49.25
61,55056.39,1391.3,636.3,52232.04,62564.63,43,11.85,13.29,27.34
68,40561.62,1320.67,580.69,47819.66,171260.56,45,18.29,16.64,34.2
46,60352.38,1660.32,714.5,58674.16,26580.67,22,23.57,22.87,62.1
51,88602.1,3103.84,624.47,58015.53,325641.73,33,17.28,21.5,47.32
34,57463.33,1070.01,662.42,44347.37,123695.94,6,18.14,30.35,35.96
60,57573.6,1488.52,643.06,85414.68,15445.11,41,11.38,11.27,51.07
60,29472.68,1000.0,579.91,2217.02,1000.0,41,12.24,23.55,62.2
33,54834.14,1778.64,609.28,20467.65,79889.52,12,11.02,8.34,62.13
19,80708.77,3598.75,735.26,45672.65,334668.08,0,24.27,21.38,70.32
51,55495.75,1000.0,693.75,24450.09,177795.88,31,13.04,11.7,24.6
25,54279.78,1871.98,740.5,39888.53,153739.21,5,17.63,15.17,58.84
30,79902.86,3063.2,760.8,63296.5,166028.75,3,21.17,21.0,31.5
59,54355.85,1065.57,583.21,40616.66,128512.81,37,30.98,30.53,38.81
25,83256.97,1798.56,752.71,56575.32,322992.82,5,17.0,18.7,64.49
47,36876.49,1000.0,674.49,42066.94,82010.44,19,9.8,15.74,51.41
49,72201.37,1618.3,707.28,45818.45,60901.13,25,16.86,20.28,65.63
53,89633.93,1449.33,799.75,98763.75,95445.18,31,14.71,16.95,45.95
64,78141.42,1941.42,789.0,27596.02,162648.76,43,15.38,15.2,61.49
47,26389.08,1000.0,586.93,500.0,91097.64,18,16.28,13.33,52.95
18,48510.54,1911.75,661.68,25087.4,56770.48,0,11.49,10.72,40.99
60,55644.87,2181.2,693.47,22215.69,167862.35,31,18.37,24.67,59.96
56,78179.2,3053.48,715.83,43646.86,207166.58,35,20.8,17.0,49.86
34,36030.87,1131.41,598.89,18356.29,48993.47,5,14.85,18.34,54.02
37,41659.14,1000.0,585.47,51609.95,34431.18,18,17.51,24.89,64.78
41,31107.27,1000.0,571.49,21808.91,91886.87,23,11.64,15.8,76.51
67,45135.6,1042.25,671.91,30799.91,208913.35,45,4.5,9.43,37.63
39,37471.08,1195.24,636.67,606.28,60966.95,11,14.04,23.56,56.97
46,88762.31,3884.77,715.29,31192.68,149212.96,27,19.27,19.33,49.47
39,48347.21,1062.83,602.22,15461.69,32311.33,21,12.98,12.19,41.19
61,72436.66,2013.38,691.09,84400.68,69280.65,43,20.48,27.64,47.63
26,60323.45,2071.34,617.52,36139.83,105162.29,7,19.85,17.05,63.78
54,60071.3,2442.29,691.74,30226.81,135479.73,28,17.1,17.37,58.08
27,49354.01,1033.69,619.93,5924.65,128282.75,5,15.43,13.33,34.59
53,73860.4,1613.33,744.8,68364.17,221676.24,27,23.48,10.91,48.26
54,62778.2,2637.03,734.05,64561.46,18324.62,29,10.91,4.69,66.55
45,61741.39,1000.0,609.94,24784.94,133922.15,17,14.52,9.85,30.94
45,49318.43,1611.8,619.84,42593.7,68691.69,22,19.92,19.19,35.18
59,52264.03,2152.33,587.25,43904.08,122908.09,41,17.91,18.37,62.19
60,70600.4,3051.69,629.12,1872.87,211660.81,33,15.88,17.89,44.17
38,64141.0,1000.0,716.93,66595.86,54913.27,16,18.37,14.51,27.92
41,62222.5,1544.5,696.17,70417.3,94517.28,12,13.48,10.72,47.01
59,46427.24,1000.0,613.82,31581.54,135107.86,41,15.45,31.57,40.4
57,94993.94,2986.08,742.22,39717.67,285319.44,33,22.94,17.67,40.5
19,51365.28,1725.64,605.43,34466.26,44031.07,0,21.6,22.38,83.28
25,59455.45,2724.59,686.31,65821.54,18917.26,0,19.25,23.97,32.52
65,56633.39,1675.9,659.46,17745.47,173948.13,40,22.48,23.05,41.4
44,95184.8,2939.52,745.22,83491.91,403069.0,19,12.31,12.36,50.55
39,54765.34,1440.9,683.08,41172.17,219865.49,15,4.41,2.41,26.97
54,53117.85,1000.0,672.07,50779.77,203548.86,35,4.4,2.27,58.14
44,62129.6,1404.8,642.71,18650.25,151303.9,22,21.79,18.12,42.2
46,47516.26,1000.0,621.21,10890.59,31186.51,25,17.77,16.74,35.94
20,62008.79,2431.2,724.75,35789.98,55749.75,0,12.61,13.63,59.56
61,102688.86,3151.92,841.74,118025.71,177219.03,34,18.34,14.23,55.24
30,65394.52,1463.08,666.66,24261.67,103433.89,4,18.22,15.35,52.63
62,64738.43,1864.67,768.98,38400.14,179102.63,41,12.86,20.93,34.27
27,47077.71,1000.0,633.35,33192.23,54908.17,0,10.62,7.3,44.31
53,90765.73,1694.68,807.78,56839.85,112231.67,28,15.8,12.64,48.74
26,94902.59,3906.64,737.4,82106.38,241385.43,1,15.79,9.53,42.1
44,75348.25,3314.85,719.19,65499.17,94905.86,25,17.76,31.73,67.3
51,71769.0,1088.53,674.1,63884.22,88553.38,28,25.49,13.08,74.43
68,55774.22,2119.2,592.91,38181.67,176353.74,45,10.54,10.62,27.7
18,67044.08,1851.11,699.22,82670.02,65314.88,0,16.34,25.54,73.67
49,44967.16,1145.12,620.14,21635.92,120800.52,20,16.8,23.67,46.89
42,39729.95,1409.63,667.43,50492.56,130654.39,15,16.65,18.36,33.65
46,33227.52,1000.0,573.69,14016.94,72811.35,25,10.79,15.01,53.26
24,67392.13,1000.0,714.27,50865.65,188513.64,0,19.83,13.48,50.51
66,35189.26,1000.0,587.31,11214.99,42922.56,45,15.62,8.3,51.33
20,51006.56,1000.0,609.23,33522.68,210244.74,0,12.84,10.71,63.15
37,58897.87,1000.0,712.99,13835.21,93009.76,10,9.13,8.79,56.15
37,77915.23,1808.45,706.11,91967.77,274398.01,8,12.07,16.05,40.56
47,49592.04,1404.31,629.24,39981.31,117559.27,29,18.69,17.62,71.42
52,80038.9,2963.65,686.69,95123.06,258984.27,23,25.14,30.94,47.97
52,76904.86,1796.14,654.73,31417.62,286772.54,30,17.69,18.7,58.68
66,40716.45,1000.0,642.54,33729.86,79190.94,42,21.08,11.64,57.42
56,80210.86,1619.24,736.17,89622.96,120506.47,31,17.76,10.25,53.11
44,54895.54,2316.92,706.01,29771.79,164273.93,25,9.77,9.94,52.48
43,51018.88,1000.0,675.96,24402.9,152842.76,22,14.05,11.28,37.5
31,54971.64,2298.26,608.89,40683.01,171098.58,12,22.96,20.98,50.34
34,59936.9,1642.47,679.96,2373.8,231616.1,13,12.98,18.0,37.89
35,52529.2,2292.73,655.99,52450.04,186339.55,12,14.57,18.23,61.82
62,44885.55,1171.65,680.15,23827.94,147285.54,39,20.42,13.82,42.99
69,46477.4,1000.0,694.92,35018.03,141276.95,40,20.23,25.11,42.82
46,62500.97,1925.09,609.7,52507.59,154308.48,27,17.78,15.73,43.67
37,57111.66,1832.73,720.77,10430.27,138359.61,9,18.38,18.11,45.8
44,69491.57,2340.68,751.86,30207.18,29218.22,23,22.26,16.07,50.58
35,60942.53,1597.7,646.3,24811.97,105319.93,14,17.64,19.41,47.42
21,61386.25,1000.0,682.11,33776.64,169410.12,3,22.54,22.53,58.1
18,70670.62,2359.74,617.37,10596.95,112863.19,0,20.43,26.68,53.14
67,85540.53,3729.65,754.36,86899.79,140038.59,45,17.81,14.3,30.96
18,86262.4,3831.66,711.55,45464.73,166773.21,0,20.8,20.05,65.03
43,84127.32,2725.4,775.82,61241.26,102113.4,21,16.49,18.42,53.51
62,75668.09,1000.0,745.6,28400.76,176077.17,34,12.74,15.45,54.57
37,97537.39,1563.97,788.38,58738.73,198648.02,12,14.05,21.33,50.61
69,67880.83,2735.58,712.49,48821.07,237912.14,45,15.76,12.12,51.59
40,65859.82,2644.81,662.04,8778.16,41314.59,20,18.15,20.1,37.05
27,100390.58,4420.58,750.39,104453.9,207962.6,4,29.04,28.16,52.12
28,15000.0,1000.0,640.15,2798.48,1000.0,4,13.58,12.68,58.27
58,56149.86,2318.65,714.55,35326.68,57809.06,35,16.57,17.8,42.42
58,82544.92,3301.49,753.52,64740.68,236671.08,31,17.76,18.39,64.34
22,77644.73,2496.07,723.3,69948.79,84793.68,0,15.98,18.44,70.61
18,106181.73,4100.87,850.0,127107.32,101006.32,0,21.27,18.3,59.11
34,61934.74,1033.71,761.12,50311.9,110448.87,14,14.81,11.43,51.6
39,52245.28,1766.24,643.92,44203.94,159846.4,15,13.6,15.35,74.08
51,54022.47,2392.21,618.39,30817.89,154423.16,30,19.51,22.09,19.56
62,65725.23,1176.39,699.54,25623.61,236437.95,33,12.04,8.59,49.75
58,89189.66,3326.9,750.56,43071.59,44049.82,37,17.67,21.69,60.64
46,89414.54,2073.78,725.62,83307.56,238003.41,22,15.5,16.74,28.64
21,58991.74,2344.14,738.71,39501.86,107110.16,0,16.49,15.86,43.25
22,64554.15,2307.19,717.26,46409.84,228949.79,0,20.72,19.22,66.46
28,48991.17,2124.87,628.65,47148.74,146028.12,9,16.65,10.93,50.63
68,50870.12,1843.08,633.66,63672.76,128860.33,42,13.98,15.81,51.43
38,78832.63,2063.6,737.08,65658.62,180107.91,18,22.59,19.76,29.68
52,88839.8,1142.75,744.65,35171.77,125019.88,29,23.3,22.63,33.94
29,47448.89,1847.21,616.59,25172.47,72791.07,8,14.94,14.72,45.61
43,64373.21,1681.14,785.54,52401.19,223662.95,25,24.4,19.51,68.28
68,55624.59,1938.77,625.84,23056.36,28632.4,42,17.66,11.76,55.26
36,75549.69,1208.96,627.13,32691.67,78894.64,8,19.52,10.02,40.92
62,53006.71,2236.83,688.46,26429.71,98517.58,39,9.29,9.65,34.27
24,25323.81,1000.0,626.21,20129.06,100886.59,0,4.11,1.0,55.39
64,78066.43,3369.07,741.14,59895.74,287245.76,45,18.12,10.53,48.93
24,54537.29,1967.01,591.11,56193.88,119552.39,0,20.44,23.58,59.42
43,56410.01,1000.0,663.11,66078.0,32423.17,20,17.28,12.65,45.26
57,67840.58,2157.78,680.63,60610.04,31797.5,38,21.54,23.35,43.56
22,66351.01,2841.89,759.22,25481.18,168474.32,3,14.57,17.98,51.98
38,68210.19,2671.5,666.6,83237.88,111652.45,17,17.23,13.17,42.11
31,30664.8,1000.0,602.37,22124.83,1000.0,10,13.15,18.97,41.49
21,70013.56,3104.08,736.95,13687.69,190661.6,1,7.99,17.33,28.34
40,25636.99,1000.0,538.32,15318.95,90454.94,15,21.51,12.71,46.31
59,73852.17,1846.57,694.78,47392.59,69419.54,35,23.37,25.81,36.19
37,80130.86,3004.14,759.89,93867.46,88742.92,18,22.66,17.64,45.49
32,35366.64,1000.0,461.92,48469.46,119378.54,12,19.96,11.18,51.38
67,65911.79,1956.21,759.02,30221.41,47187.59,40,14.26,16.19,55.03
69,79029.22,2907.72,691.58,12174.81,247748.31,43,21.88,23.07,45.25
62,51917.93,1763.42,657.74,14941.21,92884.65,40,12.85,13.69,46.8
46,72125.45,1275.11,655.51,66381.69,270076.68,27,17.95,26.61,45.47
25,15000.0,1000.0,604.33,11197.35,64431.33,5,2.79,10.68,49.11
58,79767.53,2519.88,739.33,93308.33,212452.68,33,17.23,16.74,46.9
65,60539.9,1882.48,691.25,29138.21,223101.78,44,8.4,11.72,19.14
36,55359.07,2216.3,691.25,77595.47,74337.09,17,9.27,26.63,45.9
65,77712.75,1447.78,782.18,28195.26,188077.37,45,17.5,19.62,45.89
56,91127.21,3422.03,723.04,66750.39,119162.84,33,15.57,22.89,51.23
63,68742.89,2602.89,694.1,36232.09,153500.59,38,18.57,22.8,38.27
45,88956.85,3254.77,823.68,62900.71,151190.3,21,27.27,18.35,49.42
63,32040.9,1000.0,576.36,10355.65,66036.68,42,10.1,6.79,53.16
44,71987.08,1848.96,777.47,81041.17,52906.09,25,15.87,15.97,40.61
21,57623.93,1478.39,682.15,18858.22,107216.49,0,19.08,17.82,47.25
32,45812.06,1693.23,618.36,20165.96,200124.52,11,11.23,14.36,66.26
52,25283.73,1000.0,607.05,9105.8,98887.79,26,8.95,17.52,33.95
54,71012.17,1688.75,706.12,35709.68,117058.09,32,14.88,19.55,26.01
18,75755.22,2526.36,765.52,25112.21,130083.94,0,21.98,13.01,66.26
20,84156.41,3399.95,730.91,104859.99,77392.53,0,9.57,8.46,32.05
64,81176.83,1181.15,782.08,22742.0,47296.87,36,13.88,22.92,43.29
41,46109.23,2070.51,658.02,37407.75,83937.05,13,22.27,23.7,56.75
44,83232.7,1308.56,734.46,47760.44,287614.74,20,2.83,1.0,54.6
57,85134.26,2516.39,673.37,69152.24,113226.04,28,17.88,16.6,55.35
53,55320.29,1724.54,687.49,27416.91,96972.08,31,23.18,11.74,39.21
51,60511.71,1035.18,729.91,76192.44,163899.87,32,25.6,28.31,71.0
46,43185.22,1857.82,638.21,28573.95,85300.51,23,18.32,20.49,46.19
41,86655.95,2445.05,658.96,69058.2,220993.16,17,24.52,21.2,43.34
41,32787.83,1000.0,649.65,15627.58,57611.94,13,8.54,10.62,58.34
59,69629.47,2522.01,726.8,59543.76,133691.49,36,12.63,16.6,34.72
21,49257.07,1704.96,675.57,41011.4,188428.62,1,23.5,27.67,60.54
20,40058.65,1786.44,616.6,11502.33,101056.54,0,12.69,16.06,47.5
51,26254.89,1000.0,491.83,23677.97,53580.49,26,3.24,10.89,39.15
66,56122.69,1202.51,694.49,52553.43,95141.09,45,17.7,19.38,76.08
40,37237.47,1000.0,601.84,16635.38,1000.0,18,12.77,20.83,50.56
69,61015.55,2253.75,650.15,33572.2,108307.29,43,16.51,25.63,19.21
40,91848.07,3037.96,850.0,68798.28,361401.46,12,7.28,6.8,28.07
62,63591.13,2856.54,717.26,37015.7,187508.61,40,3.12,6.22,44.82
22,95951.05,3477.15,797.71,64937.19,237893.69,0,21.11,20.05,37.88
48,42319.08,1845.34,588.13,27319.93,159592.28,20,12.72,10.45,40.22
58,36943.07,1682.85,566.37,23961.14,70083.33,34,11.41,11.19,55.49
23,41513.72,1111.78,647.13,35090.68,131083.41,1,16.1,15.91,50.82
54,58828.19,1030.07,586.71,25187.14,99271.33,35,11.99,13.49,55.19
27,109013.08,2074.34,850.0,61858.62,389698.27,5,19.57,16.62,68.52
57,30081.94,1000.0,617.81,32647.66,82975.09,33,10.76,9.87,54.02
24,71153.94,2096.42,775.34,32972.0,135001.85,0,21.54,20.36,43.7
56,47400.62,1000.0,686.39,63199.73,116614.19,35,5.35,4.71,53.55
55,55971.55,1262.56,719.22,38045.83,117435.79,37,12.36,15.48,56.19
38,37355.64,1000.0,585.18,14101.97,42326.27,15,19.18,12.25,51.22
37,75824.49,1000.0,661.52,65296.93,190318.37,17,13.4,14.28,38.82
20,59209.35,1439.12,685.53,14402.9,50506.81,0,16.52,24.88,53.89
68,79574.16,1302.77,758.68,40849.73,176212.8,45,26.3,22.19,52.0
39,63154.41,1694.04,734.97,69388.54,125084.25,18,17.11,21.42,36.82
64,25230.77,1000.0,642.6,5862.04,42317.07,45,23.23,15.62,60.06
21,79737.77,3181.84,686.82,24874.53,266509.79,0,24.97,20.39,52.12
45,23765.99,1000.0,609.86,1410.56,45577.74,21,9.12,14.67,46.49
29,26341.75,1089.37,478.05,21785.93,55198.14,7,6.31,1.0,52.57
55,43490.35,1385.21,642.86,35240.42,91538.45,31,11.33,16.02,48.55
68,43730.6,1215.19,662.69,32083.81,95191.16,42,16.27,16.0,44.92
53,85128.38,2624.06,686.69,60865.77,218871.64,32,20.24,17.46,38.3
64,56919.19,1425.08,698.83,41801.43,206442.28,42,19.01,25.57,65.72
58,82452.94,1381.39,699.44,16761.23,88987.7,32,13.62,7.22,63.25
22,49777.49,1893.0,631.61,3198.8,120920.59,0,11.09,14.71,64.06
30,65717.63,2854.14,735.84,51315.03,196971.72,2,19.36,22.72,53.26
40,68532.76,3027.02,691.3,5940.45,207561.52,19,26.81,20.14,61.28
67,72529.18,2528.15,702.6,28989.59,75716.18,45,11.77,2.99,31.69
47,51631.33,1351.62,669.27,27234.96,50658.62,25,14.8,16.85,48.49
54,53198.61,1513.25,695.51,75340.54,68252.06,29,13.52,18.62,26.64
42,54633.65,1879.34,663.85,21422.72,199380.99,21,16.19,23.74,43.03
65,30256.58,1208.32,661.94,24619.11,80161.64,44,7.04,1.78,49.58
44,58489.77,1461.4,660.37,51499.84,222028.43,20,16.29,15.05,61.9
68,53093.68,2286.18,714.75,22649.66,180314.29,40,21.41,31.02,37.09
31,70441.31,1641.92,735.16,37974.12,223330.82,9,8.92,12.53,39.28
65,61643.42,1861.34,715.17,81055.05,224003.55,42,21.14,21.3,53.3
64,84054.87,3744.26,699.93,63756.09,373448.31,41,12.43,16.62,23.6
53,61261.59,2681.62,738.52,42738.28,59100.17,24,17.42,17.35,66.24
56,49880.3,1780.3,655.04,25124.67,48541.97,33,17.43,15.79,37.7
33,61038.55,1423.34,787.17,57115.84,215356.52,6,17.98,16.59,50.14
39,73035.01,1446.18,730.68,32992.23,105359.83,17,15.64,23.18,58.19
38,28082.27,1000.0,583.34,47793.91,14154.68,16,16.12,20.07,48.01
38,47125.53,1702.26,618.24,62245.45,56171.42,12,8.43,12.75,43.03
25,47504.82,1391.02,642.73,30683.44,86089.45,0,19.32,9.05,59.42
66,67397.82,2128.17,765.7,69131.33,117897.18,45,14.41,12.47,39.49
33,69491.16,1962.88,743.7,60078.32,73566.36,9,18.56,28.57,55.67
48,61822.1,1768.0,698.73,21503.89,103095.43,23,14.43,11.14,48.04
59,15384.51,1000.0,584.66,25487.57,1000.0,30,19.2,18.82,33.97
27,30265.47,1300.67,570.89,29808.77,102142.78,1,15.22,15.16,66.77
49,55699.23,1000.0,643.74,16531.95,30194.7,27,18.83,10.95,45.53
51,50973.55,1999.25,624.7,66498.97,53021.47,31,19.04,13.6,55.28
26,60096.67,1533.5,724.75,44821.7,100469.52,5,14.8,7.41,41.94
34,51550.83,1924.43,703.62,44652.74,200965.86,7,16.6,8.15,28.28
28,87569.56,3863.35,726.76,17304.41,134892.49,5,19.58,21.11,66.32
49,18709.05,1000.0,525.74,4923.82,13618.06,22,15.1,11.73,48.52
27,65447.3,1013.46,690.23,66540.81,140445.49,0,14.32,24.38,53.6
39,74904.19,1516.31,678.68,27991.84,121412.9,17,13.96,18.84,50.17
34,72627.69,1445.52,728.48,63959.52,179404.86,8,23.17,21.0,79.41
21,74170.91,2761.26,787.13,72899.45,202118.59,0,21.35,23.89,64.51
65,76760.09,1117.78,746.84,35393.78,212814.65,37,13.48,3.4,53.2
69,49128.36,1000.0,693.61,37609.27,152522.62,45,24.42,21.56,42.3
64,40173.29,1430.98,561.09,10880.52,60687.76,45,11.16,18.14,42.63
42,23375.73,1000.0,547.48,500.0,61901.58,19,12.93,7.43,48.83
38,53473.15,1413.06,575.07,38477.84,160323.26,14,21.19,23.32,59.97
54,46004.4,1457.37,635.21,33299.0,78022.33,32,20.4,20.56,46.54
55,80908.96,2994.3,840.92,82930.06,219558.46,37,14.56,7.34,43.3
66,54823.95,1000.0,744.15,8498.27,113283.41,45,18.07,25.55,56.86
18,41452.7,1282.67,641.75,28357.44,126889.41,0,12.59,19.56,71.32
42,38606.36,1543.5,619.45,18721.23,55708.25,13,15.96,19.29,23.93
68,95798.76,2354.83,809.02,56474.87,280276.54,45,18.95,11.48,57.6
53,59602.45,2260.96,625.77,30040.99,33885.61,26,13.95,10.48,44.33
34,45932.92,1868.58,648.78,51022.67,48797.53,11,9.78,11.25,55.96
58,62232.75,2480.87,590.2,77296.52,238751.7,36,22.15,27.69,48.29
41,94144.0,3217.71,667.38,27065.17,187970.43,23,15.7,14.84,45.51
19,52985.75,1929.29,643.37,56422.63,139630.88,0,22.64,21.77,57.21
57,72366.19,2804.61,823.92,49914.56,247595.43,31,15.77,12.39,30.59
32,81356.3,3006.68,819.05,97860.78,228350.04,4,20.56,28.16,40.95
49,25954.37,1000.0,629.39,6483.54,84671.44,31,20.29,14.09,45.08
56,48508.58,1000.0,646.3,38581.94,68289.8,31,12.7,14.73,47.02
23,79099.56,1805.4,807.47,89426.94,47937.31,0,20.27,25.72,69.31
18,47412.54,1000.0,619.19,38787.73,79386.76,0,17.21,14.26,63.53
64,67463.26,1656.1,649.13,53663.14,233061.62,38,13.41,13.05,43.09
40,46347.33,1335.31,613.37,36510.42,126676.55,12,15.75,11.54,36.6
56,51980.07,2311.46,583.64,53645.66,27927.73,28,18.92,11.25,49.47
34,49787.45,2214.65,751.35,29109.54,86291.48,9,23.48,15.17,59.71
51,71460.06,2726.41,738.82,46337.95,90185.4,31,15.07,23.48,42.52
58,63628.44,2874.18,651.7,39938.78,232588.92,31,18.09,9.69,45.2
46,61779.47,2827.47,681.77,52614.58,144676.1,24,15.54,12.18,63.33
26,105134.91,4416.57,810.44,54825.02,426215.86,6,21.48,13.29,56.58
30,91314.55,1383.43,838.51,5763.84,65252.46,8,16.17,12.37,52.06
23,24337.61,1000.0,673.73,19727.42,7391.07,0,11.59,11.67,50.57
23,52018.63,1576.37,704.89,39582.69,146914.86,0,22.79,21.75,71.27
37,103676.35,1724.77,844.43,27630.86,422144.18,16,21.0,26.82,30.18
69,49657.38,1959.2,663.35,45965.06,129659.48,45,15.35,20.4,50.77
20,97579.43,1703.36,797.95,73668.84,359138.28,0,15.5,19.4,30.66
34,52326.12,1322.68,661.12,46359.69,51970.44,14,20.69,23.24,47.36
66,55788.04,1000.0,672.49,27479.45,136541.84,44,19.81,10.25,27.55
29,75544.28,2265.3,717.73,69313.86,237006.22,4,18.19,18.04,57.53
65,58376.27,1891.47,654.95,65101.19,134664.97,40,25.34,29.3,25.15
64,68903.24,2549.83,659.0,33853.67,130703.31,44,14.23,24.5,27.6
62,88349.08,2104.07,754.48,47262.55,247683.72,37,13.62,20.65,45.42
18,73658.42,2370.65,661.97,68702.93,148613.25,0,16.89,14.3,54.23
34,62547.58,2312.48,662.29,56774.98,123875.99,9,12.02,17.01,68.51
20,90123.48,3415.79,765.42,9692.88,99071.6,0,20.22,14.92,75.03
43,75780.37,1709.21,739.04,87017.7,119937.76,16,17.94,24.53,33.66
32,46796.22,1000.0,651.31,36550.02,81251.38,5,20.44,14.71,46.11
53,95641.35,1315.45,809.17,98160.37,198361.53,34,17.29,11.97,43.56
49,71562.58,2726.68,733.09,38251.48,122373.82,22,18.82,23.9,61.99
49,56153.82,1423.38,749.17,26152.81,64317.37,30,16.54,16.65,44.76
21,23625.28,1000.0,645.48,1667.39,48652.18,0,16.53,20.32,30.41
35,35203.63,1000.0,588.31,29484.43,57942.94,11,7.87,14.7,57.4
66,90602.43,3446.37,813.16,94712.97,198068.08,43,14.57,9.36,39.55
36,91313.97,2964.36,766.05,82860.23,368347.53,12,16.24,16.73,69.76
60,61535.11,1797.65,609.39,51754.86,195156.09,35,10.73,8.6,50.06
69,28135.6,1000.0,614.33,27799.65,61351.53,40,15.88,6.29,55.64
52,40434.45,1000.0,597.56,10887.54,48819.56,34,17.15,16.51,57.27
57,30772.17,1000.0,561.76,500.0,38146.59,32,18.54,14.55,36.71
31,30118.0,1000.0,564.11,20040.38,82350.41,11,12.28,16.6,25.13
50,96482.44,2217.48,755.49,57752.97,269552.52,30,17.34,22.8,69.03
31,97078.52,4010.69,850.0,85305.93,92828.22,8,14.97,11.81,59.38
51,39824.75,1269.64,565.24,35231.06,125332.16,30,20.5,13.74,37.78
21,59842.77,2202.86,672.61,44747.23,110025.19,0,14.87,15.06,21.55
41,36873.67,1000.0,534.64,24667.73,129563.41,20,10.06,13.56,64.93
46,59725.72,1272.31,646.25,64031.62,214042.14,19,19.72,21.4,53.48
36,89507.47,1791.15,709.41,109412.92,87532.98,10,17.25,27.26,65.99
23,79416.94,2813.95,761.5,87330.54,62284.81,0,12.61,19.67,56.85
50,74555.93,1799.38,655.1,55873.23,144884.11,30,13.12,14.12,39.97
66,56504.76,1469.28,733.91,22653.45,62262.55,45,16.1,28.01,39.05
57,82715.41,2989.12,689.0,40135.1,69836.71,39,12.91,18.36,45.56
36,71640.04,3216.16,668.17,77283.6,233151.2,18,16.74,21.63,50.41
18,67270.48,1203.86,732.16,4650.63,222184.31,0,12.4,23.7,39.52
22,57922.63,1000.0,758.3,72316.61,165528.26,0,11.06,15.02,49.54
44,65730.71,1248.55,677.54,55995.61,230290.97,23,14.13,15.84,58.75
33,65188.53,2411.89,722.31,66048.26,95407.21,5,17.32,18.78,52.05
23,50254.23,1000.0,603.76,17348.62,153139.57,0,16.62,16.47,60.63
57,46051.5,1472.65,615.17,68715.05,130428.88,37,19.23,15.96,52.95
30,42055.67,1353.23,621.28,41880.71,115726.15,5,10.29,6.25,63.72
65,43208.46,1000.0,592.38,47903.56,120887.69,40,21.28,25.55,54.47
52,56614.15,1000.0,721.16,6533.44,181437.99,29,29.27,31.4,42.55
36,53651.67,1384.57,697.05,44304.71,160229.41,10,13.27,11.72,32.42
29,48826.79,1000.0,622.56,48708.83,81399.79,0,6.05,9.5,70.16
33,47493.93,1000.0,532.14,14498.21,104109.26,6,6.04,6.16,35.98
60,65253.84,1952.37,663.1,29792.67,239372.13,42,14.04,17.63,43.46
27,84796.93,2962.58,811.05,103762.96,100015.21,2,15.01,18.38,51.24
42,59803.52,1000.0,673.79,25780.6,90465.25,19,16.01,14.5,42.66
37,58626.05,1862.98,721.94,27152.57,66721.88,19,18.4,16.63,65.04
48,43172.04,1000.0,703.84,22915.45,152046.3,27,7.89,9.45,46.34
21,55984.74,1956.29,695.26,73546.66,158129.66,0,14.74,12.4,34.05
61,81426.05,3216.91,795.14,63839.24,251546.76,37,15.61,17.78,50.69
40,78674.3,3099.8,710.41,50619.22,133638.37,15,28.05,13.93,53.19
19,77423.53,1922.33,784.62,50094.37,271986.63,0,10.83,12.95,57.81
39,76845.64,2413.64,721.02,69117.19,162649.62,10,13.89,23.45,72.83
68,67861.19,2643.63,669.08,6173.26,304078.29,39,16.95,20.25,37.61
54,67221.73,1000.0,796.82,500.0,273794.15,31,12.96,9.29,31.68
25,64405.51,2105.25,692.31,12025.51,191982.4,0,22.11,15.86,90.15
24,52496.06,2120.0,625.42,43249.1,54535.06,0,10.15,9.49,36.63
31,61506.59,1532.25,703.65,51441.7,58577.74,10,11.57,9.88,72.65
20,63880.79,1768.24,642.78,52342.83,167396.03,0,22.48,24.18,80.51
67,71397.03,2555.37,657.69,80069.36,229276.66,45,11.19,8.93,40.29
33,61804.62,1000.0,675.97,21053.83,91168.13,12,20.35,22.56,67.4
36,97892.9,2482.03,728.87,50843.57,144475.75,9,17.53,16.53,38.92
68,38223.38,1000.0,593.32,13543.13,86166.95,45,10.73,14.1,50.72
35,73580.56,1000.0,661.71,10718.25,142647.86,12,14.82,18.67,62.23
69,59257.61,1127.82,721.89,18808.35,129671.04,43,10.32,14.64,31.3
33,60038.63,1542.76,755.92,41058.88,130107.73,10,20.54,27.74,68.6
25,45373.64,1000.0,573.59,11485.12,79274.79,7,15.22,22.5,63.66
50,78348.18,2552.58,830.97,74312.79,198834.14,28,22.29,16.7,72.29
66,71751.15,1969.93,749.48,45418.01,202350.13,40,23.06,32.06,52.05
29,75005.47,1036.28,735.95,45880.19,166295.27,7,20.21,20.05,25.46
28,63046.42,1366.09,620.61,39733.48,104539.25,5,9.04,13.39,52.28
22,54151.89,1000.0,588.59,34591.79,106955.98,2,10.57,17.16,49.36
44,58801.89,1436.99,674.78,51814.9,77896.21,19,20.13,14.3,65.07
29,67802.38,1433.14,695.64,58871.77,88394.22,2,17.06,25.72,37.43
34,23899.63,1000.0,558.43,23748.99,82043.54,6,15.64,17.65,80.4
23,75712.79,1722.23,729.33,73830.51,54909.67,2,17.13,24.11,56.02
50,103671.47,2592.34,778.86,31637.85,146537.57,29,18.22,17.62,67.97
22,68646.03,2517.79,695.86,78812.59,148360.75,0,20.12,15.0,34.56
45,54943.32,1567.57,664.63,61910.12,47339.45,16,6.86,13.32,43.56
31,57097.77,1772.8,786.99,57301.83,44048.79,9,14.11,10.53,73.67
22,72735.76,2949.06,616.07,28617.76,179831.77,0,17.61,15.64,44.02
50,55350.8,1073.6,682.94,36872.66,122952.21,24,16.58,4.28,33.32
67,75636.15,3439.39,730.71,80924.43,148381.83,42,11.09,20.24,44.78
65,56865.47,2416.98,671.52,22918.25,39448.06,41,9.42,9.65,56.2
58,90855.3,2003.52,789.06,64193.47,77481.39,36,17.12,16.06,43.87
36,90358.73,3818.98,850.0,58775.59,218149.27,10,18.72,18.92,50.47
39,54056.95,2034.26,677.71,6180.25,207851.22,13,23.18,24.57,54.63
22,58541.57,2548.03,608.37,43973.8,188781.43,0,11.46,7.27,47.69
19,59597.36,2117.96,694.96,40537.98,98530.7,0,13.49,7.83,59.53
47,59838.61,2093.31,672.33,27681.07,185292.3,28,23.94,27.9,36.63
64,42946.28,1000.0,601.1,12452.69,198359.59,43,19.62,16.67,33.66
56,40429.31,1144.97,629.7,25722.5,1000.0,31,8.47,13.19,49.43
21,82495.64,1581.9,742.18,25000.76,83182.29,3,21.63,18.3,48.74
50,79616.17,1855.27,728.63,70120.24,183577.06,28,22.12,24.3,64.16
30,79305.37,3578.83,733.32,20365.54,220836.63,5,18.91,16.3,48.12
37,58751.19,1000.0,623.38,52985.35,36199.22,18,10.01,13.57,54.74
24,94056.21,3440.85,814.43,51104.03,198993.81,5,16.43,19.64,59.89
32,59595.56,1088.5,672.59,27920.68,59301.25,7,12.82,15.39,45.01
40,75531.77,1000.0,738.5,49111.18,245315.57,13,20.2,21.4,51.51
31,35004.8,1022.63,566.07,37932.7,52558.02,2,11.35,12.83,50.84
40,55864.76,1000.0,617.22,63082.82,264530.94,14,14.26,8.07,37.73
36,57195.22,2555.61,654.86,53322.17,65047.1,12,12.71,6.12,62.47
46,58821.22,1134.66,675.16,29992.73,198776.1,21,8.09,4.7,40.9
37,36141.02,1000.0,589.93,24716.08,44752.71,15,26.59,20.1,44.27
46,72669.86,1000.0,721.87,42198.39,268421.9,28,19.28,23.26,52.51
41,78514.99,1844.63,638.68,59959.82,242382.07,20,25.21,12.46,69.78
35,46610.53,1000.0,730.0,31364.97,45909.24,16,9.08,13.71,47.33
27,39347.85,1146.19,583.57,8202.12,17562.08,7,21.53,16.87,52.67
58,46159.05,1354.94,586.33,17929.51,103446.56,29,12.63,16.28,48.41
25,68918.98,1000.0,758.21,15525.53,127762.16,5,19.54,26.5,51.26
43,49261.14,1009.96,595.45,34264.69,154983.22,17,19.88,19.89,41.56
46,57586.83,2317.11,681.85,40747.17,49147.3,19,23.31,25.86,54.01
27,40677.71,1135.65,569.7,29062.44,46555.6,6,13.84,11.33,48.45
34,95627.16,2580.69,773.21,89863.61,16291.56,15,14.54,12.22,34.16
19,61317.58,2194.71,670.84,9066.21,93023.88,0,16.06,21.96,50.7
23,80694.88,2931.6,708.32,35283.62,189676.0,3,21.02,30.23,51.42
22,68877.06,2610.35,746.01,63804.78,230281.44,0,14.21,19.01,50.06
45,59246.16,2380.67,741.51,62106.06,190670.02,20,13.81,5.62,34.33
58,58314.08,1180.38,640.5,61348.68,204637.64,30,8.09,5.29,51.93
22,46945.61,1000.0,646.72,35405.54,60719.56,0,9.8,10.03,64.31
35,51891.66,1306.4,596.27,73994.78,157301.67,14,17.41,19.35,50.95
43,41859.56,1716.38,630.34,23054.54,46444.13,20,18.6,15.02,47.44
37,39896.41,1000.0,656.64,31145.04,22786.3,9,19.5,21.63,55.51
58,97554.76,3092.34,797.73,117518.55,121496.52,40,31.14,21.45,56.86
66,65020.42,2332.25,669.57,10935.24,235174.62,39,23.94,26.79,41.91
44,86382.91,2465.96,747.63,103275.6,196394.16,19,17.88,18.37,58.28
66,45706.88,1000.0,615.45,5759.65,112653.98,45,9.89,15.39,36.1
29,37471.14,1000.0,602.92,32146.8,128536.75,7,12.47,4.47,36.65
24,42399.99,1000.0,597.83,25745.92,89490.45,5,11.48,14.55,48.34
20,52402.71,1166.11,664.99,19959.15,100203.37,0,16.07,12.49,55.78
27,60657.0,1000.0,627.98,56645.22,48724.5,1,20.52,19.44,51.33
51,57283.14,2102.91,546.4,16630.79,73799.76,29,18.13,15.49,58.09
42,46082.56,1955.43,686.19,56738.82,137106.55,21,22.49,16.91,51.78
52,61578.87,2070.1,682.11,40154.21,163944.16,33,18.14,17.46,64.71
33,63156.95,2171.97,694.8,12070.88,34664.79,4,9.94,15.18,59.77
19,72640.98,2051.24,684.21,84393.7,113601.27,0,14.41,22.02,33.86
41,86467.78,1530.58,740.04,10082.75,123797.44,18,20.66,16.93,46.61
27,53449.91,1000.0,612.38,46269.41,125888.49,2,16.49,21.86,42.69
55,81878.65,1962.29,798.61,52248.48,247092.37,30,24.73,28.6,58.15
39,61186.88,2297.54,660.98,64205.42,181926.78,17,16.15,11.39,59.28
43,32508.26,1447.09,528.01,37008.92,43224.83,21,12.37,15.06,56.58
60,92098.87,2474.65,806.7,83753.38,143328.63,33,11.34,17.08,29.35
56,100905.66,2490.32,850.0,117219.0,360843.73,36,16.06,15.11,44.91
44,71143.74,1946.87,705.22,500.0,227085.79,20,18.66,17.67,62.86
46,61616.13,1648.8,752.79,64893.21,104095.75,23,17.21,19.73,54.39
64,55114.71,1838.77,678.59,43126.57,170173.27,45,18.49,17.94,18.62
55,51648.94,1909.54,649.31,22718.87,216888.31,34,17.42,16.73,70.83
37,81792.62,3162.53,741.24,57294.3,138817.54,14,17.61,14.07,51.87
44,59689.08,2038.59,701.53,53332.82,177504.64,16,10.96,9.82,52.53
58,90130.92,2441.72,818.89,69688.69,59099.17,35,19.02,15.07,48.93
37,60627.52,2677.93,705.29,6307.31,89133.76,9,15.84,14.23,44.4
61,52577.76,1903.35,669.47,3503.59,58549.32,32,22.12,20.12,28.37
36,49176.59,1314.09,650.73,24049.46,68994.68,7,21.56,17.13,47.61
37,46613.11,1276.55,671.4,18649.02,185182.54,17,12.27,9.14,55.04
52,69254.62,2753.98,679.08,29583.06,112433.45,29,13.82,10.34,45.31
64,36699.12,1000.0,542.21,31796.79,57681.68,35,6.9,9.74,47.64
19,45269.93,1344.93,644.16,32806.45,90748.48,0,13.7,6.94,46.42
47,83840.69,1862.81,705.98,96910.39,304060.78,24,16.01,20.45,46.23
51,42818.11,1732.58,561.28,34058.7,89883.05,22,27.32,30.42,58.51
39,75528.69,2259.03,799.43,37338.58,109639.09,13,11.98,19.76,46.69
20,22865.79,1000.0,419.07,9437.13,52265.23,0,12.58,12.12,46.98
23,86101.57,3603.85,786.4,62417.98,279233.56,4,15.4,13.1,59.88
32,37135.83,1603.67,563.03,39431.77,31453.44,11,13.84,11.75,49.67
44,44224.91,1767.81,596.56,38353.08,71385.52,18,12.76,9.01,38.22
27,72246.17,1060.5,736.18,65589.74,159593.63,6,21.28,23.39,52.7
26,64867.35,1769.82,799.35,29402.85,113081.07,1,18.69,8.45,48.8
50,76109.77,1822.4,759.88,50469.51,29135.63,23,21.5,17.41,39.64
49,36991.27,1000.0,565.09,49778.92,109487.8,20,9.94,9.05,70.34
65,54837.5,2346.96,662.47,27649.46,226757.53,45,20.88,17.37,40.44
23,48892.59,2061.75,633.7,33484.39,128068.87,3,12.48,10.85,54.69
58,40016.6,1120.86,526.75,1500.89,53745.13,32,6.97,10.61,41.07
53,70726.15,1201.31,714.78,52887.09,57569.25,25,16.16,19.39,62.96
19,76974.93,1000.0,700.64,51010.47,81208.38,0,18.26,19.36,69.83
46,53936.41,1462.52,695.08,23134.98,106622.15,21,9.14,6.49,52.69
21,87408.8,1209.02,748.36,54450.94,344771.65,3,23.11,12.31,65.5
18,45857.4,1504.97,707.17,32663.12,174907.79,0,10.53,21.02,31.94
36,86972.41,2850.98,776.78,114385.71,268174.09,17,14.43,19.81,65.03
43,70120.3,2977.63,719.96,67411.59,88094.17,23,17.01,26.34,58.64
42,37975.79,1000.0,702.36,42866.47,136521.58,14,18.08,19.88,42.79
27,95667.44,2380.19,800.52,36634.86,206135.29,8,13.49,21.5,44.08
32,51999.4,2139.85,729.97,37219.68,164367.88,12,19.9,9.99,51.27
39,81692.12,2312.69,694.2,22504.86,187069.8,14,7.37,3.48,72.59
68,62621.68,1000.0,597.08,20926.9,84644.04,40,17.92,14.39,43.67
65,66739.94,1080.71,710.32,38434.84,24764.05,37,11.03,13.37,36.21
38,76221.72,3019.54,782.69,55895.05,260370.72,9,13.63,11.13,41.37
39,75225.32,2805.15,674.07,57668.89,180548.05,16,26.21,28.44,31.66
53,53841.36,2244.97,641.75,55757.91,151283.33,29,10.44,16.98,55.11
51,69569.98,1145.26,633.28,45401.46,281673.11,24,16.68,21.5,58.27
47,68218.8,2581.89,703.24,30707.17,176094.75,20,11.49,16.44,12.5
42,63844.1,2192.2,690.99,53009.78,86315.04,19,20.23,20.7,69.47
62,56340.3,1140.5,696.44,43195.7,160326.79,44,17.68,25.58,45.57
45,63808.17,2869.04,668.86,55716.16,1000.0,17,19.13,27.31,43.29
18,95415.73,3006.72,774.31,59676.69,108660.76,0,25.2,21.43,38.47
66,54689.51,2336.84,692.34,500.0,10346.82,45,13.78,10.28,30.0
62,81718.57,3361.61,754.87,57247.59,69449.16,33,23.54,27.54,55.0
21,48846.54,1152.98,664.76,29827.18,77235.92,0,22.33,30.02,66.84
24,44136.34,1340.21,670.77,40416.47,63928.77,0,15.84,28.58,39.94
66,118975.19,3197.93,850.0,74263.63,80126.35,40,16.37,19.63,24.27
26,69720.44,2519.41,804.12,39397.22,248761.07,0,10.95,11.78,47.47
53,70215.24,2254.01,730.67,54084.25,248683.98,31,19.23,12.79,37.32
36,70714.1,2733.93,732.3,50898.1,180681.23,15,11.54,12.7,50.13
